latitude,longitude,magnitude,time,catalog_id
-41.71949880427044,172.5506248298504,4.1,2016-11-24 00:26:38.466041,0
-41.83371030673038,174.2798302945952,4.2,2016-11-24 21:15:32.932895504,0
-41.73888167788849,174.3005706048814,4.1,2016-11-29 10:47:41.375043531,0
-41.67834990734236,174.27558000981745,4.1,2016-11-29 14:44:24.129418223,0
-41.77057843377196,174.3662251882401,4.5,2016-11-28 14:25:31.902045758,0
-41.66244538948957,174.34375203205633,4.6,2016-11-16 17:27:42.469488599,0
-42.30941093237281,173.43038502637407,4.5,2016-11-17 01:35:45.716471748,0
-41.67375246517874,174.25328550115034,4.7,2016-11-27 00:28:46.600978743,0
-41.642329471920064,174.31783964732375,4.3,2016-11-27 08:47:24.950350453,0
-36.99426113845411,179.22214706792067,4.8,2016-12-04 05:18:59.098084583,1
-42.018441770051965,173.7948263945791,5.1,2016-11-22 11:09:41.044360030,1
-41.70547750271748,174.10044912145744,4.3,2016-11-15 21:42:02.743286101,1
-41.95941155354725,174.02467163249955,4.8,2016-11-15 03:28:16.031768260,1
-41.74932966109719,174.1658880649682,4.4,2016-11-17 03:46:51.077249905,1
-42.12655891882126,173.85844475773555,4.5,2016-11-15 08:07:17.376425391,1
-37.001849508254985,179.19469558750362,4.6,2016-12-09 22:04:41.542364798,1
-41.73388137109045,174.07454349916438,4.1,2016-12-09 05:58:01.168488909,1
-43.56051195471308,172.9087963669512,4.7,2016-11-25 17:22:06.940417,2
-37.212408891549664,179.09780195039903,4.1,2016-11-26 11:55:02.508260,2
-36.28234397494437,176.73833265296597,4.1,2016-11-29 22:11:55.496903,2
-38.341741648509135,179.12508334486785,5.3,2016-11-30 22:49:46.320227,2
-35.75116643995803,179.48850631577088,4.5,2016-12-05 02:32:36.727672,2
-45.568655722587074,166.6605554858803,4.3,2016-11-23 08:50:51.506857782,2
-41.5890509802571,174.54117072155046,4.4,2016-11-23 23:35:38.309998685,2
-38.28517824008632,176.03711894041746,6.3,2016-11-23 20:13:04.238700127,2
-37.32062484957737,178.97031041201524,4.6,2016-11-16 15:47:27.336678154,2
-41.97258297660317,173.67739445765147,4.3,2016-11-19 15:16:09.439108880,2
-42.860310904341375,173.12083746368538,5.5,2016-11-17 17:04:09.191417694,2
-42.29820468537755,173.6806527536722,4.3,2016-11-20 18:42:02.024823052,2
-42.52683753564983,173.09222863054765,4.1,2016-11-16 04:47:56.397223784,2
-41.75130932666158,174.15055793961926,4.2,2016-12-05 06:53:00.353234257,2
-42.161403359947386,173.98390221473943,4.3,2016-11-17 22:44:42.207746261,2
-41.57561479993927,174.49447844946923,4.5,2016-11-23 23:37:55.981058763,2
-43.40914855255028,170.0388029753077,4.4,2016-11-14 20:00:18.825063692,3
-39.08518045153221,177.01151120491065,4.5,2016-11-20 13:19:30.310318985,3
-42.55378978915201,173.08316849596096,4.2,2016-11-17 21:33:14.405589750,3
-42.72588262411198,174.54563943049348,4.2,2016-11-14 00:09:31.985838964,3
-41.73864578541969,174.18747787895546,4.6,2016-11-30 12:33:04.750037470,3
-42.70089856632304,172.819290507127,4.8,2016-12-01 11:06:12.618904640,3
-42.51995724460959,173.79650137299564,4.1,2016-11-14 16:06:50.684630112,3
-41.68342286435856,174.36823447931772,4.8,2016-11-15 07:50:52.189966705,3
-42.37870365878796,173.20296196704032,4.6,2016-11-14 02:11:28.475100604,3
-41.91600030373457,174.04097070866413,4.3,2016-11-21 17:13:18.115765619,4
-36.96384889445572,178.8826360026622,4.3,2016-12-09 14:36:30.061925624,4
-42.40242639206566,172.20560835505137,4.1,2016-11-14 05:27:34.549484959,4
-41.77533649967646,174.3228055687302,4.8,2016-11-19 12:41:25.502732274,4
-42.62819861139443,172.73519591039022,4.3,2016-11-22 08:47:19.008346721,4
-41.7726022813277,174.0795994371616,4.5,2016-11-16 09:43:18.523437256,4
-42.512219215274975,173.14338823644002,7.1,2016-11-25 09:49:57.744874826,4
-41.91488829629014,173.9654143572503,4.1,2016-12-05 06:07:24.204625042,4
-41.76221696312445,174.06255295552833,4.2,2016-11-16 09:45:15.536580392,4
-42.78099000637537,172.84129429020803,4.1,2016-11-30 10:12:50.128573689,4
-38.20330973872338,176.32862805666988,4.2,2016-11-26 18:52:09.828754,5
-38.21041980634263,176.3368962834441,4.1,2016-11-27 05:27:03.742057442,5
-38.971703154406825,176.44167017663156,4.2,2016-11-15 20:49:07.321110842,5
-37.15563151131784,179.0522093876945,4.1,2016-11-15 16:22:24.460150330,5
-43.08893361309278,176.04303768617663,4.1,2016-11-20 21:38:00.639462373,5
-42.307778292661865,174.24186154407778,4.3,2016-11-15 06:38:30.717035221,5
-41.70152917891918,174.18346060411642,5.7,2016-11-14 19:40:50.546725760,5
-42.433702445311965,173.29485838058577,4.1,2016-12-04 21:00:56.637039916,5
-42.43314222639534,173.31488546240942,5.5,2016-11-15 12:24:15.532629108,5
-41.75241502636559,174.19153341500055,4.1,2016-11-21 01:20:03.593649694,5
-41.70274181093105,174.25905484027655,4.1,2016-11-14 07:07:15.037637707,5
-42.10441726364817,173.3186302985553,4.8,2016-11-14 18:48:30.275081748,5
-42.59521409228659,172.81281729079353,4.4,2016-11-14 05:32:39.954470308,5
-42.446023154653496,173.2865054142116,4.3,2016-11-24 08:46:04.313635780,5
-42.47582535278966,173.32223833667337,5.3,2016-12-11 23:58:34.379170693,5
-35.54914971783282,178.97572603647745,4.6,2016-11-23 15:31:05.703642,6
-35.14396627870676,178.96912029565493,5.3,2016-11-23 18:32:03.619661,6
-40.46024929022622,176.72744941090068,4.4,2016-11-25 01:43:42.133118,6
-42.25889073330917,173.69723849381347,4.2,2016-11-15 08:35:30.133172454,6
-41.63830972703316,174.2311515583757,4.8,2016-11-15 09:29:08.443848486,6
-42.31842226663545,173.92027513328097,4.2,2016-11-14 11:58:08.909584967,6
-41.66971766578616,174.20620192009483,4.5,2016-11-26 00:35:31.907069796,6
-42.70233826438652,172.74448494074795,4.9,2016-11-14 04:25:30.237759473,6
-42.00763386657662,174.19455283530328,4.1,2016-11-14 06:34:30.739422586,6
-41.7575309401207,174.34869198031413,4.3,2016-11-14 02:55:47.655217424,6
-39.62816609912317,176.75237442821074,4.1,2016-12-04 06:34:01.714776,7
-43.53678330111554,172.05947634457786,4.1,2016-12-11 21:11:48.348939,7
-34.181294868569665,179.58686699093786,5.0,2016-11-21 07:12:21.261530008,7
-37.37681457247077,179.16157447613625,4.5,2016-12-09 21:18:36.929966555,7
-41.91595779378176,173.6501956213663,4.1,2016-11-29 07:37:43.863626630,7
-42.563599224581694,173.15218924492476,4.1,2016-11-14 07:31:18.071138792,7
-43.40205376732891,172.82713300229716,4.5,2016-11-23 23:07:20.065620516,7
-41.854448158445095,173.93826079843913,4.6,2016-11-28 12:55:11.127892447,7
-42.34432953012985,173.72286921810502,4.1,2016-11-17 13:13:10.040904745,7
-42.44599893778127,173.39004831860657,4.3,2016-11-19 21:17:46.313204459,7
-42.30515150788751,173.94906482491845,4.4,2016-12-01 03:17:01.037529624,7
-41.877774428650895,174.212900630698,5.1,2016-12-09 19:24:40.408082555,7
-42.42585344488667,173.70539022586186,5.4,2016-12-03 18:12:24.380923686,7
-42.4890254955304,173.20770729889034,4.5,2016-11-15 17:02:20.636815651,7
-42.183148299259166,173.6769889763423,4.2,2016-12-05 03:41:53.953807831,7
-42.19469203010351,173.58633518657962,5.0,2016-11-14 10:56:29.999703795,7
-42.49383774384153,173.22444935474417,4.9,2016-11-16 01:48:14.149040534,7
-36.30313845896782,178.4215866910554,4.3,2016-11-27 18:32:38.878253,8
-43.2983587554052,171.5261941356563,4.4,2016-12-09 08:12:50.214930,8
-38.72190267893125,178.5052007917868,4.6,2016-12-10 08:17:58.158745,8
-37.32773657159126,178.80422897547814,4.2,2016-12-03 03:15:52.660943303,8
-43.0283225636824,172.59819362842916,4.4,2016-11-14 01:21:07.018375807,8
-41.98604352970815,174.12367140717262,4.3,2016-11-14 00:00:38.953325718,8
-41.72446620172452,174.1789748376704,5.4,2016-11-14 07:03:54.923491217,8
-41.581077219460745,174.06579875868465,4.9,2016-11-14 14:04:53.354392943,8
-41.78995211291705,174.15742025756185,4.4,2016-11-14 03:17:02.969770273,8
-42.58799554530092,173.3587385869377,4.2,2016-11-14 22:20:37.098273701,8
-42.29773275902792,173.68090150719695,4.2,2016-12-03 03:23:03.555134100,8
-41.90366917730462,174.2309050003523,4.1,2016-11-20 14:32:23.893587892,8
-42.14421769715522,173.68914913577444,4.2,2016-11-22 11:57:04.135706144,8
-42.24605887943463,173.39408094474803,4.1,2016-11-16 04:17:00.735392560,8
-42.35464025088302,173.34012613504646,4.2,2016-11-14 00:08:21.186421554,8
-42.1287608131907,173.7114794436061,4.7,2016-11-22 12:16:46.279989395,8
-37.5464180420536,176.29614366956503,6.0,2016-12-02 23:34:48.621796,9
-35.0607990948535,178.81078245078166,4.2,2016-12-05 06:03:24.418288,9
-37.877396681661125,179.3845607595006,4.2,2016-11-16 11:45:27.515429127,9
-37.3788011149644,178.92113979489451,4.4,2016-11-22 13:44:42.553449120,9
-37.04569020586318,178.78549258566562,4.5,2016-11-23 18:49:27.190583841,9
-41.86753285410423,173.8459025964914,4.2,2016-11-14 16:45:32.470168777,9
-42.57223342129339,172.7074073232287,5.3,2016-11-15 18:41:45.867222995,9
-42.55248248775863,173.02994276321704,4.1,2016-11-19 14:27:39.672620855,9
-42.08292350674977,174.5233632917707,5.2,2016-11-16 13:38:37.060013208,9
-42.36531283553307,172.97259131559431,4.1,2016-11-14 00:10:46.283145650,9
-41.84739016821237,173.93283706548667,4.4,2016-11-14 12:59:53.944895339,9
-42.1250430699392,173.65023960926223,4.7,2016-11-17 03:35:50.158070678,9
-41.82878025036708,174.2502522741219,4.2,2016-11-27 21:01:52.062940069,9
-37.62877983300403,176.3661915887731,4.9,2016-12-08 12:03:19.082691,10
-41.69253638750958,174.23432083282643,4.2,2016-11-14 15:33:21.378815033,10
-41.705995554292045,174.13782924722668,4.1,2016-11-15 14:27:11.984347232,10
-41.67113488551781,174.23440225136324,4.1,2016-11-20 21:17:44.715609096,10
-42.66867170894363,172.87751692918133,4.6,2016-11-14 04:08:12.345165820,10
-42.293474110421776,173.51528842876053,4.6,2016-11-25 07:23:41.308372048,10
-42.62414206007846,172.8372230171952,4.1,2016-11-22 15:17:40.707758560,10
-41.816143575653705,173.998494899815,5.1,2016-11-20 14:55:02.378478823,10
-45.21515674503964,166.90606903053884,4.1,2016-11-24 23:07:49.404228,11
-45.149348072375886,167.68877713963744,4.1,2016-11-25 05:59:33.986759,11
-39.92798872472025,176.17152509781243,4.1,2016-12-05 01:56:35.597153490,11
-42.4058254147744,172.5430723652026,4.3,2016-11-20 15:16:13.461123815,11
-42.697622575784536,173.05524060252316,4.2,2016-11-15 16:09:37.762001885,11
-41.79376580255199,174.4538730799991,4.2,2016-11-19 22:16:05.295655906,11
-41.709259016941935,174.24196319155112,4.1,2016-11-20 03:51:57.425326379,11
-41.969903801396825,173.71604503386186,4.1,2016-11-25 03:03:20.226680492,11
-41.69872436228358,174.27236807617024,4.2,2016-11-14 12:16:29.948758904,11
-41.665956687795614,174.29488184750178,4.1,2016-11-23 15:16:31.217427020,11
-41.71038049158991,174.30761293490372,4.2,2016-11-17 23:17:31.694351272,11
-42.31608041413021,173.41184713687892,4.6,2016-11-15 22:23:25.340344669,11
-42.18765782658138,173.75930130953384,4.3,2016-11-14 08:47:06.786066288,11
-41.7523862571664,174.3773222730546,5.0,2016-12-02 08:39:32.788785055,11
-41.727698341211706,174.27128390139586,4.1,2016-11-21 03:11:33.235562035,12
-36.99727151519004,178.91327240539837,5.0,2016-12-13 18:48:46.857165675,12
-42.50563869388626,173.63937358503125,4.6,2016-11-24 13:46:27.057130578,12
-42.42663826854714,173.1411586753388,4.4,2016-11-15 19:52:19.141509842,12
-41.94055525506634,173.97460297674616,4.1,2016-11-14 03:57:17.273354718,12
-42.61509566765392,172.93639870982423,4.8,2016-12-03 11:28:15.187978298,12
-42.14024305620258,173.63303118141786,4.1,2016-11-15 11:16:25.019126674,12
-42.00309567005782,174.59151410945418,5.4,2016-11-18 08:45:03.242290595,12
-42.07456557543802,172.98815491017135,4.6,2016-11-14 01:25:23.570552988,12
-41.75268524308158,174.40892403888483,4.6,2016-11-14 01:42:06.816465668,12
-36.99836964433418,176.5008086052674,4.1,2016-11-21 06:29:26.016510,13
-37.68259238892805,179.42347495292452,5.4,2016-11-30 04:29:35.626260,13
-40.60476301376876,177.15580284219718,4.5,2016-12-01 16:41:49.095505,13
-45.35411546814084,166.78100201492452,4.7,2016-12-08 08:32:31.805837160,13
-37.0442610714042,176.50318635031854,5.4,2016-12-12 23:58:31.072034939,13
-36.97952502658415,179.13960835612383,4.2,2016-11-15 08:07:31.027588033,13
-42.678633966234194,172.91284993153812,4.3,2016-11-26 04:44:36.662770468,13
-42.65274688397739,173.84020781394227,4.4,2016-11-15 10:02:51.947682631,13
-42.23562064072275,173.61135800879373,5.1,2016-11-17 09:15:38.117921836,13
-42.55257452396911,173.43122534979415,4.5,2016-11-14 03:47:39.545222622,13
-42.22455853099783,173.83279361230385,4.7,2016-11-14 08:21:50.402754894,13
-42.27971396707962,173.67712796372908,4.2,2016-11-23 04:59:49.924038300,13
-42.60301869811149,173.3749242292118,4.8,2016-11-20 22:07:02.203376187,13
-37.0128985915304,176.33860836599715,4.7,2016-12-13 03:46:23.046789028,13
-37.45067817226584,177.81912983028954,4.2,2016-11-22 02:05:39.297978,14
-37.57269478294022,179.63140885436238,5.6,2016-12-04 05:25:21.266505,14
-37.054118594720926,179.1450619492249,4.3,2016-11-14 07:26:17.972094051,14
-42.69998321387867,173.38166277089917,4.4,2016-12-12 12:35:42.698122220,14
-42.37598713319291,173.60213052386754,4.2,2016-11-16 01:52:32.853003099,14
-42.52931368352114,173.31986830881442,5.1,2016-11-17 05:33:25.445617498,14
-41.67250007778306,174.09437639020922,4.1,2016-11-14 20:09:36.630357511,14
-42.07019012987986,173.8516538130604,4.5,2016-11-16 09:40:28.507205815,14
-42.61720799812339,172.99769135348745,4.2,2016-11-14 18:23:30.760115981,14
-41.80012311861472,174.23457978307263,4.3,2016-11-26 09:55:42.396336861,14
-41.70702056834179,174.00168212871054,4.3,2016-11-21 04:12:38.668122058,14
-42.09780905354592,172.94828745815184,4.1,2016-11-17 16:37:49.332155087,14
-36.40977220610786,177.59850060587934,4.2,2016-12-10 07:36:59.369020,15
-36.1605147265598,179.81059651090402,5.2,2016-12-12 01:25:05.829734912,15
-42.5658229013544,173.0982116015089,4.1,2016-11-18 09:34:59.517138744,15
-42.14155504770696,173.82473865337747,4.3,2016-11-22 15:09:49.039629908,15
-42.46833714039523,173.7377679262705,4.4,2016-11-20 09:59:14.209551638,15
-42.1501056494004,173.39247406743596,4.2,2016-11-14 10:19:54.669411094,15
-41.66970053728233,174.25762997338973,4.1,2016-11-14 12:05:30.118981144,15
-42.62696162442332,172.86287782686654,4.4,2016-12-08 10:35:24.903225590,15
-42.35592483876782,173.86281784440612,4.4,2016-11-14 12:56:29.190934068,15
-38.66339244745726,175.15947406212783,5.1,2016-12-10 03:22:16.442983,16
-42.31803647516077,171.49476279673198,4.4,2016-12-13 06:31:45.854452,16
-37.11186579693526,179.0841938282258,4.4,2016-11-27 06:02:49.653186622,16
-36.89021359621104,179.2852215656155,4.7,2016-12-13 03:00:28.509605246,16
-41.977340028799055,173.71068084538993,4.2,2016-11-14 15:35:19.766281118,16
-41.70597805460149,174.19731664327233,4.2,2016-11-16 12:12:59.153295322,16
-42.76054221557708,173.10000624894252,4.2,2016-11-16 01:53:32.145610874,16
-42.25999842391847,173.90069336087095,4.2,2016-12-10 17:35:25.062752838,16
-42.53748825999513,173.91763362507322,5.1,2016-11-21 17:13:36.206248278,16
-42.14682640322715,173.7977252879101,4.3,2016-11-14 02:23:44.820097374,16
-37.30847304689531,177.7139937136955,4.5,2016-11-14 18:56:38.888004,17
-35.40263982631093,179.2289394441649,4.2,2016-11-20 16:47:46.310491,17
-38.92763310620115,174.87667984005586,4.4,2016-11-21 05:25:09.725955,17
-38.42273621370661,175.86487985532244,4.2,2016-11-28 01:31:43.714540,17
-37.317467677762416,177.27802615776932,4.7,2016-12-04 17:48:34.390043,17
-37.2194082316631,179.3978439029825,4.4,2016-12-10 03:45:15.370658,17
-45.216490918006976,166.8110450716762,4.7,2016-11-26 20:06:44.955557327,17
-43.48537495520191,172.78265167696844,4.2,2016-11-26 21:35:22.069325503,17
-41.839294679513365,173.99324516544593,4.3,2016-11-18 21:53:57.389029310,17
-42.4069990683331,174.29543916574625,4.1,2016-11-14 20:35:09.967124357,17
-38.62463614115664,175.5971789817439,5.0,2016-11-15 23:24:49.036740,18
-47.60914368280802,165.26160083232836,4.1,2016-12-03 06:09:53.255872,18
-37.16578632974263,179.12060782666595,5.5,2016-11-25 16:09:33.273285463,18
-37.16456750441421,179.2946238805204,4.4,2016-11-15 15:32:14.162047475,18
-42.3076154008484,173.55384927516306,4.2,2016-11-27 22:18:18.139522119,18
-41.89774266017169,173.91051078381255,4.6,2016-11-19 08:07:22.248406103,19
-42.018218039740376,173.74371741608363,4.5,2016-11-14 15:27:33.679844442,19
-42.28557765808962,173.7718394023994,4.4,2016-12-12 23:20:58.598306083,19
-41.82806711494289,174.1837382810413,4.4,2016-12-05 21:40:38.600959069,19
-42.39311982858208,173.31360316110525,5.7,2016-11-17 03:48:41.034779197,19
-41.73856099376163,174.29440066672845,4.1,2016-11-14 13:53:40.803310435,19
-42.715077512917006,172.8476357125656,4.1,2016-11-18 03:02:24.302255025,19
-42.29982125433026,173.78302503268668,4.1,2016-12-12 23:32:10.358543009,19
-37.98123650399666,178.82245748446567,4.2,2016-11-16 03:56:58.590083,20
-36.99662035645502,177.80911008983918,4.8,2016-11-26 04:34:12.375867,20
-39.0271528365183,178.0106746478425,4.2,2016-12-07 07:25:29.718528,20
-40.64794058610446,175.8308972312541,4.4,2016-12-09 18:35:41.971555,20
-36.052489222104086,178.20181191572115,4.3,2016-11-17 15:37:00.605376074,20
-38.59361887977727,176.71353690064484,4.5,2016-11-22 08:48:38.507428810,20
-42.41059848440717,173.93722442583316,4.3,2016-11-15 18:56:54.597821953,20
-42.31837226465982,173.914189355893,4.2,2016-11-21 01:30:29.642971753,20
-42.018745800161774,173.818170433644,4.1,2016-11-14 03:00:38.154455969,20
-42.406587339846034,173.34473984140791,4.2,2016-11-17 19:19:08.495458541,20
-42.40481999152531,172.9899356805838,4.1,2016-11-16 08:06:18.317090933,20
-42.44312912459941,173.2781224118611,4.3,2016-11-24 06:15:49.808427604,20
-41.68784922218655,174.332439274608,4.2,2016-11-16 19:12:29.555135017,20
-36.08087818675735,178.17398842107767,4.4,2016-11-17 15:43:31.099404051,20
-39.59099114745275,174.95979276107542,4.1,2016-11-18 20:54:50.190333,21
-38.65755473844448,175.74833457797772,4.2,2016-12-03 13:37:06.073202,21
-44.88775590832195,167.4838905425395,4.1,2016-12-13 18:07:19.454845,21
-41.8220809513012,173.99550978479658,4.2,2016-11-21 02:10:39.067793633,21
-41.73624078419033,174.271897985966,4.1,2016-11-17 12:37:54.459817468,21
-43.10049614103605,173.56076351491623,5.2,2016-11-20 06:24:57.602774389,21
-42.29438664931316,174.05032092569255,4.7,2016-11-18 18:21:34.911906393,21
-41.954670540802056,174.05536349678303,4.2,2016-11-15 17:02:54.712330434,21
-42.98561863302066,172.68091362860085,4.6,2016-11-14 16:25:18.755091179,21
-36.24219489848595,178.0671222278427,4.9,2016-11-28 02:35:18.040911,22
-38.279412204550894,179.43310670203937,5.0,2016-12-02 03:23:29.964966948,22
-42.30365420614639,173.77749588403148,4.2,2016-11-14 10:12:40.292473875,22
-41.921989548972114,173.86614129458363,4.7,2016-12-12 01:45:43.032038841,22
-42.38583876120362,173.19230656858446,4.5,2016-11-14 02:21:09.308034237,22
-42.5079658271675,173.8044903167188,4.3,2016-11-14 08:52:21.311990611,22
-42.27361427962088,173.66005810742467,4.1,2016-11-27 13:40:18.776915631,22
-42.589412873074,173.03065913095463,4.4,2016-11-25 13:48:10.392202462,22
-41.92254960283415,174.22353279246062,4.2,2016-11-14 00:28:44.758184634,22
-41.81810149440347,174.12304639260734,4.1,2016-12-08 12:38:46.952179703,22
-41.67876073468575,174.29895819714525,4.3,2016-11-15 20:05:58.896560882,22
-42.42187284182896,173.3957733552632,4.7,2016-11-22 18:04:42.467318194,22
-42.34061083024413,173.47412887373338,4.6,2016-11-22 15:44:00.030620957,22
-41.52928163857427,173.31359172001035,4.5,2016-11-28 12:11:59.343674,23
-42.80866993292526,173.02650136100283,4.5,2016-11-14 06:25:43.412048475,23
-41.78647407142476,174.057283933098,4.2,2016-11-14 04:00:42.247915717,23
-42.19419998128518,173.78670364386778,4.1,2016-12-12 06:16:07.382256371,23
-42.175891518867466,173.59638613421737,4.1,2016-11-16 06:12:49.101781206,23
-41.806392015860574,174.28417738146567,4.7,2016-11-16 21:07:01.821055102,23
-41.58843457193544,174.34649630551004,4.1,2016-11-15 00:57:17.503527536,23
-41.6874167134952,174.24967640999822,4.4,2016-11-16 16:48:51.381682664,23
-41.63506455095915,174.02334913714083,4.2,2016-11-22 03:25:13.391105871,23
-41.74423967686806,174.23389780628824,4.4,2016-11-30 13:41:42.714842374,23
-41.70303590418272,174.33378639418328,4.1,2016-11-14 04:51:49.487865437,23
-41.561518237930855,174.2546445578698,4.4,2016-11-16 16:53:10.313931189,23
-40.46744785180319,173.4572819416687,4.4,2016-11-17 10:50:45.009533,24
-37.80840249724547,179.47191261633952,4.6,2016-12-13 04:01:44.302267,24
-42.4783486943975,173.1308908577975,4.4,2016-11-15 15:37:28.506432460,24
-42.33071153120531,173.53524532509277,4.5,2016-11-28 04:57:25.023759319,24
-42.43415684405985,173.39731341010605,4.4,2016-11-19 20:02:06.664970360,24
-41.961712087645424,174.08439644714886,4.1,2016-12-08 18:04:22.257127257,24
-41.67479873132416,174.25284510327538,4.4,2016-11-22 16:52:59.401178371,24
-42.23384432007318,172.86796040337327,4.2,2016-11-17 03:11:38.297698770,24
-42.06129302517411,173.68287876301378,4.2,2016-11-14 07:12:22.683518238,24
-42.67087163703448,173.02365184307945,4.2,2016-11-14 00:12:14.271796837,24
-40.37600593782218,174.3564731100763,4.2,2016-11-20 15:43:37.740151,25
-38.8313678378708,175.23384163665307,4.2,2016-12-12 13:27:16.049935,25
-47.59594230116905,165.9702888735379,4.3,2016-11-20 22:51:57.745494991,25
-37.186624290340085,178.97191658246822,4.1,2016-12-13 12:19:14.164636874,25
-42.59990302318688,173.00163722401703,4.4,2016-11-20 16:53:21.333917812,25
-41.91784319791999,173.66404486069965,4.5,2016-11-19 19:29:12.531171323,25
-42.14824378712718,173.68873370728315,4.6,2016-11-14 08:12:14.697977041,25
-42.18364770161917,173.54396831506816,4.1,2016-11-15 06:08:28.258008149,25
-41.80229891932281,174.19734972537634,4.2,2016-11-14 01:26:52.171288832,25
-42.68203361328943,172.71593701531015,4.1,2016-11-14 05:26:34.796258395,25
-42.33465999372892,173.91826521756812,4.1,2016-11-14 13:53:43.837835210,25
-42.632253593909695,172.8521627450352,4.3,2016-11-27 22:54:39.740203672,25
-42.23562016866581,174.01724549165706,4.5,2016-11-15 13:17:37.780762488,25
-38.31744760142806,177.66959572281607,4.3,2016-11-19 04:12:44.805541,26
-47.409580312446174,166.00253107871458,4.5,2016-11-23 22:02:58.634259516,26
-41.9703939053543,173.97704480720824,4.2,2016-11-14 19:17:15.777862604,26
-42.67759016622605,172.9317047495883,4.4,2016-11-14 16:24:17.853827462,26
-42.24726395872371,173.7005191778262,4.4,2016-11-14 18:44:29.922596127,26
-41.999177431033566,173.99111156342457,4.1,2016-11-26 10:49:28.763194257,26
-42.66598733352601,172.77104232083343,4.1,2016-11-14 06:58:39.705483685,26
-42.08812110273267,173.87112472620902,4.2,2016-11-14 00:48:53.993632872,26
-39.52565923605695,177.2206131845578,4.3,2016-11-21 07:45:32.148749,27
-37.07777218952569,177.2595949020606,4.5,2016-11-27 06:41:29.949898,27
-37.21895720726811,176.4555427365767,4.4,2016-12-06 12:42:25.869900,27
-45.1800842764299,167.53708309412056,4.4,2016-12-09 18:46:57.501808527,27
-42.591552062229376,173.33155234566485,4.5,2016-11-14 07:08:57.686993503,27
-41.61619945694836,174.1844501920481,5.2,2016-11-23 16:22:02.936652637,27
-42.13347031742461,173.6463740471399,4.3,2016-11-14 07:28:29.108826951,27
-42.3962310973259,173.81023108948114,4.6,2016-11-14 04:58:33.556934744,27
-37.30607961002249,179.0211092712684,4.2,2016-12-09 10:47:16.489395510,28
-43.10259425075724,172.9133993796857,4.5,2016-12-02 08:03:15.214975364,28
-42.25136494198672,173.6731578590075,5.2,2016-11-17 19:37:17.064653421,28
-42.04047595046805,173.84745427110732,4.2,2016-12-04 18:26:00.870175991,28
-41.85239751035263,174.14531046367065,4.3,2016-12-13 16:17:59.289447795,28
-41.8929992062672,173.87371623181264,4.2,2016-11-14 16:54:22.661489775,28
-42.36093230275678,173.43489189080782,4.5,2016-11-20 23:02:34.220608433,28
-41.70052643605652,174.358942371765,4.1,2016-11-18 10:30:59.159699481,28
-42.0463913510578,173.85461494240738,4.6,2016-12-05 03:38:36.382573841,28
-36.033996674222834,177.928923795858,4.3,2016-11-27 03:52:38.700514,29
-40.31717164112655,173.6276213940677,4.2,2016-12-07 18:24:58.285772,29
-35.32226027601696,179.01390245073412,4.3,2016-12-12 21:03:53.892817,29
-41.02759822565391,174.6088142816564,4.6,2016-12-02 11:37:58.060145530,29
-42.06888840235524,173.12983917611868,4.9,2016-11-14 13:49:33.633746621,29
-40.947007610631246,172.99842412933296,4.4,2016-12-10 04:52:21.857479298,29
-41.95512898020246,173.39888612156545,4.2,2016-11-20 21:02:01.258881177,29
-42.186420453214296,174.28277840118017,4.3,2016-11-25 15:09:18.237962682,29
-42.28424428866222,174.2602018927156,4.5,2016-11-18 11:35:55.315551906,29
-42.488878624880186,173.57025347643022,4.4,2016-12-06 01:02:25.941672787,29
-41.667127662587575,174.3596310456358,5.0,2016-11-22 05:52:05.482947813,29
-41.812588809456095,173.99255041158915,4.2,2016-11-14 01:29:09.620349885,29
-41.368706624951855,174.24173279672766,4.2,2016-11-19 16:46:19.262833489,29
-41.60725838597408,174.355772016318,4.4,2016-11-22 13:48:45.713434654,29
-36.49186512331034,177.19625572583075,4.3,2016-11-14 10:16:12.185239,30
-39.9413220856103,176.34000146036942,4.3,2016-11-18 02:44:46.560523,30
-45.00198859449235,167.38218507289085,5.5,2016-11-25 20:58:14.068313,30
-37.41414733343292,177.33683910318445,4.2,2016-12-01 11:18:40.723391,30
-36.90659818721359,179.25282531222825,4.3,2016-12-01 11:27:49.180522265,30
-41.78999554215709,174.23835533896994,5.8,2016-11-19 02:24:08.972490699,30
-42.3602357519002,173.15582766644192,4.1,2016-11-18 12:49:23.548245973,30
-42.07793916881839,173.8820443338235,4.2,2016-11-15 02:18:57.058988588,30
-42.01547573068907,173.85528302213797,4.3,2016-11-15 01:46:32.428448368,30
-41.7663229743093,174.30893658151203,5.3,2016-11-18 21:42:44.495387908,30
-36.532896559755706,177.2649384224489,4.5,2016-11-15 03:45:06.861487,31
-40.40680670941197,173.22472397770656,4.1,2016-11-30 05:23:35.392403,31
-37.42034711076485,176.60544198662686,4.9,2016-12-04 20:19:22.339961,31
-37.08050565417944,177.33566460798542,4.7,2016-12-05 08:43:58.678065,31
-37.73351773000957,177.01202822470248,4.7,2016-12-06 19:06:11.332399,31
-43.62886986561048,172.63602545885874,4.7,2016-11-24 05:40:13.215563162,31
-36.84179663273323,178.68878390545427,4.2,2016-12-04 01:09:26.056837432,31
-42.59221535493124,173.79519841503986,4.2,2016-11-17 13:36:21.913457841,31
-41.85721177197376,173.90934208547114,4.3,2016-11-14 01:47:24.519298739,31
-43.61592219454492,172.61087256995884,4.5,2016-11-24 05:44:30.793597898,31
-47.513806517155565,165.43889748311113,4.5,2016-11-18 23:05:37.883471892,32
-38.43867560463048,175.94151975724364,4.6,2016-12-07 02:17:07.687360247,32
-37.20847647362538,177.20975001913433,4.6,2016-11-15 02:31:54.654164432,32
-42.6554572338967,172.96239779315957,4.7,2016-11-15 02:03:04.779574368,32
-42.65003162329103,172.95386096810134,4.5,2016-11-16 23:12:52.723043945,32
-42.55457670782434,173.03537284161905,5.0,2016-11-15 08:26:48.345985756,32
-41.67289938624568,173.0356265376919,5.1,2016-11-14 10:16:56.391391387,32
-41.69891731091131,174.2007982432712,4.7,2016-11-14 08:14:33.280529240,32
-42.13119074538567,173.6549106192722,4.2,2016-12-03 02:35:14.852751929,32
-41.73442133898276,174.25145755744617,4.3,2016-11-30 09:03:47.420268634,32
-42.53773208579468,173.11791076471744,4.1,2016-11-14 02:45:56.490560051,32
-41.7993596962097,174.2352392314775,4.2,2016-11-16 11:28:59.939757332,32
-41.71761438012588,174.28654610480874,4.5,2016-11-19 16:53:15.478272251,32
-42.34235936209463,173.66358364717885,4.4,2016-11-19 15:32:23.398049355,32
-38.73863556455057,175.3108848432806,4.1,2016-11-25 00:28:48.919809,33
-39.31900350783626,173.67318774075434,4.1,2016-11-26 14:26:49.989964053,33
-41.94170414985793,173.26178459981475,4.3,2016-11-23 11:07:19.351634264,33
-41.72297677064744,174.41366419121854,4.3,2016-11-14 14:44:51.196364215,33
-41.58911857649783,174.32146657797514,4.8,2016-11-24 00:01:31.295221663,33
-42.7739813762432,173.10246008234046,4.1,2016-12-10 14:52:36.332962399,33
-42.01401999700739,174.04552006104808,4.2,2016-11-14 09:02:34.592618474,33
-42.3106094836817,173.49149210878704,4.5,2016-11-14 16:33:57.829657497,33
-38.62999129450882,179.03851029875037,4.1,2016-12-09 19:14:15.944260786,34
-40.3936863083824,175.60792900122573,4.3,2016-11-27 09:45:36.212181311,34
-36.90722602283141,179.06564001490148,4.4,2016-12-05 15:53:10.556620494,34
-41.77511729646413,174.0255866238094,5.0,2016-11-17 13:14:05.534056049,34
-41.64417792419979,174.37777298683216,4.2,2016-11-16 05:31:22.294191425,34
-42.66160980713262,172.85016492522408,4.1,2016-11-14 22:19:01.773199328,34
-42.34739310771346,173.64644779214535,4.9,2016-11-14 15:46:22.710363180,34
-41.80379378432165,174.23828047897865,4.2,2016-12-13 06:51:27.496709117,34
-41.71883942048798,174.32099776596382,5.3,2016-11-15 15:42:41.741273825,34
-41.88150883548976,173.9189253542211,5.6,2016-11-14 06:06:18.735166064,34
-41.87227079061781,174.0269041772467,4.1,2016-11-14 06:54:31.281939112,34
-41.97434485092352,174.15041414213945,4.1,2016-11-14 06:55:35.402593167,34
-37.46235323667615,176.67426733600163,4.2,2016-11-25 10:13:51.483595,35
-38.48613605689132,177.4643674868513,4.1,2016-12-10 11:06:29.607216,35
-36.92429510960564,177.53322962633789,4.8,2016-11-25 10:35:12.974183037,35
-43.02968403506368,173.39178159753092,5.1,2016-11-14 06:25:08.071781117,35
-42.44766275978076,173.21787901200003,4.5,2016-11-14 10:03:15.932592508,35
-41.810922134783205,174.17664636260602,4.2,2016-11-16 22:16:29.233218669,35
-42.6664744929349,173.4750395432437,4.2,2016-11-14 09:39:10.534345511,35
-42.41557897443803,173.59555521109758,4.2,2016-11-14 05:05:33.737729597,35
-41.76128271068904,174.30176802923236,4.3,2016-11-20 06:05:36.299466441,35
-42.65489935150919,172.84058918398267,4.1,2016-11-16 13:50:20.169671388,35
-42.896251813028144,173.48041807384942,4.4,2016-11-14 06:40:14.669191704,35
-42.92364161471023,173.417531737329,6.1,2016-11-17 19:47:53.736643919,35
-38.39180872121572,176.0203548470104,4.2,2016-11-23 11:06:50.825789467,36
-46.06091783866336,165.9339874470273,4.3,2016-11-20 22:18:47.810980855,36
-42.60280170878696,173.1638252324033,4.5,2016-11-17 07:58:43.995598406,36
-41.4255475522508,174.5378384522844,4.4,2016-11-15 16:57:56.519870965,36
-41.738863268812345,174.20623902240484,4.5,2016-11-15 13:31:16.361824396,36
-41.7636654848308,174.28254651939417,4.4,2016-11-14 19:18:32.692251542,36
-41.70283981321448,174.24321951211587,4.1,2016-12-03 10:32:07.446374830,36
-43.128528866159016,174.94817092798056,4.7,2016-11-27 05:28:01.601803366,36
-42.1066957000208,173.67833320074195,4.7,2016-11-15 11:08:06.341312861,36
-41.693895797498,174.34017786811486,4.8,2016-12-04 22:31:39.719879645,36
-41.69811546533369,174.26410769491923,4.6,2016-12-11 13:25:53.353571748,36
-37.499501398800135,176.93564587722787,4.2,2016-12-07 20:15:54.011940,37
-40.86670192656006,175.1306287059672,4.2,2016-12-05 04:51:19.465703401,37
-42.46766804276034,173.1407692900869,4.3,2016-11-16 03:14:25.468734300,37
-42.44800350700914,173.1921019961097,4.1,2016-11-14 05:55:40.682299834,37
-41.89176054714668,174.18914461929992,4.4,2016-11-20 22:57:37.822087410,37
-42.29366059182588,173.5122404126833,4.3,2016-11-14 21:27:17.671564172,37
-42.17665245027492,173.63934543735795,4.1,2016-11-25 08:44:01.533792072,37
-42.70361552465137,172.84995437535403,4.2,2016-11-23 05:43:37.514282405,37
-41.70718547829306,174.2542625012597,4.1,2016-11-14 12:17:09.708694452,37
-42.30317492979449,173.64691177127557,4.2,2016-12-13 02:31:32.733114944,37
-42.30323633513299,173.60891025181286,4.1,2016-11-15 09:08:30.919718578,37
-42.3288397585551,173.56632013254085,4.5,2016-11-15 03:37:32.159688939,37
-41.71724354106513,173.90203819165652,4.3,2016-11-15 12:23:25.475418,38
-38.43095084213449,177.90924175456723,4.2,2016-11-16 09:32:21.634193,38
-37.97832498949209,176.85745647907456,4.3,2016-11-29 17:19:11.094422,38
-37.33458107778486,179.0825481757599,4.5,2016-12-04 05:05:46.343010317,38
-42.51671831952629,173.36764116959714,4.5,2016-11-14 23:51:25.571837604,38
-42.64655692035608,172.75929800029775,4.2,2016-11-14 04:08:42.118987117,38
-41.816768214762895,173.97199237537762,4.3,2016-11-24 14:22:19.626264808,38
-41.86165765914186,173.9140198073786,4.8,2016-11-22 10:15:58.623736519,38
-41.79635730131757,174.13538538302086,4.1,2016-11-18 14:19:55.102020359,38
-41.67073013808429,174.29440973129675,4.4,2016-11-24 02:39:16.834849084,38
-42.41237249966418,173.55752575649234,4.3,2016-12-03 11:24:35.310113093,38
-41.62947365882919,174.29966049170264,4.4,2016-11-17 02:49:04.327048742,38
-42.68399551593134,172.66445963549947,4.6,2016-11-14 15:55:02.693527566,38
-43.60892471420118,172.62131608066835,4.2,2016-12-09 16:30:46.344032440,39
-42.53037169701052,173.10301129759787,4.4,2016-11-20 22:20:23.559653102,39
-41.62632526502601,174.27190753238128,4.2,2016-11-30 01:00:45.695682008,39
-42.484532345697794,173.1897302389477,4.3,2016-12-05 02:44:41.832163970,39
-42.30855489181653,173.72555595255355,4.7,2016-11-14 03:07:27.867553920,39
-42.54401856481246,173.80470561634024,4.9,2016-11-24 09:10:27.404832358,39
-42.379794952536,173.67315801574549,4.5,2016-11-19 16:18:52.914098817,39
-41.93058173663185,171.76195359156242,4.6,2016-11-19 07:30:07.445163015,39
-41.72398663746517,174.26633443281523,4.2,2016-11-26 18:39:49.355750798,39
-41.75429651023909,174.31025002941774,4.1,2016-11-15 06:32:55.647207424,39
-42.28800552112464,173.85973292036994,4.9,2016-11-14 13:14:34.817035968,39
-42.04581272747272,173.6444147287483,4.8,2016-11-14 07:23:04.689861107,39
-42.522898802373874,173.11986933316993,4.7,2016-11-20 09:04:33.869016411,40
-42.600442853021335,173.45387040516016,4.8,2016-11-21 00:28:39.479837642,40
-41.86737792629899,173.9782845650304,4.3,2016-11-29 18:45:31.982956747,40
-41.97156343706434,173.96402620512595,4.2,2016-12-06 01:53:54.218195511,40
-41.89624558187241,174.0251385215616,4.7,2016-11-14 21:12:37.522765717,40
-42.5025172194819,173.1942969040771,4.1,2016-11-18 13:55:14.430373351,40
-42.5919075070777,172.82780417299952,4.4,2016-11-15 10:37:40.372490580,40
-41.68175373536958,174.38370245078272,4.3,2016-11-16 23:24:57.579015015,40
-42.354332764814586,174.0551626038495,4.4,2016-11-14 02:08:40.204253309,40
-42.13243103054469,172.94420090948424,4.3,2016-11-14 00:58:55.712023728,40
-42.333332485702506,173.24086974667728,4.3,2016-11-25 16:38:34.081058442,40
-37.60757361270211,177.0247592410615,4.1,2016-12-07 05:49:17.385594712,41
-38.41864184880727,178.04198759716277,4.1,2016-12-06 03:15:13.527609579,41
-42.1123274565504,173.60910741348346,4.5,2016-11-14 01:50:48.373302954,41
-42.52508627369696,172.98977107753203,4.2,2016-11-18 04:56:48.822328508,41
-42.07589085465607,173.91755657657208,6.0,2016-12-03 06:35:47.381749217,41
-42.26010513329424,173.73858706408228,4.4,2016-11-14 05:15:05.145803296,41
-38.32849974059601,178.43384699446548,4.2,2016-12-06 06:45:53.404025870,41
-45.06466466146597,167.20279160995435,4.6,2016-11-27 18:38:03.757897,42
-45.2403790255274,166.76115947466053,4.1,2016-12-08 01:51:36.504259577,42
-44.38842724551421,166.9821734715256,4.7,2016-11-30 17:58:41.723815977,42
-42.59437620137624,173.1650296415376,4.3,2016-11-14 05:11:53.494808797,42
-41.770304410269965,174.30013417019887,4.1,2016-11-15 13:27:29.450204721,42
-42.45356664603139,173.20343976463047,4.2,2016-11-14 22:17:51.073386336,42
-42.27750451450161,173.51917576748244,4.6,2016-12-10 17:49:45.333032003,42
-41.77534231172305,174.18488277523466,4.3,2016-12-06 20:28:05.872078590,42
-42.39297775470392,174.25801538102257,4.1,2016-11-15 12:21:32.950677490,42
-44.365942111023216,166.97454663919655,4.2,2016-11-30 20:03:07.444661764,42
-41.12124824004392,174.51229260583654,4.5,2016-12-03 12:39:22.442173,43
-42.58862988493154,173.8800368252116,4.2,2016-11-22 12:03:23.213107328,43
-42.32050074352195,173.79737076403526,5.4,2016-11-14 20:58:30.352773994,43
-42.11968799398825,173.64216218530365,4.4,2016-11-30 17:39:48.958250751,43
-41.69134206929121,174.25559940634017,5.7,2016-12-06 15:56:21.137771630,43
-42.25852762059508,173.46295447596137,4.5,2016-11-18 05:20:02.055403461,43
-42.329061490781534,173.87198602189113,4.2,2016-11-23 15:17:10.546840218,43
-42.37801388464332,173.56349080930252,5.7,2016-11-23 08:00:52.643358800,43
-41.67485395476435,174.18391619599484,4.2,2016-12-07 00:54:08.350758806,43
-42.19741593046199,173.61471838380962,5.0,2016-11-15 07:27:00.980206108,44
-41.64258390822671,174.24934184316376,4.2,2016-11-24 05:55:23.413436374,44
-41.713577765820204,174.3214837097393,4.2,2016-12-11 01:37:59.048434747,44
-41.81229253701154,174.24734443789222,4.1,2016-11-19 01:21:24.402162696,44
-42.44777069502523,173.6975304301922,4.4,2016-11-14 00:34:41.252547953,44
-41.63173051214729,174.18954025685795,4.2,2016-11-14 02:07:36.574534346,44
-42.0972600757545,173.6390779794288,4.2,2016-11-15 11:53:16.265765127,44
-42.187403127141145,173.02024076938096,4.3,2016-11-14 01:33:39.550490995,44
-37.573002424031976,179.4516590010875,6.5,2016-11-21 13:29:07.423254,45
-39.114508378938375,174.73800447629873,4.1,2016-12-04 05:12:38.505946,45
-37.78641635427385,177.00553920957984,4.1,2016-12-12 09:17:57.986517,45
-41.85869783073922,173.945296756637,5.2,2016-11-21 02:19:41.145079778,45
-42.48679954300695,173.62951048722132,5.2,2016-11-14 23:59:56.055813985,45
-42.67609338476451,172.76854102451117,4.2,2016-11-17 00:54:19.708916041,45
-38.97881684371772,175.7606119519464,4.8,2016-11-22 13:21:04.366598672,46
-44.35565749570046,166.82950510169516,5.6,2016-12-09 10:59:24.901353723,46
-37.2241383365171,177.53541986715632,4.1,2016-11-26 03:43:14.720601487,46
-41.861529848936925,174.14849749870456,4.4,2016-11-21 04:02:55.589432712,46
-42.17670531690934,173.69749978455252,4.3,2016-11-28 23:25:45.781208404,46
-41.85148785504223,174.18210612433248,5.4,2016-12-02 23:19:21.434847576,46
-41.71138742484768,174.3467296410537,5.1,2016-11-18 02:14:46.336447875,46
-42.68235237747865,172.87779051014255,4.1,2016-11-14 06:18:52.063729736,46
-42.32925676590237,174.19234964214186,4.2,2016-11-15 14:56:14.204380993,46
-36.75897358859926,177.58231231839335,4.9,2016-12-07 10:18:08.089204,47
-43.57224455272709,172.2570444135948,4.7,2016-11-19 11:39:39.910442371,47
-37.07691844713455,179.2778125809596,4.1,2016-12-02 10:41:08.294849126,47
-42.75490309252013,173.15954285056253,4.5,2016-11-25 16:19:24.629150991,47
-41.87461825471859,174.12219768638656,4.7,2016-11-17 09:43:19.731740488,47
-41.99813833484978,173.88719493524053,4.4,2016-11-14 10:39:07.958838611,47
-41.715842731826925,173.96035480162155,5.1,2016-11-16 06:43:49.120629536,47
-42.627646693161616,172.9890412803015,4.3,2016-11-14 20:59:10.430840137,47
-41.795101387648586,174.1179382414208,5.0,2016-11-14 05:56:25.988241628,47
-41.85871938768733,174.1498505016464,4.1,2016-11-16 04:55:58.166479233,47
-42.29201785238954,173.77834455718408,4.3,2016-12-03 20:33:04.519439863,47
-41.99116422861147,173.65110174111595,4.1,2016-12-04 11:47:27.149133755,47
-41.84171540974181,174.0213960359059,4.1,2016-11-14 07:14:43.096023342,47
-41.824450651583774,174.01590264132452,4.2,2016-11-14 18:48:13.189836788,47
-41.69374732527384,173.94645584291223,6.0,2016-11-16 14:05:37.600436258,47
-41.73930747294931,174.1049123626407,4.7,2016-11-25 13:37:00.449609500,47
-41.89139827215411,173.88547847770647,4.1,2016-11-16 14:09:12.785524901,47
-41.41311920372911,173.22272285980566,4.3,2016-12-05 08:17:24.594292,48
-35.91100068195706,178.82424955462673,4.5,2016-11-22 08:53:39.342486452,48
-45.38177073249364,166.67602008518094,5.0,2016-11-18 16:45:29.302927991,48
-36.79410985999038,176.9208086645222,4.4,2016-11-19 16:22:55.370133089,48
-37.10452891850017,179.28271859030136,4.7,2016-11-27 10:07:39.720447907,48
-39.55462634366598,174.1512551669688,4.5,2016-11-14 03:42:36.626658774,48
-42.41757442187865,173.87301041863935,4.1,2016-11-14 12:32:21.928087448,48
-42.31688710555599,173.7258427943067,4.3,2016-11-14 02:05:57.869652823,48
-42.49761104691906,173.28814298062795,4.8,2016-11-21 13:01:01.867460342,48
-41.68945043596665,174.2994042334456,4.3,2016-11-27 21:18:53.415417039,48
-41.82635837749032,174.1257857502477,5.7,2016-11-14 00:37:15.005151344,48
-41.79206774481625,174.11571075734167,5.7,2016-11-14 00:49:06.469888687,48
-37.5747791997722,176.4311163934076,4.9,2016-11-27 09:25:03.932414,49
-38.52953299642288,175.839963638573,4.3,2016-11-30 00:15:27.956941,49
-43.09020966132477,175.4075198340372,4.3,2016-12-01 08:13:29.355201,49
-38.39204645740364,175.93364120627706,4.4,2016-12-10 16:42:21.098755,49
-44.93406232580249,167.49775288140307,4.2,2016-11-15 15:12:55.556052129,49
-42.2014314300736,173.22853636953909,4.3,2016-11-24 21:50:31.329617749,49
-42.35204175818824,173.74660496458316,5.0,2016-11-28 08:03:53.108316670,49
-41.56020431249805,173.93938140749836,4.1,2016-11-15 03:32:59.807004810,49
-41.88550640906335,174.1279653476459,4.3,2016-11-18 12:17:30.364921865,49
-41.71563279525953,174.2666135583868,4.1,2016-11-14 05:31:14.573367243,49
-41.71345699034478,174.36326545521422,4.4,2016-11-15 00:36:11.578147620,49
-41.6804123902882,174.45839030609923,4.1,2016-11-15 19:55:41.419969486,49
-35.48376352466229,178.8539815435082,4.3,2016-11-18 12:51:09.170157,50
-43.55347196159195,170.50057587091706,4.2,2016-11-18 15:55:54.604701,50
-37.51005097304448,176.11968059204457,4.4,2016-12-07 09:51:07.096535,50
-41.471735741957815,174.4136917700708,5.1,2016-12-13 16:11:34.162322024,50
-41.725056229275,174.24919465420408,4.5,2016-11-14 04:09:22.580271102,50
-42.207454976194896,173.70446147109487,5.1,2016-11-14 10:20:21.657050374,50
-42.36876679121077,173.53750234562258,4.6,2016-11-19 07:00:25.645406207,50
-41.40066002915466,174.14602309248085,4.1,2016-11-22 18:32:51.262975457,50
-41.48448168301714,174.36774389701117,4.7,2016-12-13 16:19:45.112592813,50
-39.23170273932232,177.86174655099882,5.0,2016-11-14 08:01:05.909152,51
-40.210262272270974,174.3282667196862,4.1,2016-11-17 19:30:00.685573,51
-39.276444123932045,177.75910962395295,4.5,2016-11-14 08:26:40.517359120,51
-38.44061881015722,178.72063803638983,4.3,2016-11-23 08:33:53.404245246,51
-42.49868968584421,172.75713815437643,4.6,2016-11-14 19:46:54.835343886,51
-37.10478489204395,179.2930906703763,4.2,2016-11-21 08:23:22.383611199,51
-39.37530868443925,173.62337620356095,5.2,2016-11-22 00:57:13.350440007,51
-42.46175710082591,173.180900249203,5.5,2016-11-18 07:17:46.719853925,51
-41.782100046231285,174.31093505640368,4.7,2016-11-16 19:35:38.485673315,51
-42.41602660656088,172.92014122678066,4.6,2016-11-19 05:34:03.928555325,51
-41.671450048345925,174.20376345559018,5.9,2016-11-27 14:44:21.641377712,51
-41.8078367184899,174.2255425323445,5.0,2016-11-15 23:43:18.227228426,51
-41.7683744642944,174.29454953442422,4.2,2016-11-16 20:03:19.439321707,51
-36.312553892736254,177.21586477432942,5.0,2016-12-11 14:39:56.252044,52
-42.493582701844176,173.11345891896534,4.2,2016-11-28 04:06:18.391607815,52
-42.30582905291664,173.24999967362174,4.2,2016-11-25 14:01:42.509984745,52
-41.69622858237425,174.2579823519152,4.6,2016-11-21 14:23:49.954056186,52
-41.78420656393008,174.22183102082417,4.5,2016-12-11 20:19:51.712589647,52
-41.71876289181086,174.2674326367348,4.6,2016-11-27 00:56:00.900607452,52
-37.37287793809144,177.51556213316275,5.0,2016-12-08 13:24:39.220906,53
-37.28519798631451,176.55099370211698,4.2,2016-11-29 15:03:37.142362524,53
-36.9093564122733,178.7903903377787,4.6,2016-12-13 10:18:07.124287123,53
-41.72014037896802,174.1828337893354,4.5,2016-11-20 16:01:49.875209696,53
-42.50986365731217,173.1506736009295,5.5,2016-11-25 00:56:33.128942797,53
-41.77792026767676,174.2430859766059,4.3,2016-11-26 04:32:39.025248052,53
-42.66091858236732,172.76142133210695,4.3,2016-11-18 01:44:04.122793852,53
-42.352973344365616,173.47400606206983,4.3,2016-11-16 08:04:24.232948526,53
-40.00578232317845,176.75679107315284,4.2,2016-11-29 19:10:49.864644,54
-38.05160377840728,176.79762916593873,4.2,2016-12-02 02:06:51.790928,54
-39.95286003427964,175.5328961744779,4.3,2016-11-15 17:44:17.232539459,54
-42.090960671794726,173.040562079748,4.3,2016-12-12 22:15:16.994573159,54
-37.470357487850265,178.89150434156258,4.2,2016-12-13 18:41:02.118903765,54
-42.64588457046808,172.8943041138923,4.2,2016-11-14 03:40:52.298622854,54
-42.55706597351537,173.10080664907682,4.2,2016-11-14 01:11:43.450122520,54
-41.733611853055066,173.7123127770589,4.8,2016-11-14 12:01:40.723561838,54
-42.14488009451647,173.78539542560904,4.3,2016-11-22 16:39:34.083887060,54
-42.245761334925305,173.6562717818554,4.2,2016-12-03 00:44:18.235562175,54
-42.0760017484772,172.89857294898428,4.2,2016-12-02 13:52:23.460085533,54
-42.748737300646525,172.52560217794772,4.8,2016-11-25 20:18:19.491695132,54
-40.24434338404745,173.48623909242025,4.3,2016-12-02 10:56:04.905887,55
-36.74797922167514,177.2370988422674,4.2,2016-12-13 06:54:31.015050,55
-44.042617899346666,169.42654961755048,5.0,2016-11-28 07:59:21.416152226,55
-37.30816703127924,178.89533595986947,4.7,2016-12-03 19:52:09.815311652,55
-37.11311382256203,179.12471109963832,5.2,2016-11-28 18:46:34.937852567,55
-42.20816501215948,173.652941474253,4.3,2016-11-15 02:57:00.073595753,55
-42.3706727850544,173.46824604736383,4.6,2016-12-02 23:42:12.160455554,55
-42.47831304465336,173.2290044157513,4.3,2016-11-29 23:18:57.963713363,55
-42.34217581320169,173.89832096759443,4.6,2016-11-14 15:16:12.755593021,55
-42.36735119364493,173.4386849192901,4.2,2016-11-17 17:23:10.302940828,55
-42.465442801102135,173.2561880712134,4.1,2016-11-30 06:54:57.330631354,55
-35.57749392948065,179.0295158248812,4.4,2016-12-10 03:05:22.043258,56
-45.18433242316604,167.48561731058845,5.3,2016-12-02 16:04:37.479831551,56
-36.96656821518597,179.05653865308545,4.3,2016-11-27 10:50:51.558323506,56
-37.12736846458646,178.84866088164804,4.1,2016-11-29 09:34:31.698062428,56
-37.0647811025482,178.8174800804129,4.2,2016-11-23 03:51:54.761767311,56
-41.74577995992061,174.1978246182458,4.1,2016-11-15 19:52:22.557612933,56
-41.9951189519288,174.19262208909285,4.2,2016-11-14 04:33:27.389341267,56
-42.44539100661969,173.32328144955957,4.4,2016-11-21 10:55:57.124922968,56
-41.74973571366069,174.25439038671368,4.2,2016-12-10 18:04:21.398079300,56
-42.20852629049241,173.860626981135,4.8,2016-11-19 13:27:17.275041545,56
-42.03138618716054,173.67174596630787,4.1,2016-11-15 17:09:03.600098528,56
-42.23602829754927,173.59207259258935,4.1,2016-11-14 01:45:35.261151357,56
-36.97514986791828,179.06557917077694,4.2,2016-11-27 12:19:12.481205884,56
-41.79583888479598,174.10657829277298,4.5,2016-11-15 21:13:24.910993464,56
-42.25271470146961,173.51288761054758,4.1,2016-12-07 10:31:12.825271241,56
-37.87255176960949,176.16290825802415,4.5,2016-11-23 04:36:24.282902,57
-38.39362258092932,175.4204300178464,4.1,2016-11-25 21:41:43.299994,57
-35.79048917522133,179.4494524205146,4.1,2016-12-11 10:51:50.231118,57
-37.79388838188229,176.19604841765076,4.1,2016-12-10 06:45:38.863355138,57
-42.39983231110884,173.0841695122271,4.8,2016-11-15 14:37:19.385431686,57
-41.72813327080743,174.19667577408595,4.5,2016-11-14 20:51:30.684699429,57
-42.28541879407987,173.70283369788137,4.2,2016-11-15 00:43:40.728189845,57
-41.73972463158525,174.18109937995305,4.3,2016-11-14 04:05:33.190909721,57
-41.68017593018165,174.36041820539012,4.1,2016-11-14 20:16:25.732146832,57
-42.27128511740989,173.65743720132505,4.1,2016-11-15 09:28:08.936080433,57
-42.67187747401421,172.76423628327063,4.2,2016-11-18 22:00:07.791927151,57
-39.5139138173855,176.57432725806862,4.6,2016-11-20 18:12:20.472864,58
-38.36254739888528,178.06435026291388,4.2,2016-11-23 04:41:42.106548,58
-38.46006336413852,175.5504483313596,4.1,2016-12-07 13:51:16.497950,58
-37.37638557060767,179.02585372327937,5.2,2016-11-22 19:23:39.762152064,58
-37.233126590822096,179.1234199662903,4.3,2016-11-20 17:26:10.951915581,58
-42.89651953841654,172.85584871412067,4.2,2016-11-26 16:51:22.332001902,58
-42.00771963669451,173.74372998843398,4.5,2016-11-16 08:26:49.259272038,58
-41.99582186655065,173.7608799147892,4.2,2016-11-24 06:31:12.561955917,58
-42.18871876632279,173.55850738799103,4.4,2016-11-28 21:20:21.562477215,58
-41.83263456157775,174.2856012083872,4.3,2016-11-14 23:30:42.874920778,58
-41.86454931949417,174.03862305840812,5.2,2016-11-27 08:08:57.849574789,58
-42.54649758116571,173.33030867057798,4.1,2016-11-14 00:35:10.949875507,58
-41.92044402283474,173.93853929813272,4.6,2016-11-14 18:57:42.434532547,58
-42.24517395594378,173.88147637723046,5.5,2016-11-30 13:18:11.945201407,58
-42.27927948131252,173.81183549797368,4.9,2016-11-16 09:31:09.957383286,58
-42.95467786324783,173.13604241442889,4.5,2016-11-20 15:39:40.394055398,59
-42.96415950591134,173.15643016218522,4.3,2016-11-16 23:35:56.667268317,59
-42.64213191516028,172.98024769299226,4.1,2016-11-23 16:04:36.966376111,59
-41.82230167231727,174.20063376879594,4.1,2016-11-16 00:13:30.314564527,59
-41.71525355067928,174.2153736823627,4.1,2016-11-23 17:07:58.362816905,59
-41.69462400354636,174.15709033041622,5.0,2016-11-18 05:53:48.971390315,59
-41.6930300011089,174.2706558129033,5.8,2016-11-17 09:32:41.154891642,59
-42.7448494421095,172.83103626759632,4.1,2016-11-22 08:30:42.858941755,59
-42.66969060831301,172.86928587742116,4.1,2016-11-18 17:01:02.271504410,59
-41.89032001612887,174.15123051039748,4.2,2016-11-27 05:11:39.995977124,59
-41.84551794120439,174.03215611288044,4.1,2016-11-15 11:17:57.182998953,59
-36.55460462781891,177.53266271957168,4.7,2016-11-16 23:52:41.481485,60
-43.36580056127668,172.63815738018417,4.1,2016-11-17 20:42:55.473986,60
-37.07410017068346,176.72677777447535,4.1,2016-11-19 18:12:05.870078,60
-42.87902275963497,171.23911407251444,4.2,2016-11-28 12:24:21.882920,60
-37.72939016797584,179.22593157454725,4.4,2016-11-30 16:03:36.138957,60
-46.97237273085091,166.13410164589092,5.0,2016-12-04 14:12:10.356228279,60
-42.63690650742421,172.99277679153604,4.6,2016-12-12 08:03:07.296482517,60
-41.82704311165286,173.93515901976414,4.1,2016-11-20 01:37:41.547985371,60
-41.96854414254536,173.77205216772788,4.3,2016-11-27 07:50:40.093007385,60
-42.2106533089958,173.80652272590947,4.8,2016-11-15 23:11:33.383108873,60
-42.40777918573581,173.17075876338365,4.3,2016-11-19 16:09:18.054097968,60
-41.68985105100847,174.2962855325973,5.4,2016-12-13 01:31:01.977197765,60
-41.84751831507768,174.04286072234524,5.6,2016-11-22 02:46:13.866658744,60
-42.13206536756103,173.7168027073305,4.3,2016-11-14 12:37:18.417942119,60
-42.673829257657694,172.78184639526455,4.6,2016-11-17 22:14:20.555486459,60
-42.7494552822575,172.98895290233034,4.2,2016-11-17 22:33:41.772599273,60
-45.18796824140086,166.99164296873397,4.2,2016-11-21 10:48:52.285621,61
-35.91697008232785,178.54379563471656,4.4,2016-11-30 20:12:43.265449,61
-37.8933182624477,179.5120968173706,4.3,2016-12-01 02:11:09.282406,61
-40.574775983452085,173.38135802458726,4.4,2016-12-10 14:35:49.364666,61
-41.68377608278205,171.76073160085994,4.6,2016-12-09 10:06:00.538737853,61
-42.15030411730588,174.8240503906987,4.1,2016-11-22 03:39:56.400494617,61
-41.6790748572335,174.23588209508918,4.3,2016-11-14 06:16:58.696302739,61
-42.31838728172309,173.8878512561729,5.1,2016-11-24 08:29:04.137251882,61
-42.255481618274885,173.69898195731858,4.1,2016-11-30 05:30:20.046571837,61
-41.90370027252066,174.14296429776877,4.6,2016-11-19 04:41:55.784419232,61
-34.17319230891167,179.97255406538872,4.5,2016-11-26 23:33:02.926830,62
-36.534258305250496,177.22996381180232,5.4,2016-12-07 17:07:23.350689744,62
-42.450202249169486,173.77149052838723,4.8,2016-12-02 17:47:34.673713004,62
-42.276474312761,174.13709712674228,4.2,2016-11-14 00:38:00.738449434,62
-42.63868995710118,172.83157533982703,4.2,2016-11-29 15:50:49.466719788,62
-41.77895881299432,174.17440543138207,4.7,2016-11-14 09:55:23.879769571,62
-42.52293781456945,173.40232994467516,4.1,2016-11-17 22:12:08.960901618,62
-41.75033668242411,174.41808257718833,4.2,2016-12-07 10:45:33.957796711,62
-42.18243921832781,173.65434551931006,4.2,2016-11-17 11:29:41.688089622,62
-42.40703880303118,173.5279999584828,4.1,2016-11-15 21:53:50.715222399,62
-46.17886344551901,166.06573750071462,5.2,2016-11-28 11:53:01.938003,63
-43.23493390607487,171.89388557198893,4.9,2016-11-30 01:20:28.468153,63
-41.70516179161576,174.2345176212516,4.9,2016-11-19 17:57:38.066972892,63
-42.16383566215188,173.56548371755864,4.2,2016-11-14 11:39:53.408652539,63
-42.48519541883212,173.27673072568672,4.3,2016-11-16 20:03:46.523372541,63
-41.79446300202388,174.00258005760475,4.1,2016-11-14 12:17:55.810655056,63
-42.54366709633761,173.10664912520926,4.8,2016-11-23 09:52:35.899734203,63
-41.68376884092534,174.23182458886268,4.4,2016-11-14 00:33:02.707255624,63
-42.33109282438771,173.88649493087078,4.6,2016-11-14 09:58:57.787541617,63
-42.344376593016094,173.49304311217966,4.2,2016-11-14 02:32:34.685515805,63
-34.52077093950167,179.17984087707828,5.1,2016-12-12 12:19:47.234039,64
-34.57417227851014,179.41177727121502,4.3,2016-12-12 16:06:47.842835381,64
-38.4845426505611,176.29197995215867,4.3,2016-12-09 12:46:54.490978803,64
-37.09296540578487,179.26574659733816,4.3,2016-12-13 17:14:46.944090087,64
-43.11678356703982,174.08369059038895,5.0,2016-12-10 16:26:36.709562192,64
-42.10822949225674,173.59949712979554,4.3,2016-11-17 05:45:10.835187382,64
-41.6367087597779,174.03851632987428,4.2,2016-12-06 12:06:08.820172944,64
-37.74589108680362,176.2692845427135,4.3,2016-11-14 07:34:02.938510,65
-44.821504604606496,167.56710112206076,5.3,2016-11-21 04:13:40.174701,65
-41.129912376285,174.642544228322,4.4,2016-11-28 03:22:39.650556,65
-37.44351403875736,178.8508856827713,4.7,2016-11-25 04:53:41.164215809,65
-41.73200099514048,174.31134733237306,5.1,2016-11-17 11:59:43.081489685,65
-41.76739155274912,174.28257609902144,4.7,2016-11-17 05:07:20.951591377,65
-42.38764248091212,173.169518112603,4.2,2016-12-11 23:54:32.784376566,65
-42.64826217800143,172.9191510548536,5.6,2016-11-17 20:40:00.757952552,65
-42.49768421571385,173.23947140393423,4.9,2016-11-17 20:26:58.153125694,65
-42.28311464419188,173.77749142768496,4.3,2016-11-14 02:54:47.443714212,65
-41.84716774371547,174.243395605991,4.6,2016-12-05 19:25:49.241749848,65
-42.63379224492022,173.14469642286122,4.2,2016-11-27 13:37:58.333281115,65
-42.50116255853101,173.14331221811946,4.3,2016-11-14 03:54:41.786512435,65
-42.49279381717761,173.8078771130457,4.1,2016-11-24 05:39:54.092049680,65
-42.4615777149849,173.56798222153327,4.3,2016-11-15 17:51:36.685312205,65
-38.63181937654347,175.5144004034293,4.1,2016-11-23 22:20:46.895557,66
-36.96304340444244,176.62232673889082,4.3,2016-12-08 00:58:38.190477,66
-38.89463992034556,175.01355180052386,4.1,2016-12-13 22:57:15.726087,66
-36.93109163575759,179.2781508848384,4.1,2016-12-06 06:55:37.618758174,66
-36.91807434504559,179.03161148141376,4.9,2016-12-10 02:39:06.245184262,66
-41.89150938512709,173.90368654078068,5.3,2016-12-03 09:18:22.958695185,66
-42.03083473300081,173.80442702362458,4.5,2016-11-22 21:19:29.552285509,66
-42.1445026120121,173.69608206007166,4.2,2016-11-30 17:51:37.632870155,66
-42.06428573679798,173.96037492309435,4.1,2016-12-05 18:23:43.915824252,66
-42.57588691582477,172.63851499824509,4.3,2016-11-16 14:19:36.737061950,66
-37.17641835920301,176.78229308618953,4.1,2016-11-19 04:02:04.576877,67
-41.69096508425857,174.24930740803697,4.1,2016-11-14 00:13:41.790106440,67
-42.278847740122266,173.46787613565542,4.3,2016-11-18 14:02:19.045187932,67
-41.83993921735796,173.99419558926988,4.2,2016-11-15 15:37:50.907195426,67
-42.83485647144258,172.61129255057327,4.5,2016-11-14 07:41:53.958648052,67
-41.70867097428249,174.2157391633078,4.6,2016-11-17 18:24:53.157351525,67
-39.75743384327984,174.39697314645483,4.1,2016-11-25 23:09:48.937884,68
-46.95571996181058,165.4809538609095,5.7,2016-12-02 08:14:29.468886,68
-36.42878271784198,177.09675335880422,4.7,2016-12-07 11:24:16.806628,68
-42.350311600620834,171.39938083411317,4.2,2016-12-01 15:35:26.977717925,68
-41.828287287591,173.57901855108386,4.2,2016-11-22 04:01:26.829809935,68
-42.56970538072629,173.14834859060898,4.7,2016-11-18 16:38:49.697154164,68
-42.62817858097493,172.9451619620302,4.6,2016-11-30 15:03:46.316029032,68
-41.88303861062632,173.82697837514053,4.2,2016-11-24 02:46:30.171169207,68
-41.99499806454468,174.04845239999375,4.4,2016-11-14 10:25:37.765325013,68
-38.77217968926482,175.71592579595836,4.5,2016-11-30 08:59:58.320486,69
-39.88742515799952,172.88510950107533,4.7,2016-12-03 13:46:39.794694,69
-46.24917940065863,166.49196306970777,4.4,2016-12-05 04:05:50.807265667,69
-42.58170529527485,172.85009134610985,5.1,2016-11-16 22:06:03.783687276,69
-41.95259468995338,173.8735486982374,4.3,2016-11-16 18:43:38.376851722,69
-41.70857255168117,174.18354961227243,4.7,2016-11-24 00:32:30.826815332,69
-41.70481446509066,174.45128929100449,4.3,2016-11-29 09:22:22.513018276,69
-41.71018536954591,174.28000537286064,4.1,2016-11-14 11:16:45.371678545,69
-41.781108273502014,174.28202353309374,4.1,2016-11-16 12:26:48.006080940,69
-42.339119599413046,173.47315395895671,5.7,2016-11-18 10:53:09.871132015,69
-41.79341196977439,174.31500807640967,4.1,2016-11-14 04:24:58.244120363,69
-41.72052964124928,174.41865161045013,4.1,2016-11-16 02:59:21.050722665,69
-41.792718675913,174.0708454680706,4.3,2016-11-24 00:32:57.359920082,69
-38.03413562284068,176.01530871433485,4.7,2016-11-16 16:02:47.319379475,70
-41.7035525534466,174.06280542772294,4.1,2016-12-03 17:09:51.676006612,70
-42.71799778843551,173.0012444932706,4.5,2016-11-14 21:09:01.662166420,70
-42.15949649562138,173.80983166268655,4.2,2016-11-27 03:42:31.063277839,70
-42.189629750475525,173.8622984108142,4.1,2016-12-01 12:28:02.324421914,70
-41.98177443329382,174.2565522789217,4.1,2016-11-14 01:31:32.913075917,70
-42.0384555899875,173.77184862974653,4.2,2016-11-14 21:14:10.301222302,70
-41.66170387971037,174.31721471294574,4.4,2016-11-14 02:56:42.317129520,70
-41.72903783674584,174.30077762981878,4.1,2016-11-21 16:49:15.803027567,70
-41.795530019672974,174.26056945712625,4.1,2016-11-14 04:24:59.361434844,70
-41.67940065298887,174.31220419047574,4.5,2016-11-15 23:48:01.087407482,70
-41.8884361678905,174.34902967837127,4.2,2016-11-14 01:52:04.898539569,70
-41.7390319360192,174.36915230167506,4.1,2016-11-14 10:15:23.560861975,70
-41.8611050847578,173.70647185433145,4.1,2016-11-22 01:47:52.400360819,71
-41.76433617461058,174.24127942182855,4.5,2016-11-19 02:54:32.306366436,71
-42.17649859601851,173.8753480389077,4.6,2016-11-16 03:00:11.300426207,71
-42.24893097164748,173.6392079350975,4.7,2016-11-23 16:31:39.027632645,71
-42.56784730364893,173.12335708252,4.1,2016-12-05 14:32:19.473998460,71
-42.564022354343805,173.14434674550816,4.2,2016-12-08 16:10:11.497579598,71
-42.21443682715817,173.8776098296157,4.1,2016-12-13 22:22:45.478496074,71
-36.541425264353045,177.50890667814696,4.3,2016-11-20 19:36:02.030006,72
-36.99868424746855,176.99851729316572,4.1,2016-11-21 18:24:22.861314,72
-39.818335299703485,175.4351942138376,4.1,2016-11-28 03:26:56.423728,72
-42.6615571168735,177.47911874537346,4.3,2016-12-02 16:48:43.915833,72
-36.96912555754093,177.38420284619318,4.4,2016-12-06 04:21:35.652941,72
-40.3424806142874,174.89243438260982,4.7,2016-12-06 13:46:48.140089,72
-36.56618125756454,177.44880866126817,4.1,2016-12-06 02:57:29.229313753,72
-43.098706624619645,172.4365687514659,4.2,2016-11-25 05:42:20.631816320,72
-42.60781349846195,173.03143796025444,4.1,2016-11-16 18:23:32.462613082,72
-41.65538390095036,174.27827999250533,4.2,2016-12-08 14:48:05.255055224,72
-41.87970135404936,173.9099007426755,4.6,2016-11-14 11:27:17.562845206,72
-41.98313182565815,174.01371881776976,4.1,2016-11-14 11:35:23.067837832,72
-42.53774926753725,173.90245650543432,4.1,2016-11-14 10:45:03.736495687,72
-41.72781581969426,174.3362586523766,4.7,2016-11-15 23:15:53.732703602,72
-41.711453732889886,174.26116258843692,5.2,2016-11-14 12:14:07.956787616,72
-42.07293385289135,173.85634784881216,5.0,2016-11-14 01:10:35.377832749,72
-38.79897939149172,178.21718714819156,5.7,2016-11-19 21:49:44.143210,73
-46.003074347938046,166.2961065261217,4.3,2016-11-26 12:50:36.871095,73
-42.71486165428496,172.84033864585015,4.5,2016-12-07 00:03:52.950765,73
-42.63223444244772,173.30251494895248,4.1,2016-11-24 23:21:29.839709284,73
-42.49555925704796,173.10163083990508,5.2,2016-11-17 15:07:02.384990594,73
-41.93157658857547,174.0372083038173,4.3,2016-11-15 11:39:47.631084362,73
-41.699836331295565,174.1834967048018,4.3,2016-12-03 04:00:17.732555754,73
-41.8093651413668,173.96542997675874,4.3,2016-11-14 23:55:17.742635493,73
-40.578311854650565,176.44701226087432,4.2,2016-12-12 18:45:28.387465177,74
-37.20524688760615,178.9484612491766,4.1,2016-11-29 21:28:08.793027064,74
-37.44218525000554,179.1634857929176,4.2,2016-11-23 21:28:08.416421777,74
-37.143039252388206,178.1150472354702,4.1,2016-11-28 08:24:32.908538070,74
-42.61040546231472,172.97558399438347,4.7,2016-11-14 14:15:23.462411465,74
-41.78198656528302,174.14990702462174,5.0,2016-11-23 10:42:25.278534041,74
-42.19846267034119,173.6739944679393,4.7,2016-11-14 03:03:38.980523423,74
-42.227414673524684,173.53521236737583,4.1,2016-11-17 16:58:07.037944272,74
-42.041303937278094,172.97349465438575,5.2,2016-11-15 02:50:01.216891190,74
-37.334438741909885,176.55640014725446,4.3,2016-11-17 13:55:26.513216,75
-42.237420580812426,172.2806469336411,4.6,2016-12-08 06:07:31.984571,75
-38.0506050254434,177.79411237180793,4.6,2016-12-03 11:20:42.128732954,75
-42.28299794945641,173.6358389071428,4.4,2016-11-15 22:26:35.969232064,75
-42.80707121044025,172.97511870367487,4.7,2016-11-14 16:32:49.503366912,75
-42.42974119388306,174.02019783440952,4.1,2016-12-12 14:49:20.740471454,75
-46.72103861310878,165.5681198141166,4.2,2016-11-15 02:55:46.521594462,76
-41.60164197917628,174.01174008543603,4.1,2016-11-22 19:01:20.527192872,76
-42.57303725968145,173.8563408433926,4.5,2016-12-01 00:01:12.081107701,76
-42.102158887770734,173.66894175927652,4.4,2016-11-21 11:00:43.623382567,76
-42.12667039316352,172.91536080848056,4.2,2016-11-14 01:07:33.062876330,76
-38.01761189242317,179.2797955076075,4.1,2016-12-11 03:37:00.602663,77
-45.37976292961252,166.88771135870127,4.4,2016-11-19 03:34:13.952715873,77
-41.0494008543572,175.30931814126964,5.3,2016-12-03 05:06:16.089061308,77
-42.88113324774264,172.8016332227552,4.1,2016-11-15 06:16:27.298294147,77
-42.02731411862282,172.5376852189314,4.2,2016-12-02 10:20:04.975789740,77
-42.3519054322984,173.42147880819002,4.2,2016-11-19 05:12:56.510949573,77
-42.18906007899236,173.518877087069,5.8,2016-11-28 12:42:12.534044975,77
-42.45463492395501,173.29008264182548,4.4,2016-11-15 03:54:46.841482423,77
-42.24468127088816,173.72311783931343,4.3,2016-12-08 16:29:58.431186734,77
-42.245443988729626,173.66131735090255,4.4,2016-11-29 08:06:58.645492639,77
-42.08431432492674,173.14600857586623,5.0,2016-11-16 16:39:54.140367696,77
-41.79052569993529,174.1431467108851,4.4,2016-11-23 12:08:45.158890794,77
-41.79523913615207,174.2921759116795,4.2,2016-11-17 19:52:43.068888411,77
-42.23442266825768,173.96213983421632,4.8,2016-11-14 05:52:46.372096809,77
-41.69123188691397,174.2203269747788,4.2,2016-11-16 22:31:45.754926101,77
-42.04770165260247,174.0789419134278,4.4,2016-11-14 09:04:57.940626976,77
-41.68495166478831,174.34256276309344,4.4,2016-11-23 15:53:22.658373542,77
-42.02917603081941,172.58410723445547,4.1,2016-12-04 04:00:34.595562630,77
-42.30607056876745,173.50712559415,4.8,2016-11-28 12:47:38.872069081,77
-46.64710278283229,166.11844223109134,4.3,2016-12-04 17:30:17.481707095,78
-42.19963746164541,173.82733256532978,4.5,2016-11-14 09:28:27.615231465,78
-42.65717859638876,172.80377110639583,4.3,2016-12-13 21:16:17.604521430,78
-42.23173691981663,173.68585877705277,4.1,2016-11-14 21:28:57.194837053,78
-42.22101512177166,173.65760706634345,4.3,2016-11-14 11:46:08.556009276,78
-42.1648007910785,173.5960567723724,6.4,2016-11-15 16:36:52.111615480,78
-42.53876689590661,173.78842021234797,5.3,2016-11-16 01:27:19.872518718,78
-41.745186068320784,174.21288690003064,4.9,2016-11-23 04:33:04.006647617,78
-41.82555954952261,174.23988299203407,4.7,2016-11-14 06:50:41.673424708,78
-42.253174942766165,173.61687832189597,4.1,2016-11-25 00:38:57.538533801,78
-41.70000071817969,174.2372871777529,4.3,2016-11-22 01:30:28.403865564,78
-41.740372544211866,174.29985895351152,6.5,2016-11-14 08:54:20.111651487,78
-41.72444704895157,174.19303307696742,4.4,2016-11-20 12:13:36.996076524,78
-42.18902517423144,173.83302210337632,4.5,2016-11-14 22:50:04.924528410,78
-42.407560857344805,173.89017641983978,4.5,2016-11-15 17:39:11.237255555,78
-41.818677873597856,174.1609871025303,4.1,2016-11-14 08:56:03.655539164,78
-38.65245858273435,175.72487073759157,4.4,2016-11-27 10:29:11.055131,79
-37.64875245240002,176.44859468628263,4.2,2016-12-05 05:12:38.373837224,79
-43.059301293794974,172.57650146017366,4.2,2016-11-14 03:40:01.585336544,79
-42.49765016106296,173.3297527699818,4.9,2016-11-14 02:24:31.098223648,79
-41.7181930740428,174.28773153645497,4.3,2016-11-17 19:42:17.068270849,79
-42.51415565207832,173.7993929391195,4.3,2016-11-16 11:32:37.705851485,79
-42.2797865705644,173.68582777044998,4.1,2016-11-14 09:03:37.188371507,79
-42.17372508715888,172.92370784944268,4.1,2016-11-14 06:49:47.297238133,79
-42.48793711182429,172.86262894849608,4.2,2016-11-17 04:48:19.525166145,79
-44.08295208574085,167.71047023633193,4.7,2016-12-04 12:27:23.575665,80
-41.366541051983006,172.37934897700544,4.3,2016-12-12 02:48:55.100493,80
-43.00296019611419,172.90974758278205,5.0,2016-11-19 09:27:13.811601276,80
-41.74921154598682,174.06433482500657,4.2,2016-11-17 09:13:45.501291642,80
-42.8419398610576,172.84088088910175,4.7,2016-11-14 05:21:09.575385235,80
-42.73225493619068,173.02641229087206,5.0,2016-11-14 12:30:28.253866282,80
-42.39892298007011,173.62019679027262,4.1,2016-11-18 10:48:45.363146783,80
-42.228697585702,173.68265433072176,4.2,2016-12-03 13:26:58.172716760,80
-42.22231768089839,173.5948113406777,4.6,2016-11-21 06:46:33.033092555,80
-42.33246848977966,173.39372088190646,4.4,2016-11-15 03:20:29.296342576,80
-41.75598104158167,174.2985657469909,4.1,2016-11-14 00:03:23.041815746,80
-42.176014331632814,172.93313817977872,4.1,2016-11-19 16:22:13.198374073,80
-41.94208167908911,174.0460166978798,4.9,2016-11-17 22:08:13.523898747,80
-42.68959931088555,172.76088068994218,4.1,2016-11-14 12:31:43.615828113,80
-42.10621792776112,173.7053459038069,4.1,2016-11-21 08:11:06.268002778,80
-36.52915342478384,177.7530912923006,4.8,2016-11-22 07:51:07.291363,81
-36.14248409789577,178.07378865477853,4.3,2016-11-24 19:44:36.606115,81
-36.5635239365788,177.68425357453538,4.2,2016-11-22 17:07:16.103512562,81
-36.28580877402583,178.1501064797368,4.4,2016-12-02 17:57:37.022704416,81
-42.11329956323027,173.47155773757814,4.1,2016-11-14 02:28:32.430275461,81
-42.05846508680206,173.71610864576903,4.2,2016-11-16 21:48:56.046313044,81
-41.94547782827926,173.6502932640858,5.0,2016-11-18 12:40:33.116667921,81
-41.736244195241376,174.20961427304,4.2,2016-11-14 12:23:52.277714961,81
-42.29430496246199,173.69845166850064,4.6,2016-11-16 10:14:00.935913112,81
-45.21817098455433,166.63866062468438,4.2,2016-11-17 03:34:43.782044,82
-37.79544762574093,179.35703650593126,4.1,2016-11-25 10:10:54.138316,82
-36.68636923688864,176.98095683933366,4.5,2016-12-09 03:09:36.819145,82
-42.61604674066606,173.02509309648772,4.6,2016-11-15 02:26:09.469890261,82
-42.63338581282592,172.9293584860564,4.2,2016-11-18 22:50:37.981352310,82
-41.97158069399367,173.7040655856004,4.8,2016-11-28 13:55:36.276155686,82
-41.78289016824996,174.25437921562343,4.1,2016-11-15 02:42:25.814241704,82
-42.06244680163732,174.1339074888291,4.6,2016-11-17 10:38:26.742918177,82
-41.76681615182675,174.04494433936793,4.4,2016-11-27 06:39:36.039181289,82
-42.36941922694534,173.90370738772248,5.2,2016-11-21 07:15:43.812045388,82
-41.69692257969091,174.2540121990277,4.2,2016-11-14 00:08:21.831708241,82
-41.77735521965538,174.37216105899267,4.3,2016-11-14 07:30:03.362470870,82
-44.61207479081233,168.3914316123298,4.2,2016-11-28 11:06:33.809363,83
-36.99469354822402,176.49175992379628,5.3,2016-11-30 09:45:03.404064,83
-37.12281926947933,178.75697770130188,4.2,2016-11-19 18:00:56.020403974,83
-42.72402270726675,173.75603685974838,4.8,2016-11-14 00:12:24.739242517,83
-42.51757337434365,173.06674464247615,4.2,2016-12-10 13:01:01.856244455,83
-41.99288898958202,174.1303031106595,4.6,2016-11-16 02:02:30.383630603,83
-41.78048518486122,174.02495484548078,4.1,2016-11-17 11:32:47.815874318,83
-41.75137467724733,174.3854191767394,5.4,2016-11-16 01:23:11.721546697,83
-42.14523128495277,174.0801313249372,4.4,2016-11-16 06:20:28.386646236,83
-42.64254424412306,172.76118636576012,4.4,2016-11-19 17:52:12.762633146,83
-42.68137274812662,173.32923809184223,4.2,2016-11-15 13:31:11.627643497,83
-42.70027015432454,173.37151345250646,4.1,2016-11-15 14:09:45.633142139,83
-36.673401898563945,177.49392552240815,4.2,2016-12-09 03:45:55.890654,84
-38.91147547925447,175.7729613843284,6.2,2016-12-01 15:58:01.703415132,84
-41.80664673990709,174.10095482163035,4.7,2016-11-15 05:39:34.559063246,84
-41.690737521837,174.41174441892397,5.6,2016-11-24 02:09:14.939255209,84
-41.74947007742469,174.160717432582,4.4,2016-12-02 04:00:45.620819900,84
-41.736969455506014,174.27366831446216,4.2,2016-11-15 17:17:37.336808857,84
-42.51914336811004,174.6342593891502,4.5,2016-11-14 05:44:41.443938643,84
-41.774161560047936,174.1777212918181,5.4,2016-12-02 04:31:49.655196120,84
-42.55015123654732,173.61493842290162,4.1,2016-11-23 00:03:15.195965711,85
-41.92782397260849,174.3004918836799,4.2,2016-11-29 07:38:34.238385044,85
-41.74927946493328,174.25647294302263,4.2,2016-11-21 02:21:32.227060379,85
-41.89260190155739,173.8391639028539,5.6,2016-11-29 08:07:09.708557042,85
-42.4053943950408,173.57580950395572,4.9,2016-11-15 18:29:26.504556222,85
-41.67869072111748,173.95884997087236,4.1,2016-11-15 08:39:22.769802,86
-37.8706062608007,179.2975722243713,4.1,2016-11-20 09:45:30.902735,86
-46.06586513092582,166.02108060926687,4.8,2016-12-09 18:38:18.969011125,86
-40.4854272037242,173.9337591636972,4.2,2016-11-14 00:46:27.499076963,86
-41.70668491573109,174.24877010588713,5.6,2016-11-17 03:16:57.333483847,86
-42.28772778807576,173.47111125233354,4.8,2016-11-15 15:13:33.136128922,86
-42.264117171878354,173.64869617954167,4.1,2016-11-30 10:14:56.002469560,86
-42.40744097168913,173.21192435509366,4.3,2016-11-17 02:04:12.772169112,86
-42.32083014080281,173.11051572928375,4.1,2016-11-17 19:19:12.458237345,86
-40.8959385385068,174.47489632816172,5.0,2016-12-05 02:24:14.316929,87
-41.44037923343168,172.59069068723988,4.6,2016-11-23 20:08:52.450122429,87
-36.96056454464376,179.60982926732376,4.1,2016-12-10 23:47:07.071027905,87
-42.88662273322254,172.95226073635905,4.3,2016-11-15 06:40:32.624835401,87
-42.6620888647327,172.74986387384712,4.2,2016-11-28 11:26:34.480389222,87
-41.80930041135278,174.24686428538269,4.4,2016-11-27 18:56:38.171596404,87
-41.836256917098176,174.25830793082162,4.1,2016-11-20 12:51:06.114570046,87
-42.20602910106064,173.55746322438495,4.3,2016-11-18 01:55:18.749318563,87
-41.864475807770255,173.9709673566072,4.1,2016-11-16 01:31:32.057034798,87
-42.27704894782951,173.60859098868258,4.1,2016-12-10 20:26:38.138107360,87
-41.695965887030646,174.00402229788702,4.2,2016-11-24 05:29:33.520313106,87
-42.42234879700385,174.03732879178062,4.2,2016-11-21 05:48:48.007508526,87
-42.15341293305124,172.90002447040212,4.6,2016-11-14 00:50:15.950286228,87
-41.60578728250068,174.41239508384243,4.3,2016-11-14 00:06:22.589176132,87
-41.7068443777176,174.4165004491546,4.3,2016-11-14 04:10:41.112582219,87
-41.19755180635658,174.63252647754965,4.1,2016-11-19 23:51:56.611149,88
-37.03583151272827,179.10664582412485,4.6,2016-11-19 20:08:51.597467573,88
-41.85826576272324,173.9936953914697,4.3,2016-11-17 10:02:46.440991409,88
-42.69243253518231,172.87376569563656,4.5,2016-11-14 09:23:45.140136532,88
-42.39525439116133,173.37119609048216,4.2,2016-11-15 10:03:19.076654855,88
-42.42246475420398,173.345021402042,5.2,2016-11-24 19:07:42.887989693,88
-41.66471068020124,174.43716474162176,4.7,2016-11-14 18:55:04.622008592,88
-42.55933685681721,173.41597955185748,4.6,2016-11-15 21:00:38.517387356,88
-41.66545542821846,174.10850015104677,4.3,2016-11-17 05:06:37.685387738,88
-42.55132693500239,172.64190395251538,4.6,2016-11-22 23:18:43.538395615,88
-39.16754718391605,176.91817523411902,4.7,2016-12-05 17:09:32.171944,89
-42.27223721570388,173.64549485284704,4.3,2016-11-18 10:05:26.331712082,89
-41.80939545107493,174.04305484479292,5.2,2016-11-24 09:19:25.176453928,89
-41.84152135864276,174.17866171035652,4.2,2016-11-14 21:24:59.513802204,89
-42.27527866938927,173.55410190802576,4.1,2016-11-15 00:36:55.372624299,89
-42.11750543361455,173.79509876568366,4.5,2016-11-15 14:58:17.797607717,89
-42.53170768748714,173.31978978200002,4.3,2016-11-30 09:52:24.947425541,89
-42.57240024008168,173.356170303444,5.7,2016-11-16 13:16:27.595716358,90
-42.30538529459493,173.7847079814526,4.4,2016-12-06 18:21:05.814404436,90
-41.75381968952278,174.3586253661783,4.1,2016-11-22 08:42:37.752775517,90
-41.80218380274629,174.2691735266391,4.1,2016-11-14 05:41:02.513511804,90
-41.72147553370258,174.23555882896528,4.4,2016-11-17 03:55:39.527219584,90
-42.3440356413452,174.02341319895905,4.3,2016-11-14 03:14:18.597147696,90
-45.02390187033267,167.55080607503302,5.0,2016-12-01 04:20:12.319311,91
-45.32442619579499,167.16682466972688,4.6,2016-11-22 22:33:59.921319544,91
-40.57337632671454,176.36643384546716,4.1,2016-11-22 10:42:46.367896513,91
-37.13387686589556,178.76160348454323,4.1,2016-12-08 21:54:04.104065608,91
-41.8560839042985,174.20915553671315,5.6,2016-11-14 01:12:33.950066106,91
-41.704234236887736,174.22067163213015,4.7,2016-11-18 11:44:09.636895841,91
-42.27845176956264,173.67332652857309,4.3,2016-11-14 00:55:15.840466385,91
-38.952072570066086,174.8205584614021,5.0,2016-11-16 15:38:08.719678,92
-37.22110995971825,178.56204709418645,4.2,2016-11-18 18:19:45.724036,92
-36.82833396575016,177.8505100100305,5.5,2016-12-06 10:15:55.619579,92
-40.33960472964981,173.44178262223184,4.2,2016-12-11 07:48:16.601906819,92
-42.74333203642045,173.39869089780714,4.2,2016-11-14 15:39:20.744306741,92
-42.052382654036265,173.94740360455663,4.2,2016-11-30 18:56:35.748750331,92
-42.54732881331525,173.30214297438815,4.1,2016-11-15 18:51:07.337461361,92
-42.01261693608168,173.78730236953388,4.1,2016-11-16 16:22:03.065120477,92
-42.63609706535358,173.03948818815692,5.0,2016-11-27 01:17:39.247126136,92
-41.91233318799392,174.18879845840826,5.2,2016-11-16 09:32:35.703879036,92
-41.79636842669332,174.20324119358366,4.1,2016-11-14 21:52:07.866458990,92
-42.18613930372469,173.62303110647983,4.6,2016-12-11 01:57:44.030125864,92
-40.70865080831468,176.71116702530935,4.6,2016-11-18 15:14:40.024713,93
-40.22377797106272,173.4925127526892,4.8,2016-11-27 04:02:26.381357,93
-37.949614745142846,176.6512065841443,4.1,2016-12-05 05:39:33.439310,93
-38.88856833001552,176.6300119131908,4.6,2016-12-10 00:04:31.570573,93
-44.21454245509215,167.56284946887757,4.6,2016-11-15 01:16:33.616974348,93
-41.78843222773203,174.25531792406392,4.1,2016-11-14 05:25:06.290032664,93
-42.04342771444262,173.70412455246833,5.5,2016-12-09 15:55:23.729692265,93
-41.99071049796756,173.73705414452184,4.1,2016-11-22 23:35:43.746417803,93
-41.71472645952602,174.25053951719846,4.8,2016-11-14 02:28:49.188497560,93
-41.84183683892405,174.06615622798196,4.1,2016-11-22 08:05:26.461878264,93
-41.94088529021396,173.93330831210875,4.1,2016-12-06 06:35:33.646999120,93
-42.63551411239524,172.83332723953478,5.2,2016-11-15 22:26:26.290370456,93
-42.293706590196656,174.0935029462254,4.4,2016-11-19 08:08:47.156088281,93
-42.01740507585362,174.28085269934263,4.1,2016-11-14 04:00:10.973691797,93
-42.33068596312449,173.9014330317136,4.4,2016-11-22 22:09:14.753983250,93
-41.66392498115489,174.23191511981636,4.3,2016-11-15 01:55:59.391110922,93
-41.851856517876165,174.04424784498903,4.2,2016-12-01 10:03:41.519997197,93
-38.15156565093344,176.50706546660584,4.8,2016-11-19 18:26:14.466068,94
-40.74294329020343,173.309625976805,4.3,2016-11-21 11:12:59.817987,94
-45.341064633873714,166.73602180397253,4.3,2016-12-04 02:32:19.016445,94
-37.61593639978015,178.5549176535779,4.3,2016-12-05 00:38:16.822484,94
-35.90431541908836,179.73034366699528,4.9,2016-12-05 07:02:42.169919,94
-37.97170512158765,176.00214839114795,4.1,2016-12-07 05:12:18.119278,94
-41.74286532103571,174.18556353029655,6.2,2016-12-04 06:22:46.743911760,94
-41.61484434148644,174.33649780539963,4.6,2016-12-04 01:01:41.846701483,94
-41.76601401386807,174.270392707227,4.2,2016-11-19 02:41:07.829156494,94
-42.16284098295727,173.83843565919585,4.4,2016-11-18 15:25:48.131476959,94
-37.26997846642515,178.89314612491404,4.8,2016-12-07 07:55:15.189000138,95
-41.76204833269384,174.21305324579802,4.7,2016-11-14 04:46:12.974199166,95
-41.51340172442317,174.31747503569036,4.5,2016-11-14 10:21:21.998022485,95
-41.96533561208799,174.31233016312905,4.7,2016-11-22 01:13:05.866088496,95
-42.1627705475696,173.8386949037102,4.3,2016-11-15 15:07:18.821744966,95
-42.25253019147517,173.97956433714438,5.0,2016-11-18 14:17:30.231132926,95
-42.3904195823016,173.45683442203807,4.1,2016-12-02 23:00:51.487201727,95
-40.5350591464268,173.15600195071198,4.7,2016-11-19 20:28:05.304081,96
-38.18396593039465,176.34657551608535,4.6,2016-12-03 14:08:14.774831006,96
-42.43709322547664,172.96923239553493,4.5,2016-11-14 07:04:34.689685880,96
-40.1364517019827,176.70641174053847,4.3,2016-11-16 20:04:48.184998552,96
-42.6924159671387,173.18082163260306,4.1,2016-12-01 09:04:19.412565079,96
-42.43676240212939,173.75895405509428,4.4,2016-11-23 17:36:16.628997429,96
-42.5286230642403,173.3398432017681,4.1,2016-11-14 21:42:47.600680577,96
-42.192538498288044,173.6149445231016,4.5,2016-11-14 01:41:59.622958800,96
-42.651019063981984,172.72329794253417,4.2,2016-11-27 15:18:13.308464013,96
-41.823453920438176,174.04852949433757,4.7,2016-11-14 11:07:25.398349079,96
-41.70417986848267,174.28142429005757,4.5,2016-11-15 03:53:11.816558128,96
-41.69049277098728,174.26954953109376,4.3,2016-11-14 22:55:12.537162068,96
-42.49931549183406,173.35868154769418,4.8,2016-11-14 22:36:11.643220486,96
-36.93106980240135,177.6191021271789,4.3,2016-11-19 15:57:42.580748,97
-39.53297388262877,174.22001507321357,4.7,2016-11-24 15:19:20.982071,97
-37.84723909643418,176.17820890294425,4.2,2016-12-12 02:14:44.838990833,97
-42.02413555319986,173.9261146715127,4.9,2016-11-24 01:51:34.490610329,97
-41.79075432216857,174.26268778075445,4.4,2016-11-15 06:52:09.825080942,97
-42.59206483942312,173.2471621384753,4.2,2016-11-14 06:54:38.187507775,97
-37.69511485899776,177.0841733170453,4.7,2016-11-15 04:31:39.403520,98
-36.45220606555949,177.79995590884369,4.1,2016-11-18 11:36:58.052797,98
-44.9217140245322,167.77120896743287,4.5,2016-11-18 15:16:59.648397,98
-46.76253483146965,165.55318342803673,4.1,2016-12-02 14:04:37.858407,98
-43.64329941577465,172.9044167298144,4.1,2016-12-11 06:38:32.771704,98
-42.38291589641658,172.5863211285304,4.1,2016-11-15 06:24:10.769971637,98
-42.541427913706,172.8997656433217,4.5,2016-11-15 17:28:25.763363717,98
-41.50661522727403,174.00316138014605,4.2,2016-11-19 08:29:36.464513518,98
-42.49314701527892,173.9234670636405,4.1,2016-11-19 18:07:26.266510167,98
-41.68180190845487,174.23950156502923,4.1,2016-11-14 07:03:43.532559710,98
-42.69187016044921,172.78292302419197,4.2,2016-11-17 23:12:34.412490247,98
-41.96487467408865,173.97056470183844,4.3,2016-11-30 20:55:12.024385504,98
-42.19863040995212,173.62673495882177,4.3,2016-12-09 19:07:51.327311590,98
-42.05997807066956,173.66645429694094,4.3,2016-11-17 11:41:38.217296957,98
-36.23848201502536,178.35573017744406,5.2,2016-11-20 13:03:49.378207,99
-45.473262956434354,166.80258658875488,4.9,2016-12-09 23:08:02.893513,99
-36.03693329723464,178.0943369632981,4.4,2016-12-10 16:54:09.402938856,99
-41.99991250516798,173.78804232175372,4.3,2016-11-14 09:45:19.000447667,99
-41.82474060222097,174.12127149067484,4.9,2016-11-16 14:54:57.652045540,99
-42.05698630718679,174.13536326125111,4.9,2016-11-15 22:20:14.380167438,99
-41.89545925146342,173.95249744725254,4.2,2016-11-22 03:48:09.839897223,99
-42.22550267853588,173.6929220398087,4.9,2016-12-06 07:35:30.479561437,99
-42.24392657031584,173.6492199494993,4.1,2016-12-04 16:33:26.211868590,99
-42.33420068783335,173.74329809759382,4.9,2016-11-14 02:07:23.681452498,99
-41.74693773447466,174.2602328497314,4.1,2016-11-14 22:11:03.821807025,99
-42.05921531062502,174.08569265767133,4.4,2016-11-14 00:50:47.056952901,99
-41.76807989285724,174.2029879611423,4.9,2016-11-14 05:48:14.162334531,99
-42.39439590759854,173.4814695395451,4.3,2016-11-21 03:44:03.115987,100
-41.5511584622784,174.6066358613424,4.8,2016-12-12 08:35:30.900605934,100
-40.52182124742145,173.4392598291193,4.3,2016-11-26 16:13:52.480136776,100
-39.171413879851706,173.6697118782897,4.3,2016-11-26 09:18:53.892028331,100
-42.33328787500413,173.38232586005958,4.1,2016-11-14 06:10:09.101122660,100
-42.729291824125845,172.99592888335167,4.2,2016-11-14 00:51:29.486471256,100
-41.85150844907786,173.85145515210576,4.1,2016-11-21 00:24:07.620328197,100
-42.03980013526164,174.92041695497915,4.1,2016-11-16 19:57:53.403959840,100
-42.46671455862624,173.38166279785378,5.4,2016-11-15 20:29:55.525703788,100
-40.27635648016695,173.4699697944636,4.5,2016-11-26 16:19:49.050758053,100
-36.95758448326862,179.00936224570455,5.3,2016-12-09 20:03:20.620103149,101
-36.96744139611758,179.3965577477246,4.5,2016-11-21 09:31:42.495838984,101
-36.85602406249767,179.3974846100159,4.2,2016-11-19 14:59:39.960293959,101
-41.92319030818332,173.87480998841215,4.4,2016-11-17 14:01:56.483161670,101
-42.95120112364078,173.47922313565525,4.1,2016-12-10 16:47:40.972818175,101
-42.44721897391023,173.76284584632506,4.1,2016-12-10 00:29:18.875962143,101
-41.76160593472015,174.22041532045696,4.3,2016-11-21 12:06:27.111380932,101
-41.32232657637589,174.6794162862528,4.2,2016-11-19 16:25:03.683550564,101
-42.289009410798,174.0091617491107,4.6,2016-11-21 03:20:54.415249396,101
-42.117475412611846,172.98764605559336,4.5,2016-12-09 06:46:54.647479749,101
-36.51881615167749,177.3641519700988,4.5,2016-11-27 00:02:32.791362,102
-42.52436832027114,173.08493826014453,4.1,2016-12-02 20:21:03.349502237,102
-42.59071838736459,172.97571691907476,4.2,2016-12-10 20:16:12.055700654,102
-41.92697441314914,173.87173620961084,4.2,2016-11-16 22:21:02.160795005,102
-42.20535479886905,173.73354498185174,4.1,2016-11-14 06:09:41.669464930,102
-41.88136147897353,173.84822226464726,4.3,2016-11-14 04:13:18.834803295,102
-41.72997482522476,174.34376996416117,4.3,2016-11-15 14:48:56.538021216,102
-39.68015296527075,174.13985965721417,4.1,2016-12-07 18:14:38.107429,103
-37.01962658114566,177.52682559753262,4.7,2016-12-08 01:39:27.977044,103
-42.57140385347406,173.10284574023322,4.1,2016-11-18 14:23:45.983428636,103
-41.98305467070694,173.60286356187453,4.2,2016-11-19 21:40:44.272174779,103
-41.798191790082925,174.208356135814,4.3,2016-12-13 01:32:13.871142920,103
-42.21249122782248,174.05363877459047,4.4,2016-11-14 15:32:29.209907848,103
-41.74404606727848,174.2544848984589,4.3,2016-11-19 19:55:22.725585953,103
-42.26538512958231,173.9080637475445,4.5,2016-11-20 09:31:20.178645001,103
-42.06599091641189,173.54318778208085,4.3,2016-11-19 22:05:15.805494893,103
-36.91388870698342,179.1230412441223,4.1,2016-11-14 00:08:11.652289170,103
-41.956377648266574,174.0105263167651,4.7,2016-11-14 01:18:05.266839709,103
-41.710244749570975,174.3040922367699,4.3,2016-11-14 02:52:19.350051185,103
-41.73905149074473,174.1005465276952,4.5,2016-11-16 12:10:33.437906024,103
-41.696902106626375,174.27182786455143,4.7,2016-11-15 04:52:41.711250671,103
-41.9674689161189,173.97140895257184,4.1,2016-11-15 16:35:29.519421958,103
-38.1593285238156,176.26164910051958,4.6,2016-11-14 00:02:39.402575,104
-39.07928124798705,175.2492984765706,4.4,2016-11-15 00:02:43.718500,104
-38.62602764591119,176.10610000558177,4.1,2016-11-21 01:18:17.921059069,104
-42.29547614155695,173.32201869716846,4.9,2016-11-18 11:24:28.922430651,104
-41.74490732996577,174.21032562822398,4.3,2016-11-14 19:23:21.719133060,104
-41.74372477497471,174.29433659460886,4.1,2016-11-24 05:59:10.893989033,104
-41.83639213640548,174.1656161666646,4.1,2016-11-14 08:37:04.571806081,104
-41.70336087406154,174.29062361514326,4.4,2016-11-22 23:27:08.782103511,104
-41.73230527529122,174.3692537237416,4.1,2016-11-15 20:50:58.300592392,104
-42.363917730818834,173.56248583419293,4.8,2016-11-14 01:09:13.294447784,104
-38.14507246270116,176.17825812921885,4.6,2016-11-19 08:51:05.622752,105
-36.32980164204658,178.46205202114209,4.2,2016-12-09 01:46:02.061785,105
-42.0804157047595,173.52294057040933,5.7,2016-11-17 03:10:49.973218605,105
-42.658723695343326,172.74709986749744,4.4,2016-11-19 14:01:56.295345562,105
-41.64525302930421,174.22629996068775,4.1,2016-12-04 13:43:36.302321550,105
-42.33732375274082,173.67358814518482,4.3,2016-11-16 08:36:58.200628810,105
-41.98377494115991,173.29164432278148,4.1,2016-12-06 21:53:00.125357566,105
-41.770980117107726,174.34182933710233,4.9,2016-11-14 10:21:20.251951203,105
-41.70080650622438,174.3478125867236,4.6,2016-11-18 23:25:19.857917144,105
-38.57694298857214,176.01339600611303,4.4,2016-11-17 14:54:38.801360,106
-43.59716547107808,172.88212567194591,4.4,2016-12-11 19:26:13.285657223,106
-37.1848465162455,177.4492250000026,4.2,2016-11-18 00:20:20.133206207,106
-42.51943558271069,172.92110766443076,4.7,2016-11-15 09:08:36.799633731,106
-41.7808358048551,174.2160414401029,4.1,2016-11-15 10:08:07.250675725,106
-41.749092256882975,174.14516789235677,4.1,2016-11-14 15:35:08.347644039,106
-41.86788795963285,174.3125000160141,4.1,2016-11-14 07:10:47.154741224,106
-42.249406312200215,173.50115793805642,4.2,2016-11-22 15:33:45.737318192,106
-41.90798391468046,174.13347328296658,4.1,2016-11-14 08:06:54.153177695,106
-42.341537395118486,173.901979288223,4.3,2016-12-05 02:57:19.130103862,106
-42.4910456806683,173.33349572867525,4.4,2016-11-18 00:23:23.543489295,106
-42.39526136231238,173.5139106720447,4.1,2016-11-15 04:08:51.114408668,106
-38.43863575684506,175.97516439034806,4.3,2016-11-29 04:12:13.453302,107
-41.72541093228813,174.38835535154814,4.3,2016-11-14 15:38:42.684964281,107
-41.70656098732576,174.25872390827058,4.1,2016-12-11 08:32:10.797447514,107
-42.16230067540221,173.96964230432664,4.4,2016-11-14 15:01:35.594304241,107
-41.6930983860198,174.28640291279552,4.3,2016-12-10 02:59:27.258799547,108
-42.64844163637133,172.9897995220843,4.2,2016-11-14 07:56:40.993816471,108
-41.73839425304948,174.42863778824167,4.2,2016-11-23 18:54:08.151973317,108
-42.181877901291074,173.6235962831421,5.0,2016-11-19 13:48:28.385595776,108
-42.20538864265393,174.3452061915426,4.7,2016-11-16 18:04:50.229040565,108
-42.47978400762034,173.16358784037376,4.1,2016-12-08 08:58:04.277436161,108
-42.65834199672149,172.95392759790067,4.1,2016-11-26 15:14:45.611807820,108
-42.36410515118561,173.35520460464025,4.1,2016-11-23 01:57:35.435230028,108
-41.795156713959386,174.32499212231502,5.0,2016-11-16 04:53:30.283341172,108
-41.93349334067664,174.0881958557314,4.2,2016-11-17 16:39:42.234039311,108
-42.42686340868208,174.00866573672502,7.8,2016-11-17 19:05:09.584443365,108
-42.37154572405761,174.3940626054753,4.1,2016-11-21 00:09:09.886770693,108
-42.49486788611396,173.9268909711274,4.3,2016-11-19 04:05:41.491501608,108
-42.38896596726957,174.44476303791657,4.5,2016-11-21 12:47:24.382922362,108
-38.61982863235495,175.69618228719804,4.1,2016-12-08 02:40:33.317037,109
-42.65364898829178,172.81658590669534,4.5,2016-11-14 01:02:59.133948354,109
-37.60558221236837,179.34489953048217,4.7,2016-12-13 13:13:26.671296,110
-37.12934364555,179.20974993201534,4.5,2016-11-18 14:19:34.673230742,110
-42.86170327082564,172.719664491511,4.6,2016-11-18 14:38:05.619664418,110
-42.81979301087267,172.86599784634004,4.7,2016-11-18 02:45:32.257126951,110
-42.52729814156536,173.23163319771382,4.1,2016-11-14 07:27:58.678004117,110
-42.352817058240376,173.47464888407586,4.2,2016-11-17 00:32:03.018438480,110
-42.03047820592262,174.09560003691308,5.8,2016-11-24 15:39:10.438783966,110
-42.23870408576355,173.64083405828865,4.3,2016-11-14 08:23:05.818159192,110
-39.280660052695545,175.0665407268407,4.2,2016-11-14 23:21:56.670428,111
-39.35525715137288,177.52993871822315,4.7,2016-11-17 03:08:49.169941,111
-38.363580437351175,175.96010390843455,5.5,2016-11-17 08:02:21.975678,111
-42.82815926840126,173.15987576649488,4.3,2016-11-30 14:48:58.375714720,111
-42.00313220350527,173.6814630163054,4.7,2016-11-21 11:53:57.307076985,111
-42.47020818819399,173.22218310606323,4.1,2016-11-14 01:46:30.837904235,111
-42.23121731773548,173.54901550869823,5.1,2016-11-16 08:29:48.800645993,111
-42.08050274512374,173.82350646097015,4.2,2016-12-06 16:44:40.851318528,111
-42.669388761380034,172.87176841761547,4.1,2016-11-18 02:49:54.223669352,111
-42.11945742904432,173.70850204168372,4.1,2016-11-14 03:10:23.154654205,111
-41.70848710997893,174.2733700741722,5.0,2016-12-10 15:37:15.700284463,111
-42.26551972561333,173.53454289900912,4.1,2016-11-23 11:37:54.168999957,111
-39.06145366473654,172.77534862684422,4.3,2016-11-28 01:27:35.235965916,112
-42.92364846647251,173.06957202354474,4.6,2016-12-03 02:25:43.550481291,112
-42.53635054209957,173.3180952575136,4.5,2016-12-06 11:05:55.396064591,112
-41.85540895362839,174.09765659174545,4.1,2016-11-15 11:09:59.308620644,112
-42.51528775661064,172.8515708787078,4.8,2016-11-15 16:10:21.175964929,112
-41.71727227086249,174.34217428050715,4.1,2016-11-14 22:20:20.646487754,112
-41.8400971011715,174.05675853179872,4.3,2016-11-15 03:04:58.583414961,112
-41.72882480255206,174.21916337154957,4.2,2016-11-20 06:06:44.505553259,112
-41.719530253312655,174.22681090371844,4.3,2016-11-19 16:57:15.384302853,112
-41.82944985363573,174.030347237298,4.6,2016-11-26 01:43:53.825723775,112
-42.09148127619847,173.74374398417137,4.1,2016-12-11 19:28:20.885524614,112
-42.97511002818753,173.05535140184574,4.5,2016-12-03 02:35:38.276202644,112
-38.77285444562788,175.72483321703442,5.0,2016-12-05 17:25:47.786971,113
-42.860051406569234,173.22984933309243,4.2,2016-11-16 17:39:59.340651503,113
-41.850808015919306,174.26566875946114,4.3,2016-11-28 02:57:36.617538030,113
-42.24423565297517,173.8038093007396,4.3,2016-11-20 00:04:38.741575206,113
-41.75159284227234,174.1440730759296,4.2,2016-11-15 05:04:16.944028364,113
-41.688283274433616,174.21722255981052,4.2,2016-12-12 16:35:29.414451710,113
-42.23717827803347,173.65934136253367,4.1,2016-12-12 00:28:09.533036532,113
-41.87158847432158,174.37487278861434,4.1,2016-11-14 00:51:16.104366384,113
-41.96045244987882,173.82402831850536,4.6,2016-11-14 02:08:34.467068625,113
-41.70798244543639,174.31531779558213,4.4,2016-11-14 04:17:40.910668474,113
-45.39959578615313,166.6485946950704,4.5,2016-12-08 04:12:10.469702300,114
-37.94054403730935,175.82117974182512,4.6,2016-11-26 00:13:01.057791280,114
-46.72845407401764,165.3173550218234,4.2,2016-12-08 07:27:41.362075741,114
-37.16982368032038,178.92306919599812,4.1,2016-11-28 08:06:54.226658241,114
-41.71672607734846,174.2202926173396,4.2,2016-11-19 02:10:12.224192542,114
-41.71436630383458,174.44555843671074,5.6,2016-11-15 18:46:58.955969594,114
-41.61131657193808,174.3831950019721,5.7,2016-11-19 18:49:30.469818596,114
-42.14457962340189,173.61676876317193,5.2,2016-12-01 23:22:07.996197739,114
-42.34827786759294,173.5565460647005,4.4,2016-11-19 23:11:00.396653139,114
-42.23039510993883,173.88399114259582,4.4,2016-11-17 05:18:32.194617005,114
-41.732629415106544,174.2546420976246,4.4,2016-12-07 16:57:02.096616679,114
-42.55917693852,173.32885353792966,4.1,2016-11-23 21:59:20.338721302,114
-42.70018071097682,172.79927723626074,4.4,2016-11-14 03:52:59.978989087,114
-41.72184756624023,174.33867994600735,4.6,2016-11-25 04:38:37.550350169,114
-46.71034360990247,165.34920521519413,4.3,2016-12-08 07:35:34.811694659,114
-41.63774814417785,174.4355140314446,4.6,2016-11-19 21:28:43.046843228,114
-42.03322546031989,173.637402513757,4.2,2016-11-17 01:17:14.478404806,115
-42.63505776578194,172.88841593954356,4.6,2016-12-01 21:51:45.535784758,115
-42.66184109272648,172.7738955354176,4.3,2016-12-02 00:24:32.296840015,115
-41.76314531353373,174.26223075910258,4.3,2016-11-17 17:25:01.305215466,115
-42.67789258788802,172.97510758903906,4.1,2016-11-14 14:38:26.256070306,115
-41.71182519050043,174.34628446266268,4.7,2016-11-15 17:11:12.817349900,115
-41.70372948039123,174.26975253230808,5.0,2016-11-21 04:31:49.254188673,115
-42.44478758030955,174.09573677005184,4.3,2016-12-01 18:56:22.297425843,115
-42.6782053005926,172.66999072091082,4.1,2016-12-10 05:19:23.519658670,115
-41.88522429166418,174.0048793854878,4.4,2016-11-23 21:06:59.995134181,115
-41.80757577879244,174.3632565381226,5.3,2016-11-20 09:25:49.181090024,115
-40.537617301476814,173.70233433435865,4.3,2016-11-16 13:39:20.183233,116
-40.577656027201954,173.84397198083224,4.1,2016-11-16 13:40:06.298898986,116
-43.31683526187586,173.69638598283882,4.5,2016-12-01 00:51:53.148272679,116
-42.47281462964377,173.14049650626097,4.1,2016-11-25 10:24:37.999854046,116
-42.51200298821804,173.12303123256766,4.5,2016-11-15 14:37:21.866891323,116
-42.52697063921448,172.93581243184036,4.2,2016-11-14 03:44:18.806490865,116
-42.04542579337421,173.72235019560227,4.2,2016-11-17 18:30:43.022459388,116
-41.671678861280434,174.3151568344944,4.3,2016-11-16 09:41:20.627876968,116
-41.736126210620334,174.29723889507096,5.6,2016-11-14 23:28:17.372966737,116
-42.27935700359122,173.73452759742872,4.4,2016-11-29 08:12:18.441103088,116
-42.53265560519874,173.80036006984335,4.7,2016-11-15 23:00:15.531206565,116
-42.372173502242525,172.65302622849362,4.1,2016-11-16 00:39:00.208588315,116
-42.07756890490778,173.8493664666888,4.3,2016-11-17 15:57:37.562804421,116
-41.76549122519616,174.3658127962331,4.6,2016-12-08 18:09:13.727718058,116
-44.58918136134596,167.99536409319273,4.5,2016-11-16 19:47:53.279423,117
-42.665811411397314,173.35981161131443,4.1,2016-11-17 15:16:46.267990625,117
-41.98912734952369,173.70131490056127,4.8,2016-12-08 13:33:44.488925599,117
-42.18418408315211,173.63327677219235,4.2,2016-11-14 00:58:03.310176215,117
-41.68158238550704,174.19933024105882,4.2,2016-11-15 06:41:41.507824127,117
-41.75505199676717,174.29869928340835,4.2,2016-11-14 06:31:07.732389147,117
-41.70322653442967,174.24689468106274,4.1,2016-11-14 18:29:16.537316245,117
-41.739038380687575,174.20665085591008,4.1,2016-12-05 21:21:56.689047631,117
-41.69266847515679,174.24422711346094,4.1,2016-12-05 00:59:47.630370701,117
-38.60287767433386,178.15285254933298,4.1,2016-11-15 05:40:23.486204,118
-45.43862267029005,167.4900228739984,4.3,2016-12-07 20:42:39.139256,118
-36.15890785713813,177.69106165105697,4.4,2016-12-09 00:41:26.766483125,118
-37.12837018805198,176.63503263559127,4.3,2016-11-25 16:39:13.451813582,118
-35.92828874454861,178.84745575793156,4.1,2016-11-23 17:21:04.095011275,118
-43.28625630974632,172.09799908861604,4.3,2016-12-07 15:41:44.677053761,118
-42.05926669962853,173.6753037245179,4.6,2016-11-14 12:09:05.969138784,118
-41.75250532409098,174.68539317006517,4.8,2016-12-09 19:43:42.769565392,118
-41.80109844043165,174.3321751994828,4.1,2016-11-14 05:21:04.882386616,118
-42.40671641239211,173.5409105852026,4.3,2016-11-14 01:53:56.088135510,118
-41.73301432985336,174.45586950541843,4.1,2016-12-12 06:31:27.712355848,118
-37.43008050358541,179.59971149550435,4.7,2016-11-22 21:54:30.158047,119
-42.55882659590438,173.03225280710515,4.5,2016-11-14 07:05:38.818863578,119
-41.94813454414134,174.14805476035198,4.2,2016-11-20 05:19:33.165548733,119
-42.16965817767609,174.03143565432194,5.4,2016-11-19 16:38:49.789534256,119
-42.67795342086957,172.7663949753894,4.2,2016-11-17 09:19:25.678397809,119
-41.70883515886711,174.30967321464206,4.2,2016-11-14 00:33:21.871310123,119
-41.831652572286885,173.75948792765112,4.5,2016-12-05 08:50:00.503753,120
-38.72768269333749,176.17727525531026,4.1,2016-12-08 00:04:13.730732,120
-36.56199455420134,177.70333055222878,4.1,2016-11-18 09:56:33.445401080,120
-37.72172106248749,178.8795483163282,4.6,2016-12-09 19:06:28.016044234,120
-41.80375422093963,174.1967571919284,4.4,2016-11-14 01:20:49.636045017,120
-42.247065933542096,173.58567567197042,4.1,2016-12-11 18:52:15.425068852,120
-42.16805306650572,173.61054256639608,4.1,2016-11-14 21:00:00.521050990,120
-42.10938678852997,173.56631996394984,4.2,2016-11-15 02:54:30.989749740,120
-41.23506953996103,174.49188392486064,4.3,2016-11-19 00:52:39.345142091,120
-41.82589559489985,174.01888808315624,4.5,2016-11-16 16:01:09.693506968,120
-41.754305739057344,174.4236977345536,4.1,2016-11-15 04:14:21.381669510,120
-42.19330469144712,173.70561013449026,4.1,2016-11-18 11:30:06.856372881,120
-42.279050115760135,172.9138693559974,4.5,2016-11-14 18:48:21.097455190,120
-37.4552830030148,176.42767396941252,4.3,2016-12-04 02:44:15.777172,121
-40.04195209555625,173.75424580866053,4.3,2016-12-03 00:56:15.667085918,121
-41.55353082954034,174.45533682350273,4.5,2016-11-17 12:43:21.571387062,121
-37.69786980098517,179.00377792525725,4.7,2016-11-19 13:30:29.960201945,121
-37.3922984575544,178.81136906741455,4.2,2016-11-22 22:52:51.869386739,121
-42.83289440381551,172.82266225370128,4.3,2016-11-14 15:19:07.378428475,121
-42.25101074348478,173.6659559821112,5.0,2016-11-16 23:47:50.103745913,121
-42.17799649101786,173.71596568676622,4.2,2016-11-29 09:22:28.274498286,121
-42.252136188778,173.84535099532624,4.6,2016-11-29 03:55:30.848059063,121
-41.71837012496479,174.22556539316204,4.3,2016-11-18 15:27:29.813190920,121
-41.70151380743069,174.26671088496224,4.3,2016-11-15 03:16:54.652423246,121
-35.96051688949883,179.61211546962676,4.4,2016-11-21 07:02:26.801506,122
-38.190473650949016,176.013531782015,4.1,2016-12-03 19:02:53.244206,122
-42.91562303957144,173.1207267275613,4.2,2016-11-14 08:31:39.918759764,122
-41.89309222879587,174.23899063986613,4.2,2016-11-23 08:07:53.992523168,122
-41.76532690948503,174.43655380442272,4.2,2016-11-15 02:15:06.311519377,122
-41.7937058642279,173.94324118476987,4.7,2016-11-15 15:48:11.474245814,122
-42.586966697815214,172.88455464916976,4.3,2016-12-01 02:25:47.830110824,122
-41.74341130042141,174.40273760345082,4.5,2016-11-21 15:48:37.661046073,122
-42.51017647777293,173.14530269804527,4.9,2016-11-25 01:43:32.038392891,122
-41.70652616381615,174.3012746176744,4.1,2016-11-14 12:26:43.333759080,122
-41.65708806452584,174.29107592046952,4.3,2016-11-16 03:37:17.983497195,122
-41.70598931020723,174.3474851645105,4.4,2016-12-04 03:46:12.424034381,122
-35.692033652231025,178.58761933538997,4.1,2016-11-19 06:01:00.880477,123
-45.28858345620999,166.45714419484202,4.3,2016-12-13 20:56:04.423909,123
-41.47965762489493,173.5495071590062,4.3,2016-11-14 07:49:29.249395958,123
-41.70905595356373,174.24924671557469,6.0,2016-12-06 19:55:55.714189091,123
-41.79921839814158,174.025017767229,4.1,2016-11-24 09:20:10.950971749,123
-42.14700122679325,173.62950691065203,4.1,2016-11-16 17:11:48.477099620,123
-41.65451937577517,170.78958820191198,4.1,2016-12-11 19:57:42.661570427,123
-42.53710004962223,173.1623946791335,4.2,2016-11-14 19:29:45.585220823,123
-41.71518071950833,174.17480710867792,4.4,2016-11-18 07:51:59.595720961,123
-42.31860263225141,174.03324985081315,4.1,2016-11-16 07:26:36.544326045,123
-42.675861514923824,172.795275154586,4.1,2016-11-25 03:17:20.774174918,123
-39.52554883586926,173.90110819862585,4.1,2016-12-01 15:16:11.909319,124
-37.78065677710373,178.33033462482953,4.3,2016-12-03 23:44:16.525793,124
-38.385653160940464,178.79324334115282,5.2,2016-11-28 23:05:02.630168739,124
-41.84232523389255,174.20147581888688,4.2,2016-12-08 10:56:28.376745420,124
-41.722010842923176,174.18209789962174,4.3,2016-11-18 06:13:18.890166437,124
-42.14316939235149,174.01650855234777,4.7,2016-12-04 01:13:00.421779001,124
-42.2746136744824,173.4743762015099,5.6,2016-11-16 00:01:00.950404392,124
-42.568250882825616,173.21058342077214,4.2,2016-11-18 01:40:51.374265544,124
-41.77981209181608,174.27282338073212,4.6,2016-11-19 04:39:09.508975006,124
-42.70120573202397,172.80931084442938,4.1,2016-12-06 01:27:16.127581464,124
-42.69532463111518,172.78311336462735,4.9,2016-11-14 13:19:27.655722499,124
-42.683542657703626,172.6748420708069,4.2,2016-11-14 00:42:06.480535397,124
-41.70208697216388,174.19399831882905,4.2,2016-11-18 06:21:23.323484213,124
-42.29478581566528,173.46664716768933,4.7,2016-11-21 00:40:01.556740909,124
-41.676566209080896,174.35300030868032,4.1,2016-11-19 06:43:16.689908388,124
-37.447736192930606,177.1184290445648,4.7,2016-11-24 22:19:09.682553,125
-45.25811485376798,166.9218525517051,5.0,2016-11-28 07:58:38.549940,125
-36.712256973832034,177.16824047409636,4.4,2016-12-12 02:50:32.277462,125
-37.46510905008213,176.49331361323482,4.2,2016-11-25 22:22:51.352895588,125
-42.124772349773686,173.04884312528432,4.3,2016-11-18 05:22:24.120806823,125
-35.45154187989163,179.59603679256975,4.2,2016-11-27 12:10:30.457125114,125
-37.28211132133777,179.12450023995632,4.3,2016-11-28 07:51:54.018203683,125
-42.133638346732575,173.63254531417735,4.6,2016-12-02 15:14:05.003628981,125
-41.6663333716861,174.2575786723844,4.1,2016-11-14 05:42:57.538832059,125
-42.18945551258154,173.55645560884213,4.1,2016-11-14 07:11:38.904566895,125
-42.14723047811614,173.65378637553158,4.1,2016-11-17 04:25:03.004513849,125
-42.39016432559499,173.92355115812765,4.7,2016-11-14 10:03:59.627944514,125
-41.78544600378678,174.39460955001013,4.5,2016-11-26 20:30:19.744373972,125
-41.84477291061621,174.14454623264214,4.3,2016-11-14 07:28:03.725017278,125
-41.69249066205157,174.2346002195021,4.1,2016-11-24 10:55:51.388581881,125
-41.63929635538464,174.4209318249132,4.1,2016-11-14 00:31:12.242020123,125
-40.41661208675579,178.25129920072172,4.4,2016-11-16 11:47:05.355295,126
-37.37560558339781,179.87295398702815,4.2,2016-11-18 05:43:27.474529,126
-44.94173694515409,167.51298838480704,4.3,2016-12-03 04:37:20.243890,126
-45.205646766060326,166.872590822779,4.1,2016-12-04 10:05:32.596521,126
-42.08087557945306,172.57055767337062,5.0,2016-11-22 13:37:58.950593144,126
-42.66680497261735,173.07296853931518,6.0,2016-11-19 07:06:27.811905797,126
-42.52153320023561,173.38599805596598,4.2,2016-11-14 05:45:47.885851452,126
-42.40939021647519,173.72891558930218,4.1,2016-12-07 12:38:24.825609722,126
-41.75375204237334,174.25318182568867,4.8,2016-11-16 11:14:44.082793430,126
-41.74526940780064,174.2024938413132,4.5,2016-11-14 13:09:05.649056634,126
-42.67693047701055,172.805511104682,4.5,2016-12-03 08:33:33.024806384,126
-42.33146365830309,173.67978644775016,5.2,2016-12-02 23:35:54.534949614,126
-46.15366087474408,165.82179036105188,4.2,2016-12-02 16:02:31.927496376,127
-42.202815514529824,173.4755010705335,4.1,2016-11-18 19:51:20.843240947,127
-42.42101464243933,173.56563685241107,4.5,2016-11-27 04:54:37.262133392,127
-41.59751289526747,174.1485971533681,4.4,2016-11-16 16:59:27.287678832,127
-39.49347922863237,178.06374590675006,4.6,2016-12-01 15:57:25.850295648,128
-41.83815400308583,174.25203536881125,4.1,2016-11-15 00:37:07.495034508,128
-41.95555367836541,174.00833400842342,4.2,2016-12-05 01:38:29.634695543,128
-41.90152481490806,174.23930109909796,4.1,2016-11-14 14:26:49.181715302,128
-42.44571513716638,173.28064009151754,4.4,2016-11-14 03:03:05.231789645,128
-41.82769947205746,174.09089369784476,4.6,2016-11-14 11:45:19.344047661,128
-41.96030441339448,174.06451089485958,4.3,2016-11-15 07:11:25.251860529,128
-41.6436013483955,174.37039074244922,4.5,2016-11-16 16:06:18.175828592,128
-41.76175667612113,174.0144681189121,4.4,2016-11-14 00:16:54.397582014,128
-39.45896334812758,178.06671335572452,4.1,2016-12-01 15:58:08.510522275,128
-42.32486180032453,173.98290942196093,4.6,2016-11-27 19:13:51.990433002,129
-41.71550318618715,174.28407112274556,4.5,2016-12-03 14:57:19.834326200,129
-42.02800069865735,176.12835422708557,4.7,2016-11-27 05:29:31.936658790,129
-42.40179936837539,173.30069544151692,4.1,2016-11-22 12:59:59.741332380,129
-41.72628063939704,174.22432698676505,4.7,2016-11-28 02:02:00.171833335,129
-42.473351138738494,173.86338967895634,4.8,2016-11-23 10:55:50.928844813,129
-45.12135153815877,167.4894761288538,4.5,2016-12-07 06:58:25.927495,130
-46.20511544599803,165.90729105029047,4.9,2016-11-22 10:14:30.680905960,130
-43.12139455766049,173.20867307635675,4.5,2016-11-25 10:11:55.523527497,130
-42.56267348538432,172.77508400735096,4.4,2016-11-15 01:27:58.830278277,130
-42.06103021328388,173.56713044810272,4.2,2016-12-07 07:54:42.939747011,130
-42.46811097904939,174.01595483589472,4.1,2016-11-20 04:40:27.762585713,130
-42.021415781698,174.01620638844466,5.1,2016-11-15 04:58:35.111338174,130
-42.0056806720613,173.78149229647306,4.7,2016-11-14 01:52:51.597189129,130
-38.11654679792121,176.4729108038174,4.6,2016-12-04 16:48:26.285483,131
-37.543584480713776,178.38764808680804,4.4,2016-12-06 14:02:26.729532536,131
-36.74530594652012,176.85508261452534,5.0,2016-12-10 20:24:24.825841602,131
-42.54477010587944,173.7544842608786,4.3,2016-11-14 14:49:17.961544656,131
-41.92370761761944,174.09430779052872,4.3,2016-11-22 07:04:39.327612399,131
-42.227939270502375,173.64842995654598,4.1,2016-11-17 13:27:21.757411755,131
-42.16095225307141,173.81120628473568,4.5,2016-11-15 07:43:11.040927668,131
-41.72559944769987,174.28739337238557,4.1,2016-11-21 11:26:58.525343869,131
-42.318314223965,173.85418730063054,4.3,2016-11-15 21:38:02.094004578,131
-41.804514516736944,174.168172551142,4.6,2016-11-15 20:56:01.270486071,131
-42.61777522829144,172.75284270198645,4.3,2016-12-04 22:38:58.945145814,131
-41.90781958114509,173.9936045737931,4.1,2016-11-15 05:49:42.344134115,131
-46.49570563562706,165.33791478300398,4.3,2016-12-10 07:36:48.129567,132
-42.599224978551305,173.0831863711863,4.3,2016-11-24 10:20:12.859346663,132
-42.25171332157352,173.58055653624402,4.3,2016-11-24 16:40:37.807968257,132
-41.79576391788049,174.28184471728648,4.7,2016-12-08 21:27:21.186346362,132
-42.71744589509897,172.7790008154423,4.4,2016-11-18 18:40:47.878482444,132
-42.27841299462184,173.74115597836197,4.1,2016-11-19 11:01:16.694733992,132
-42.2370969710768,173.90484409468155,4.4,2016-11-17 06:29:48.072371598,132
-42.45959958075176,173.2302101702543,4.2,2016-11-14 06:20:49.825336570,132
-41.56147962005827,173.32695074238754,4.2,2016-11-28 07:49:18.815360144,132
-41.73499424975537,174.1759971981525,4.2,2016-11-27 22:54:51.745816988,132
-42.40131317527894,174.32060111901532,5.5,2016-11-14 10:50:40.750532841,132
-41.83433587476294,174.1543327086251,4.3,2016-12-01 16:44:52.425698644,132
-41.86719936647718,174.01261741705358,4.2,2016-11-15 18:27:22.993322918,132
-41.76370592118376,174.24646281277273,4.3,2016-11-14 00:11:58.779781126,132
-37.39018431393651,176.5019822761162,4.3,2016-11-26 14:16:35.274877,133
-40.3445494928278,173.56909645873347,4.5,2016-11-15 01:48:26.382160057,133
-38.04695723399124,176.1942080527963,4.4,2016-12-08 04:48:03.956987459,133
-37.09497646328647,179.18498693143349,4.2,2016-12-07 20:57:07.266174030,133
-42.579904214596304,172.811866204401,4.5,2016-11-14 09:08:37.757484347,133
-42.10023946924339,173.59989497218976,4.1,2016-11-14 06:57:01.642948710,133
-41.981940828803324,173.59178590052676,4.3,2016-12-08 05:19:25.586832243,133
-42.38008722124944,173.2145488793404,4.2,2016-11-21 07:57:21.968198042,133
-42.24918897205675,173.6976811616964,4.7,2016-11-27 19:25:16.738483769,133
-41.882672412221424,173.99366927183684,4.2,2016-12-01 04:06:58.640301849,133
-43.64882577640216,172.35923977957358,4.1,2016-11-16 17:26:58.517581,134
-36.77774870680797,179.15534501628102,4.3,2016-12-07 20:33:59.318307,134
-47.50919931295224,165.33125627772162,4.2,2016-12-08 12:09:00.843706,134
-36.78526789752388,176.88044711383037,4.4,2016-12-12 00:01:30.054994,134
-45.22728046622877,166.86366031771186,4.1,2016-12-05 00:48:01.594845592,134
-42.644436276963766,172.87948352358214,4.5,2016-11-17 08:58:33.219538675,134
-42.52957939041209,173.9817571787751,4.1,2016-12-13 18:40:51.310188580,134
-42.15518220698743,173.4731949765993,4.9,2016-11-15 20:41:52.219581599,134
-42.29566601191215,173.84835564145567,4.5,2016-11-26 22:24:07.546361174,134
-41.84466580883255,173.94675812040904,5.9,2016-11-23 09:17:46.457592633,134
-41.72968854365116,174.303909789708,4.5,2016-11-25 22:32:01.757080672,134
-42.1133017652922,173.78975694490697,4.8,2016-11-14 17:46:48.031828273,134
-43.31915859431501,172.78675759925807,4.5,2016-11-27 14:12:54.024497,135
-43.87971136477443,171.97766038404913,4.1,2016-11-25 18:51:55.084175504,135
-42.57984576366777,173.01697895630227,4.2,2016-11-24 15:44:27.071097478,135
-42.50474599451347,173.11480228866412,4.7,2016-11-15 15:53:33.420647137,135
-41.875320201647455,173.94672291640808,4.1,2016-11-21 11:19:20.396866212,135
-42.32719890905915,173.48266505383737,4.1,2016-11-14 07:01:05.144682863,135
-47.19061226519958,165.30000525441503,5.1,2016-11-19 12:13:26.856998954,136
-43.97335057264654,172.75843529238696,4.1,2016-12-03 10:43:12.074079383,136
-37.32392051782787,178.89227009007612,4.3,2016-11-16 02:04:52.874795534,136
-37.13396062724295,178.93112957348055,4.3,2016-11-17 14:05:33.877369758,136
-42.21627711897377,171.70631028142617,4.2,2016-11-15 18:28:54.392098763,136
-41.76947587614524,174.22946651237754,4.6,2016-11-15 08:33:29.833533551,136
-41.7371738482434,174.20913692125674,4.2,2016-11-16 23:11:37.232281195,136
-42.30337632304197,173.56316850757685,4.4,2016-11-22 22:40:46.825460409,136
-42.210229843356686,173.98065683634076,4.4,2016-11-14 06:05:46.349325979,136
-36.87278180491528,179.08639974132086,4.3,2016-11-16 06:53:38.102173501,136
-42.06542579836415,173.705319398139,4.5,2016-11-14 02:51:15.740231488,136
-44.19676933000238,167.59738136299623,4.1,2016-11-27 06:49:26.450268,137
-37.80247526711379,176.96040744797767,4.7,2016-11-27 13:49:09.265399,137
-45.45521223790954,166.65243003886127,4.5,2016-12-11 14:23:32.609254,137
-40.91138357005144,174.78550188259632,5.6,2016-12-12 23:38:05.105797,137
-37.10633871880273,179.18006343285924,5.2,2016-11-14 07:39:08.887409373,137
-37.44731179834245,178.93172220050886,4.8,2016-11-17 08:23:24.946727952,137
-41.6674721883226,171.58460317145884,4.6,2016-11-16 16:16:45.467573321,137
-42.037295504442405,173.79266254954555,4.2,2016-11-21 23:53:32.857915218,137
-41.73948776077747,174.10795243054662,5.5,2016-11-14 17:20:05.749231601,137
-42.134257783518485,174.0946911719196,4.3,2016-11-23 20:56:00.536541957,137
-42.29633271508719,173.59750257661355,4.2,2016-11-14 15:33:52.423674092,137
-42.616781532391165,172.81851364760612,4.3,2016-11-14 03:55:13.139619600,137
-42.35923045940974,174.07152529730573,4.1,2016-11-21 01:26:50.538484732,137
-42.43376196432964,173.33246065686637,4.2,2016-11-18 10:42:37.129932088,137
-41.679400526951525,174.4563624040237,4.5,2016-11-28 19:45:48.788431257,137
-38.58110623665598,175.26755688291507,4.2,2016-12-05 02:09:58.452729,138
-44.6203937262305,167.31676056205444,4.1,2016-12-06 00:14:11.169383,138
-36.70944211154097,179.66979459323628,4.2,2016-12-10 13:39:54.226680,138
-40.50023430839393,174.3599055961315,4.1,2016-11-28 19:46:48.702271871,138
-42.47347419697662,170.37725933437054,4.3,2016-11-14 03:07:38.103221159,138
-41.863362668998136,174.16156590931644,4.3,2016-11-14 13:30:39.679395854,138
-42.29672176975755,174.2914709035751,4.5,2016-12-04 07:24:07.150913164,138
-41.992656423498026,173.60149875220148,5.0,2016-11-22 11:01:16.163718117,138
-41.84868481908321,174.00797327647163,4.7,2016-11-14 08:50:08.235773500,138
-41.732811625964366,174.26471791279997,4.2,2016-11-14 15:24:24.903438644,138
-42.14875859002996,173.66583961690344,4.1,2016-11-22 08:03:48.509099926,138
-46.43679493170587,165.74713082190573,4.4,2016-11-22 19:04:41.353340,139
-37.952587959790414,178.0139623695057,4.6,2016-11-28 07:07:16.450690,139
-37.94251004495548,178.0271829168539,4.2,2016-11-30 07:00:33.186054848,139
-41.69781156742417,174.01225705969202,4.5,2016-11-28 23:47:17.671525503,139
-39.29860536650952,173.78876546121467,4.1,2016-11-23 21:21:50.248731989,139
-42.62187071978078,172.9131383176213,4.1,2016-11-22 12:29:42.071769262,139
-42.65703440422301,173.2469773377936,4.6,2016-11-18 21:28:40.672253347,139
-42.46596140283054,173.39089601026788,5.3,2016-11-14 13:47:31.287458435,139
-41.7846728436028,174.02174070146566,4.5,2016-11-19 05:18:23.497464182,139
-41.72405622816712,174.26988162121947,4.1,2016-11-18 04:18:51.970393776,139
-42.18292318759209,173.62027290813947,4.1,2016-12-07 08:38:35.080056600,139
-41.93816447679399,173.89450807037062,4.2,2016-11-18 21:08:13.129376902,139
-42.63229869116668,173.27527774219453,4.6,2016-11-19 02:13:17.274170681,139
-38.1004174126123,176.170711277706,4.1,2016-12-04 04:00:27.752234,140
-37.28700954449921,176.95496982886374,4.3,2016-12-10 19:29:00.686286,140
-36.86247091182098,179.27116975427143,4.3,2016-12-05 09:44:24.736605465,140
-41.702687262264135,174.12647990483836,4.2,2016-12-07 22:13:24.258023520,140
-41.685305286953,174.3760359456306,4.6,2016-11-27 19:40:40.900916450,140
-42.45105541267342,173.15098875668906,4.3,2016-12-10 14:54:20.367017760,140
-42.34331801369188,173.2872397133837,4.1,2016-11-18 19:25:29.277490057,140
-41.76794474935803,174.3079876922328,5.0,2016-11-15 03:47:06.917113084,140
-42.484188526623534,173.23516170201398,4.4,2016-11-19 14:47:38.093321983,140
-37.201932245817325,179.20459629262675,4.1,2016-12-05 17:47:18.763662,141
-37.29761686182071,178.99549959759767,4.4,2016-12-13 00:57:50.188374,141
-43.36263605480647,172.62510954462743,4.1,2016-11-17 16:32:10.788245992,141
-42.64995212078012,172.95836220201602,4.1,2016-11-14 23:12:19.655941,141
-41.913649622959866,173.98653987582006,4.4,2016-11-14 16:50:40.573838845,141
-42.43381630508485,173.30860898559544,4.6,2016-11-19 10:07:49.904507954,141
-41.73000428204893,174.16245604648142,4.2,2016-11-14 03:37:19.539362621,141
-42.588694133843006,173.3977966426802,4.2,2016-12-13 08:26:54.514712034,141
-42.36261581172548,173.4222932042663,4.9,2016-11-14 06:43:41.036573667,141
-42.32768048241036,173.1278657062954,4.2,2016-11-14 00:49:42.934860268,141
-36.39654756748731,177.1335562757638,5.0,2016-11-28 03:30:38.374176,142
-36.41170711702402,177.13503289099546,4.4,2016-11-28 14:14:55.452367016,142
-35.675032571719235,178.92079617265608,4.8,2016-12-05 06:06:21.638417572,142
-47.43638280231649,165.921091038861,4.4,2016-11-27 00:25:25.173333011,142
-36.98320686397284,178.87760538400337,4.1,2016-12-03 21:21:39.018592446,142
-37.313537008442,176.9613664470403,4.2,2016-11-19 02:52:49.587768031,142
-41.786749461849176,174.22878003900885,4.2,2016-11-15 19:01:57.166780158,142
-42.35892111223918,173.43369555119068,4.5,2016-11-18 17:54:08.293441369,142
-41.760920183639534,174.18773337468758,4.1,2016-11-18 15:40:13.739274520,142
-42.34633240206605,174.04075926036936,4.4,2016-12-04 12:00:44.311292581,142
-41.72525690756477,174.236330262873,4.1,2016-11-17 22:49:45.628257304,142
-41.63334725865859,174.57718719633857,4.9,2016-11-14 17:29:36.832185663,142
-38.641589660417786,176.07749366608104,4.8,2016-11-30 00:25:20.874937,143
-40.28410196391071,176.805771197029,4.7,2016-11-18 18:16:24.831528479,143
-42.01547710970729,174.00166472733795,4.2,2016-11-16 09:48:41.482005935,143
-42.1026347710268,174.28653787225045,4.5,2016-12-08 11:52:36.403207552,143
-41.915903875873845,174.23795007028764,4.6,2016-11-22 12:54:51.204652815,143
-42.30045687660945,173.911083721472,4.1,2016-11-18 09:29:37.566338708,143
-42.243720776423096,173.08171062900817,4.2,2016-11-14 01:24:42.456353139,143
-41.93927722128542,174.1706093272963,4.5,2016-11-22 15:49:17.473142235,143
-45.098262337093125,167.09840775482135,4.9,2016-12-05 08:07:11.007701,144
-37.61962405143079,177.1654530487522,4.3,2016-12-09 03:06:53.769260,144
-37.856053395953886,179.37463170802957,4.7,2016-12-10 18:27:37.692080,144
-38.662247678719496,176.08782277138113,4.1,2016-12-10 19:30:35.746680,144
-35.71023148518841,178.00221798062438,4.4,2016-12-06 14:41:13.417821838,144
-46.21465607770831,165.77855776423337,4.4,2016-11-19 03:34:15.699303708,144
-42.116906878655655,173.81255375483678,4.4,2016-11-17 10:42:26.545956527,144
-41.633256439044914,174.34375563397523,4.4,2016-12-01 01:21:24.857140760,144
-41.80041211748621,174.02184252218257,4.2,2016-11-14 17:37:40.559137,144
-42.602878435805934,173.80390842057315,5.2,2016-11-16 01:12:08.906566403,144
-41.85326230552534,174.04380531317284,4.1,2016-11-19 21:34:22.005993430,144
-42.14141398112076,173.68009857860147,4.1,2016-11-21 15:03:53.342831793,144
-41.693469660804126,174.1850501622671,4.1,2016-11-14 00:02:14.856862425,144
-42.064324808600006,173.66416908815674,4.1,2016-11-14 00:14:07.534243163,144
-41.73527727003249,174.28973803642887,4.7,2016-11-14 02:05:55.602147096,144
-35.62452483887094,178.18074028906278,5.6,2016-12-07 09:24:30.351334353,144
-45.23131517489615,166.6996799565229,4.2,2016-11-20 02:03:25.919771843,145
-41.68149770252242,172.0001149868926,4.2,2016-12-05 12:05:03.124111708,145
-37.21771820056164,179.3878407291446,4.6,2016-12-10 07:09:30.956537483,145
-45.232343851736296,167.19062721021248,4.7,2016-12-06 19:43:45.559423240,145
-42.55305248816319,173.22254612725578,4.6,2016-11-14 16:15:43.632135625,145
-42.61264247549976,172.90122607265968,4.1,2016-12-11 01:06:22.821193880,145
-42.39182024235842,173.7721902980406,4.2,2016-11-20 05:20:39.348391649,145
-42.22938693047493,173.65383889573036,4.6,2016-12-03 03:54:25.259523651,145
-42.5858467707802,173.86177361471232,4.1,2016-11-30 15:37:44.074910815,145
-42.15758362133687,174.1873399107905,4.3,2016-12-07 14:54:02.038464,146
-45.16793682845557,166.86854683521886,4.5,2016-11-15 04:58:51.204752050,146
-42.00716984333648,174.0176671807356,4.1,2016-11-24 18:32:05.197350779,146
-42.41824413580238,173.3382911421461,4.1,2016-11-22 10:19:04.537893591,146
-41.99553498154759,174.39299258621,4.2,2016-11-17 17:09:28.929443771,146
-42.2212064473554,173.72041353074405,4.5,2016-11-14 08:35:22.673727068,146
-41.83935259749087,173.92130056151848,4.9,2016-11-30 05:39:45.494859408,146
-42.0850063041909,173.7803129121134,4.5,2016-11-23 09:37:52.785987672,146
-36.44086042045901,177.59421885384626,4.8,2016-11-16 11:50:30.254109,147
-37.37696258258101,179.63879061621304,4.6,2016-11-25 10:11:13.505786,147
-41.72258008729044,174.3818496567803,5.1,2016-12-13 10:31:38.992914493,147
-47.02047441240402,165.7947936521983,4.7,2016-11-18 21:20:26.269364266,147
-42.09511724777098,173.87404717759685,4.2,2016-12-10 15:02:46.269094930,147
-37.06936872967675,179.00906729969515,4.7,2016-11-18 06:41:38.546270552,147
-41.8845236073643,174.19238824439338,4.2,2016-12-07 03:05:21.448239187,147
-42.334618214914464,173.4373840224511,4.4,2016-11-25 15:05:03.508437104,147
-42.299297830218535,173.88231693635302,4.8,2016-11-14 13:54:38.957077675,147
-42.33541511735401,173.92687505618937,4.4,2016-11-16 07:42:37.964846306,147
-41.73191754619281,174.34049161821684,4.2,2016-12-13 10:36:13.432655319,147
-42.30099903465669,173.88423340419132,4.2,2016-11-14 20:27:58.963859025,147
-45.23717098117218,166.48740166103966,4.3,2016-11-14 16:15:40.007523,148
-42.74781277657163,173.26860957756494,4.1,2016-11-17 00:26:43.056760646,148
-41.89477214166176,173.71509615088448,4.6,2016-11-16 09:03:58.932247028,148
-42.0032539490717,173.6687447060855,4.7,2016-11-19 08:46:33.704101245,148
-42.03607834333857,173.7526217851825,4.5,2016-11-20 23:40:17.911288325,148
-42.62857712243824,173.94274489851847,4.6,2016-11-23 18:56:28.227477575,148
-41.75738955873896,174.25177793194433,4.2,2016-11-16 22:53:17.968716913,148
-41.78241393101044,174.3468691166096,4.1,2016-12-01 16:04:37.253870296,148
-42.00487432234363,173.8787028624112,4.1,2016-11-19 00:50:02.029560555,148
-42.03367890048167,173.6638485880562,4.7,2016-11-25 19:14:53.761920816,148
-42.03992414216344,173.642425407588,4.2,2016-11-14 07:06:58.739780288,148
-42.37758035306231,174.035198050292,4.2,2016-11-25 22:42:30.828209262,148
-41.70879380258148,174.2607613064229,4.3,2016-11-24 20:10:48.210501376,148
-42.140319915903135,173.7354353403215,4.4,2016-11-18 07:44:07.060803044,148
-41.704778184875785,174.17157634292005,4.2,2016-11-14 15:16:40.739887327,148
-43.34355819220552,171.6566875709993,5.0,2016-11-16 21:37:06.608577,149
-39.480389210365765,173.50543035573008,4.3,2016-11-21 18:59:55.885715618,149
-42.33942918083108,173.69518583584104,4.6,2016-11-23 16:30:21.178413945,149
-42.110602815014055,173.80607437590768,4.3,2016-11-28 22:09:37.938391090,149
-41.22808693841948,174.56379526739852,4.1,2016-11-23 17:32:26.869572997,149
-42.23968980680037,173.7544812706322,4.5,2016-11-14 10:27:31.001510225,149
-42.41780278417067,173.5075900697173,4.3,2016-12-02 00:52:24.801616747,149
-42.7247535596704,172.7157498890728,4.9,2016-11-16 13:33:17.295991343,149
-42.40629294286793,173.0750232946931,4.9,2016-11-16 02:12:39.921808687,149
-42.39950879721373,173.48151578724844,4.4,2016-11-14 08:54:51.653908496,149
-36.829874375754414,177.0403856748486,5.3,2016-12-01 19:50:26.656259,150
-46.216716586870746,166.1794946853733,5.0,2016-12-12 08:13:20.600116,150
-42.47780044945315,173.13642614425095,4.2,2016-11-14 02:08:27.908152169,150
-42.00005683754335,173.6365442724654,4.4,2016-11-16 23:03:42.590637252,150
-42.371511080528784,173.51450187896313,4.5,2016-11-14 03:58:16.934561022,150
-41.75813176166157,174.297405130348,5.3,2016-11-14 04:57:57.003403647,150
-41.76099231051073,174.29976799879995,4.3,2016-12-01 23:02:32.485522485,150
-42.35960621984295,173.9429237713003,4.1,2016-12-03 23:53:22.551294941,150
-41.77757765788025,174.25861758223814,4.1,2016-11-14 07:59:02.380326998,150
-43.52244783830368,172.8628691253287,4.2,2016-11-26 17:56:53.789906778,151
-37.013855909931706,179.04587658267704,4.3,2016-11-16 13:32:21.658694693,151
-37.43849029768002,178.78411477637383,4.3,2016-11-23 13:29:10.366341361,151
-41.76272087988708,173.54517185096222,4.1,2016-11-24 16:03:24.042783492,151
-42.17567949699903,174.65634448707894,4.9,2016-11-22 22:10:26.994113740,151
-42.12105905741387,173.63415098225258,4.9,2016-11-28 13:52:37.603360187,151
-42.65713202350737,172.76360844427418,4.2,2016-11-16 09:40:10.509392318,151
-42.67063416712115,172.9338022350125,5.0,2016-11-14 10:32:55.219232762,151
-41.7610790230577,174.42211182242977,4.1,2016-11-23 04:54:20.289271581,151
-42.24898694443676,173.57699582614117,4.6,2016-11-15 03:52:50.554225046,151
-42.73006133454766,172.80225023843948,4.5,2016-12-12 10:55:04.294186449,151
-42.13980370161775,173.9255437103667,5.9,2016-11-15 03:22:35.255696908,151
-42.33848066876018,173.44204254758233,4.9,2016-11-14 12:07:48.961115321,151
-42.03331405451302,174.07718150293283,4.4,2016-11-14 09:41:25.595286697,151
-42.767494468958006,172.8223758648261,4.3,2016-11-23 11:22:55.802356694,151
-41.54804519449887,174.22081504595337,4.3,2016-11-14 01:23:04.850671672,151
-41.57049041557109,174.27580477151128,4.2,2016-11-14 02:24:50.706516182,151
-43.73080570100274,172.5591908936893,4.1,2016-11-15 07:52:28.634556,152
-38.72041932903608,174.92336241409114,4.2,2016-11-17 03:53:49.184399,152
-44.322893771338784,168.6337121358879,4.1,2016-11-19 06:09:43.399739,152
-39.742303958616766,174.22217716447656,4.6,2016-11-25 13:13:48.020681,152
-39.25435955908162,176.88019794866486,4.3,2016-11-30 00:41:41.087428,152
-37.50279080473773,177.81077310472418,4.3,2016-12-10 11:19:42.580137,152
-42.61987507364021,172.99861108218715,4.1,2016-11-14 23:37:57.149182316,152
-42.355953857226446,173.14611530385346,4.6,2016-11-14 05:19:28.179276316,152
-42.03749457446016,173.80267472625653,4.3,2016-12-06 12:06:28.796215870,152
-42.35914284993503,173.52472859213262,4.6,2016-11-14 02:42:51.757173872,152
-42.4578427634931,173.24526417891582,4.4,2016-11-22 21:15:22.823919991,152
-42.57142156838029,172.646383926395,5.2,2016-11-14 01:01:19.350655111,152
-42.38020526118847,173.5103812274652,4.3,2016-11-16 15:26:27.657341127,152
-42.57716444433201,172.59745781282342,4.3,2016-11-21 08:21:40.904193151,152
-38.83222382304391,175.66840823359487,4.1,2016-11-14 06:55:26.327476,153
-40.35388635353305,173.54359502893513,4.1,2016-11-26 14:49:37.322117,153
-37.10105351908469,178.48473285262168,5.3,2016-11-27 14:56:55.429852,153
-35.758166579606026,178.80598797584284,4.4,2016-12-01 23:18:57.325849,153
-42.66603244100349,173.18107209678467,4.1,2016-12-04 23:54:21.213406,153
-42.11236665044493,174.38806122328506,4.7,2016-11-14 10:08:14.368559028,153
-41.94756461081902,173.65815221759496,4.6,2016-11-17 10:33:54.715256423,153
-42.56040559455592,173.67706450379927,4.3,2016-11-15 22:44:36.896987265,153
-41.74713808083607,173.9839131048065,4.7,2016-11-14 23:31:14.089095013,153
-42.29436250817728,173.70604856998526,4.1,2016-11-17 06:48:32.610100946,153
-41.96868025505847,174.0227555297596,4.4,2016-11-14 04:08:09.749528467,153
-41.70465777699085,174.3458524123237,4.6,2016-11-14 01:09:08.434182286,153
-42.39254394596694,173.50250729676165,4.6,2016-11-14 16:35:33.493546507,153
-37.712654338173856,179.42772909903334,4.2,2016-11-25 09:58:33.031170,154
-41.61380552994687,173.7196524847475,4.4,2016-12-01 23:14:33.185266,154
-37.9163166935278,179.20617628876667,4.6,2016-12-05 19:46:40.131834,154
-40.625076865577874,175.7912455839143,4.2,2016-12-06 02:54:26.497608313,154
-42.61157482646776,173.11257281805848,4.8,2016-11-20 20:51:51.951233652,154
-42.655299502742565,172.93049674744518,4.8,2016-11-15 01:39:43.783872801,154
-42.11848496354975,173.8785872523011,5.0,2016-11-14 13:33:18.855135211,154
-41.83243372337078,174.1238044594349,4.2,2016-11-14 06:33:50.353611249,154
-42.35441787971535,173.92815166968205,6.4,2016-11-15 13:28:26.119046870,154
-41.85925585996397,173.94621440129492,4.4,2016-11-15 05:55:31.189824076,154
-41.734336592455534,174.28340773860336,6.6,2016-11-14 00:24:45.873031496,154
-40.37207761439991,175.03292097528993,4.5,2016-11-18 19:35:10.494110,155
-41.8866709535985,173.75193284255928,4.3,2016-11-16 12:00:45.604225242,155
-42.077285350576005,173.7228339754644,4.3,2016-11-26 12:14:45.857226447,155
-41.82485763881749,174.2428186385249,4.2,2016-12-02 16:47:12.508364486,155
-42.26384243231788,173.78339002545502,4.1,2016-12-02 17:36:50.282298891,155
-42.33354410014921,173.7116043869415,4.2,2016-11-16 21:14:36.884881208,155
-37.38085249903264,177.6153292406426,4.8,2016-11-15 19:10:22.004874,156
-38.10045445506431,176.36443714824674,4.4,2016-11-16 06:22:33.102092,156
-37.30279111039078,176.94643579731778,4.1,2016-11-16 17:13:17.271678,156
-37.65793884202291,178.95988483192772,4.1,2016-11-18 18:36:51.211140,156
-46.87039990441448,165.67873558433024,4.1,2016-11-26 14:57:25.951876116,156
-43.14748017259176,172.9374580999426,4.2,2016-11-17 23:36:26.509005201,156
-41.87024255635208,174.00811702182176,4.1,2016-12-13 02:51:19.376096495,156
-42.262932228799215,173.6998747993258,4.8,2016-11-20 00:07:49.512468187,156
-42.22870220013671,173.47359075641353,4.8,2016-11-27 06:13:50.760595375,156
-40.63762223491201,176.46676007935332,4.4,2016-12-02 12:04:39.811865,157
-40.83355161047201,172.87486403814304,4.1,2016-12-09 16:36:17.146120673,157
-41.64662357790046,174.22483716894484,4.6,2016-12-06 17:13:08.914217604,157
-39.275822252980646,173.4866849601253,4.3,2016-11-19 16:44:18.387286578,157
-42.63322534252447,173.0351890745082,4.1,2016-11-30 22:14:08.186466327,157
-41.945521545435184,174.3388986219201,5.9,2016-11-16 00:35:52.950666864,157
-41.73349352138722,174.37426145413994,5.0,2016-11-15 21:05:32.089133362,157
-41.790485221242434,174.29159751293662,4.1,2016-11-23 23:00:14.661086864,157
-41.6804736344234,174.30039072095056,4.5,2016-12-03 08:41:16.857779275,157
-41.67032202389553,174.33910785869435,4.6,2016-12-06 06:17:03.274089706,157
-36.63815774224864,177.46015907982243,4.6,2016-12-04 14:24:45.816411,158
-36.33113115968642,177.86939040521017,4.1,2016-12-08 18:27:59.713092,158
-44.78815139658976,167.4629550560657,4.5,2016-11-16 03:17:13.812728723,158
-39.31845699687607,173.79453057721247,5.1,2016-11-14 22:43:35.243250736,158
-42.20155035165775,172.59195820262417,4.4,2016-11-18 08:49:56.448466457,158
-42.14567570389956,173.49985383805023,4.4,2016-11-14 16:34:43.930879911,158
-42.14999886134987,173.7605965162488,4.4,2016-11-19 06:46:33.804593439,158
-42.58103507137143,172.7812423917727,4.1,2016-11-15 05:13:58.161136443,158
-41.87680898187567,173.9708703198368,4.2,2016-11-14 21:52:07.916216710,158
-41.74457591999283,174.33850987483842,4.4,2016-11-16 02:51:29.956948575,158
-42.268791682379145,174.11268283468007,4.3,2016-11-14 08:50:32.333417371,158
-41.95000899341867,174.03497826275233,4.9,2016-11-14 01:24:53.120391727,158
-41.70999327923667,174.2917373332316,5.6,2016-11-15 21:06:11.863451288,158
-41.705500081445685,174.35350686345305,4.3,2016-11-14 00:37:48.912633566,158
-42.2220684522613,172.5999493704841,4.4,2016-11-28 08:15:40.123798109,158
-41.21272955899457,174.39876567810626,4.5,2016-11-20 13:27:55.774685,159
-45.281094896835626,166.81875204401092,4.3,2016-11-16 09:50:35.223513709,159
-39.107759756160725,174.8549858856746,4.9,2016-12-03 17:22:46.895996992,159
-37.11739752084512,179.05181536206868,4.9,2016-11-15 13:59:49.818958751,159
-41.744308679555175,174.22849387776438,4.5,2016-11-14 03:31:37.199897993,159
-42.6878515609855,172.90202624220208,5.3,2016-11-28 20:21:47.319935047,159
-42.55362613350872,172.69972620890792,4.1,2016-11-15 01:43:20.070075646,159
-42.66953680062308,172.82464542559458,4.1,2016-11-16 14:32:43.885610575,159
-41.83864669924014,173.98847843512615,4.1,2016-11-26 17:51:05.208755664,159
-42.255089677914505,173.60763648884887,4.1,2016-11-15 07:34:56.473330547,159
-42.23505501892228,173.74550218003665,4.2,2016-11-14 07:54:09.643825899,159
-42.29434996462735,173.88349187016814,4.5,2016-11-20 16:13:04.703857958,159
-41.72606559579491,174.25296148294262,4.4,2016-11-26 11:12:01.853316005,159
-42.53112467628273,173.88557648382042,4.8,2016-11-21 08:41:29.935421448,159
-41.681211260134,174.27487798940396,5.1,2016-11-16 12:49:42.485763532,159
-46.50976411293776,165.41935096108784,4.3,2016-11-29 01:22:06.325689,160
-37.11450891078945,179.0866087044858,4.4,2016-12-07 15:23:22.420922647,160
-41.96119481683986,174.0459512723781,4.4,2016-11-16 18:32:00.509986847,160
-42.261137441111714,173.6360064456393,4.7,2016-12-06 05:00:20.392287644,160
-42.3620187734991,173.48341435611084,4.1,2016-11-30 17:44:11.287248966,160
-41.8071780212556,173.91718127357686,4.7,2016-11-24 01:33:55.644336132,160
-42.25170340438633,173.4722531208571,4.7,2016-11-14 21:14:16.275948340,160
-42.29514723838273,173.68397081637696,4.6,2016-11-14 22:04:37.284239454,160
-42.20949151977157,174.04288559665,4.1,2016-11-14 22:50:00.843418886,160
-42.6823177778568,172.81309988578343,4.1,2016-11-14 13:46:24.769533643,160
-42.15659756128544,174.0896488488272,5.0,2016-11-21 11:24:27.675509443,160
-42.27008853520863,173.49676770711767,4.4,2016-11-15 22:34:32.847863485,160
-42.03552692685785,173.92462824670713,6.4,2016-11-20 03:42:09.522963191,161
-42.062025818549074,173.76948047037743,4.1,2016-11-17 08:33:34.719499768,161
-41.831912552973385,174.19880708431054,4.9,2016-11-24 01:11:34.043118240,161
-36.871209104391774,179.12821897118116,4.2,2016-11-22 08:30:09.611945117,161
-42.39413646446629,174.2914327987857,5.2,2016-11-16 10:13:57.103297938,161
-42.47072564635194,173.07405225166318,4.3,2016-11-14 01:12:32.797522017,161
-42.51500151691835,172.78122665582364,4.2,2016-11-17 03:31:46.240685914,161
-39.35727917582872,174.8290349789066,4.7,2016-11-21 02:30:01.051514,162
-40.753459612271456,174.67073997458616,4.2,2016-11-22 09:56:29.048936,162
-46.08948567386292,166.0075686112548,4.2,2016-11-27 21:08:32.616889,162
-38.18303957210188,176.20048970445194,4.8,2016-12-04 04:38:19.048963,162
-39.31852669839398,174.83173220933585,4.7,2016-11-24 21:31:02.907513110,162
-42.43289681606722,173.7467343527996,4.1,2016-11-14 21:59:50.087670437,162
-41.774162919468345,173.98109437968836,5.2,2016-11-16 21:50:50.374178520,162
-42.1990976204599,173.8575414260581,4.2,2016-11-16 10:52:16.030395406,162
-42.44176719279543,173.80343446596808,5.7,2016-11-14 00:30:49.432957795,162
-41.562585874471466,172.6182210912862,4.1,2016-11-14 05:15:14.289860282,162
-38.80743080920638,175.15297483673,4.2,2016-12-02 10:44:03.797320,163
-38.74082804608848,175.6324430559095,4.1,2016-12-03 17:34:30.088566,163
-42.56874325926961,173.1241030336052,4.1,2016-11-17 02:32:20.607586977,163
-41.75626805973647,174.25724061912277,4.5,2016-12-02 16:11:01.920189496,163
-41.600308594422,174.30255421452512,5.4,2016-11-15 10:05:16.470724823,163
-42.30491139356688,172.95206694170457,4.3,2016-11-17 06:59:57.068009766,163
-42.20386601607986,173.6471645307867,4.4,2016-11-14 20:10:37.140541816,163
-41.78422331764851,174.17461566284186,4.2,2016-11-14 15:35:32.126174268,163
-41.710504933657255,174.27001100476676,4.4,2016-11-21 18:16:30.300867503,163
-42.2502516028233,173.87629200825245,4.1,2016-12-02 11:02:08.214366583,163
-42.46539911044085,173.29164769383263,4.2,2016-11-14 00:55:20.581710158,163
-41.44469725881508,174.17248952587818,4.4,2016-11-15 10:05:27.258815023,163
-41.80470257440358,174.1669458649728,4.6,2016-11-18 17:43:32.669098883,163
-41.915601792182606,171.96466924147705,4.3,2016-11-17 13:27:01.489583,164
-37.6604494607686,175.99418508784544,4.5,2016-11-23 22:45:44.325176,164
-42.11783699988572,173.6205371380232,4.1,2016-12-11 14:37:39.407894,164
-36.15318169303822,177.8246027738939,4.2,2016-12-13 06:44:03.144738980,164
-42.54672872654884,172.89446350768182,4.2,2016-12-04 20:48:40.478770595,164
-42.53897283789669,172.85436647628964,4.4,2016-11-21 19:25:42.961124685,164
-41.71903969392323,174.23285642826394,4.1,2016-11-29 04:37:03.172918867,164
-41.70708879871839,174.2658640781875,4.8,2016-11-14 17:37:20.803176486,164
-42.1309294504509,172.81259861383978,4.7,2016-11-15 11:26:32.768446263,164
-42.53783514041778,173.3133285693877,4.1,2016-11-14 00:19:45.863937292,164
-36.16448215851002,177.8193504934905,4.1,2016-12-13 11:29:43.821272300,164
-42.52150279391993,172.93467992463857,4.4,2016-11-22 00:39:30.513187862,164
-45.54711536656618,166.99716743405392,4.5,2016-11-14 18:05:05.120324,165
-37.99221997587214,179.2286723532164,4.4,2016-11-15 11:20:08.250621,165
-41.655819001954704,174.3866056272145,4.7,2016-11-17 02:36:30.037657,165
-41.97512696769181,173.97875565638648,4.4,2016-11-30 14:39:24.747129357,165
-42.1899263328698,173.8164165814867,4.1,2016-11-23 16:20:32.779436676,165
-42.61749599188024,173.55975477484012,4.2,2016-12-11 19:04:14.999922809,165
-42.36108705020512,173.45401431636907,4.2,2016-11-14 06:12:40.661847221,165
-41.79671797249272,174.01777351137028,4.2,2016-11-14 08:05:59.661709772,165
-42.37916591218614,173.70198699983212,4.2,2016-11-14 00:38:47.852510726,165
-41.829540153613245,174.25675464363874,4.7,2016-11-17 00:14:25.851305964,165
-42.15045146675614,173.6829118352819,4.1,2016-11-28 23:12:38.962677819,165
-41.79370916948724,174.39550983118906,4.2,2016-11-14 04:47:27.610789208,165
-41.77739814820921,174.21376179549765,4.7,2016-11-17 00:41:46.303266292,165
-38.13289661620927,177.14421840239785,4.1,2016-11-14 00:23:04.101967,166
-36.805523558140365,178.1845770498004,4.3,2016-11-16 12:24:18.261611,166
-39.80307542665713,176.79836942338352,4.2,2016-11-26 11:05:48.379437,166
-41.48829322493325,174.20372258619906,4.3,2016-12-07 17:02:36.923786720,166
-42.71766511040999,174.86071264996505,4.4,2016-11-18 01:20:46.880075184,166
-42.14472073045796,173.85023919546117,4.1,2016-11-19 14:54:49.551495968,166
-41.81666189426058,174.2364955947395,4.9,2016-11-17 10:10:26.147750063,166
-37.58986946244159,176.75995837059648,4.4,2016-11-29 12:21:18.111295,167
-41.68135069294879,172.745497845697,4.5,2016-12-10 04:18:32.872039,167
-36.77418799987538,177.69458037565735,4.5,2016-12-13 00:12:02.226823,167
-35.554211358091976,179.96224900500974,4.6,2016-11-25 21:10:17.612607560,167
-40.97707538986437,175.36684815338424,4.8,2016-11-27 01:50:15.448620932,167
-37.020877860658295,179.28314355436495,4.1,2016-12-05 13:58:35.540933604,167
-42.59227140665998,173.06026635982082,4.3,2016-11-14 03:41:49.909464571,167
-42.63184009090223,172.98991016192687,4.1,2016-12-09 04:16:13.889637292,167
-41.62655771872976,174.30858878056395,4.7,2016-11-15 21:31:47.000595861,167
-42.07757993028873,174.02727161380488,5.2,2016-11-23 08:33:35.392701369,167
-42.44312443022263,173.22699070584912,5.2,2016-11-15 12:24:34.406319676,167
-41.73482107617608,174.21092719053982,4.7,2016-12-01 14:05:52.123356822,167
-42.30164456078296,173.48839643941676,4.1,2016-12-11 10:20:18.061252887,167
-42.52445033424083,173.37166266330186,4.4,2016-11-25 05:09:17.981308916,167
-41.123509417113,175.85604870582316,4.1,2016-12-09 20:47:36.438580397,167
-38.19912008187671,178.05025440324945,4.2,2016-12-07 16:16:23.505338,168
-41.49893059043363,172.8747947066518,4.6,2016-12-12 03:42:50.416923,168
-42.04646335654607,173.8662165528061,4.3,2016-11-14 09:43:18.071286772,168
-41.715838878923705,174.27382393462756,4.6,2016-11-14 08:20:09.231958592,168
-42.40010418965944,173.50707190222855,4.1,2016-11-20 21:45:41.949958765,168
-41.73343031344175,174.32970414008173,4.1,2016-11-14 08:04:21.685477648,168
-41.68482560193055,174.29357979373026,4.2,2016-11-14 03:42:50.388886318,168
-38.12047931130891,176.11968660362288,4.1,2016-11-16 01:01:17.675165,169
-46.16122813343336,165.77811750160697,4.4,2016-12-07 17:47:45.769208,169
-37.116773722941474,178.82617694884104,4.9,2016-12-05 02:03:41.827417542,169
-42.04053512713255,173.74422715437257,4.4,2016-11-14 11:26:43.737775187,169
-41.95539445531072,174.25941325665752,4.4,2016-11-15 11:09:11.594632635,169
-42.63005637484333,172.69797258981777,4.2,2016-11-19 04:29:15.429518306,169
-42.10487082518548,173.63573764105348,4.3,2016-11-14 15:42:53.288175612,169
-42.43875952505655,173.31945062387575,4.3,2016-11-14 05:23:19.033638779,169
-43.65584044425363,172.44802296647924,4.2,2016-11-27 21:45:12.812496570,170
-36.804186064153015,178.9031744454335,4.5,2016-11-22 06:58:05.735372666,170
-42.65005645142091,173.0229320613126,4.4,2016-11-17 21:15:51.308421641,170
-42.72308837186386,172.31275836693857,4.2,2016-12-10 03:13:10.007155538,170
-42.338699916198,173.78096858066232,4.1,2016-11-16 04:42:33.577059292,170
-41.92533960427418,173.72968264612956,4.2,2016-11-14 01:08:07.980914508,170
-42.63066544068912,172.92146112396094,4.4,2016-11-14 16:55:24.569411852,170
-41.95380028158715,174.0826217845799,4.6,2016-11-15 03:13:11.448750181,170
-42.03379012864652,173.86396813169196,4.4,2016-11-14 21:54:54.916331149,170
-42.1926572614376,173.6886554166472,4.2,2016-11-23 07:30:45.853192997,170
-42.396649224977054,174.0242285868225,4.5,2016-12-01 13:04:06.436840007,170
-42.33136115632394,173.88614445059875,4.1,2016-11-30 07:43:00.067075714,170
-39.25598639542163,176.82421660810556,4.1,2016-11-18 19:28:44.227383,171
-35.638041535167886,178.6431937785899,4.5,2016-11-20 19:20:59.439849,171
-36.97806890143395,176.82457694550646,4.5,2016-12-03 04:34:11.140985,171
-43.628844407982015,172.60497662835672,4.7,2016-12-09 00:40:13.573560,171
-37.84903893791825,179.41775141677604,4.4,2016-12-11 03:48:22.363149055,171
-44.75232266183342,167.52692494980218,4.7,2016-11-25 11:31:05.260521940,171
-43.49853864042337,172.73586028350817,4.1,2016-11-29 15:41:57.620668790,171
-43.57268055589418,172.94438785930885,4.2,2016-11-15 06:24:39.829307887,171
-41.78596862617327,173.60929120842962,4.6,2016-11-14 00:28:44.593995390,171
-42.1110004978168,173.5688335990976,4.5,2016-11-14 15:45:31.430100824,171
-42.59842348870588,173.16024826446122,4.5,2016-11-20 17:34:09.955559164,171
-42.64752212341124,172.89770385962012,4.1,2016-11-28 17:50:52.387137252,171
-41.68476008384315,174.31941549766165,4.1,2016-12-13 15:18:06.711310843,171
-41.71738679644073,174.33209771134415,4.4,2016-11-17 15:09:13.708500284,171
-41.83807888749952,173.94773425202985,4.6,2016-11-19 04:27:34.863913549,171
-41.8058442467159,174.23719361825613,6.1,2016-11-14 07:12:17.581832728,171
-41.704484026961175,174.3231153907284,4.2,2016-11-17 15:49:54.363949312,171
-41.731688629125934,174.22107484443077,4.6,2016-11-14 06:13:28.984404742,171
-42.361577807681485,173.8311676636792,4.2,2016-11-22 22:15:19.015533705,171
-42.6487487167869,172.86136769957085,4.9,2016-11-28 18:40:18.502167403,171
-36.2870753832233,177.7549229430197,5.6,2016-12-06 07:59:42.034320,172
-45.09124901292254,167.27341431835416,4.5,2016-12-08 01:31:48.646884,172
-37.11302984071948,179.31283925933758,4.8,2016-11-28 18:44:18.249310701,172
-37.3414610387234,179.07919471736952,4.7,2016-11-23 20:49:24.875600628,172
-41.95582818057251,174.06748819972498,4.2,2016-11-14 08:25:51.991893992,172
-41.83770248173384,174.20376045306452,4.1,2016-12-03 06:37:21.017696353,172
-42.17023721622563,173.64388155351685,4.2,2016-12-13 18:37:01.336343175,172
-42.32921648121435,173.70242398443622,4.3,2016-12-03 11:21:11.306710268,172
-42.11788526951467,174.11083451495668,5.1,2016-11-14 05:52:27.004875179,172
-39.96657494991424,174.17479931874908,5.6,2016-11-18 18:23:24.588394,173
-36.83537556352651,176.92041035486895,4.4,2016-11-18 13:52:23.204880366,173
-42.65992935373764,172.99491395905747,4.2,2016-11-29 17:46:19.864884098,173
-42.58243632067567,173.79481403364971,4.7,2016-11-15 16:10:22.629076405,173
-41.60758773849535,174.2455331811729,4.5,2016-11-14 04:24:35.926317535,173
-41.89957203013958,174.04063169928776,4.5,2016-11-15 14:24:17.344755636,173
-41.71499242688366,174.014142726541,4.2,2016-11-14 12:43:13.099632537,173
-42.390532161869096,173.5266316364543,4.2,2016-11-15 05:51:20.485663739,173
-41.74532592081234,174.16857296686862,4.3,2016-11-18 04:27:33.925421648,173
-41.83893425610908,174.31709101047318,4.7,2016-11-14 21:56:50.526230447,173
-41.7104553318513,174.19171275843595,4.3,2016-11-15 02:40:05.550376485,173
-41.78518131961668,174.23488723043636,4.2,2016-12-04 00:58:03.954036328,173
-42.38305230053403,173.54140492903193,4.5,2016-11-15 05:52:28.033243709,173
-39.15401042180952,174.8818728102261,4.7,2016-11-17 06:58:58.407393,174
-40.69892872541396,174.57313471520152,4.1,2016-11-28 07:10:38.845266,174
-41.84253202975572,174.05366633301347,4.1,2016-12-11 08:29:56.157099,174
-40.49139045047016,176.37468480961584,4.1,2016-12-06 06:39:47.249989078,174
-43.54888055901073,169.92484930351105,4.2,2016-11-23 18:52:54.590983016,174
-42.51862300213733,173.1316117934879,4.3,2016-11-14 22:58:11.554713896,174
-42.27529029317004,173.67136773950037,4.2,2016-12-12 22:52:15.940282956,174
-41.74742473404122,174.30862442591646,4.3,2016-11-14 11:01:37.020031680,174
-46.08327857532111,166.22100372342211,4.1,2016-11-26 20:37:44.626304,175
-43.85048594290861,172.67685184426514,4.5,2016-12-13 20:42:18.397386,175
-37.22254880121405,177.74010227371144,4.2,2016-11-18 03:57:42.069139792,175
-38.21382468720908,179.4285625507023,4.3,2016-11-20 18:38:37.512096729,175
-42.528373292405455,173.12666693114252,4.4,2016-11-19 00:54:10.493995178,175
-42.61716597349743,172.9935818979088,4.1,2016-12-06 07:23:21.852451021,175
-41.819557581401504,173.98225959933762,4.2,2016-12-10 05:13:27.822577103,175
-41.92309872736082,174.0831323964255,4.1,2016-11-21 14:16:31.149898686,175
-41.73922842613436,174.25205386466487,4.5,2016-12-09 00:46:38.751630750,175
-44.83244823433042,167.5985184637251,4.6,2016-11-28 06:03:36.629853,176
-38.29518652741936,176.51587130631032,4.1,2016-12-05 22:41:05.135179431,176
-40.60995448814046,175.89732101120256,4.1,2016-11-26 23:33:11.971197812,176
-41.79000752681418,174.35383241388683,4.6,2016-11-26 00:20:08.051568829,176
-42.58526491932028,173.1300634380663,4.8,2016-11-17 18:47:22.599624841,176
-41.80279711443682,174.04041370010202,4.2,2016-11-14 22:42:10.957836091,176
-42.11157852846196,173.73783238868847,5.0,2016-11-26 23:54:05.035185507,176
-41.8880420050754,173.99006177696148,4.7,2016-11-20 02:10:58.252995038,176
-38.72079788077906,175.5195232443455,4.2,2016-12-01 20:32:07.489003,177
-43.56829193933818,172.64546028133526,4.2,2016-11-19 04:57:45.642688313,177
-38.18015446919009,179.60225708446467,4.8,2016-12-12 17:40:21.948540256,177
-35.8627975470978,179.01937016024183,4.4,2016-11-14 16:05:36.892260532,177
-42.49993040463483,173.32849044931396,4.1,2016-12-09 13:18:51.274525965,177
-42.41064805034053,173.54560167672324,4.1,2016-11-16 10:05:24.873588718,177
-42.52336051835465,173.7369561367582,4.2,2016-11-14 06:02:57.420940054,177
-41.91199693798925,174.1915197999099,4.2,2016-11-14 00:03:19.677141586,177
-35.863598993780094,179.03117089973492,4.1,2016-12-12 05:44:40.867075588,177
-36.37023850698448,178.0167118551186,4.1,2016-12-11 15:56:26.536394,178
-37.09391127507414,179.25574754671018,4.2,2016-11-27 17:54:33.861723451,178
-42.50048927479811,173.8045320323119,4.4,2016-11-21 18:30:03.497842649,178
-41.69262012904834,174.29198288480038,5.0,2016-11-18 20:44:14.104512118,178
-42.34740429189259,173.79034132783545,4.2,2016-12-03 06:01:49.741115898,178
-42.70652385635082,172.93648737359698,4.3,2016-11-14 06:12:59.710368189,178
-41.65393622475524,174.31049971833824,4.1,2016-11-14 05:43:36.562457296,178
-35.88496755213764,178.57337986818663,4.1,2016-12-11 15:18:58.798837,179
-36.17386016596318,177.5699697077766,5.6,2016-11-29 01:48:43.860984279,179
-42.44345868026767,173.3580305381585,4.4,2016-11-14 09:15:27.563249001,179
-42.66268680173074,172.77558842011797,5.0,2016-11-23 02:22:13.479926993,179
-42.26298457452101,173.69812484606842,4.4,2016-11-18 06:35:25.652674476,179
-36.15419859446556,177.51254107297973,4.3,2016-11-29 06:45:55.212690926,179
-42.57108158890887,172.8907635221394,4.8,2016-11-23 19:04:35.935599019,180
-41.78044574621063,173.96695015935867,4.2,2016-11-16 18:06:48.317992268,180
-41.73215366027552,174.27993286696025,4.2,2016-11-29 02:50:35.942079027,180
-41.75874601753129,174.1631987453922,5.1,2016-11-18 07:49:00.407920363,180
-42.46512114486498,173.52763053064305,4.7,2016-11-18 08:44:40.439057965,180
-42.36054921187032,174.0389857804344,4.2,2016-11-19 10:45:51.232149477,180
-42.23594439660618,173.7436082882909,4.4,2016-11-14 00:54:50.800473269,180
-44.33969715660816,168.2728661387752,4.4,2016-12-07 14:43:56.456029552,181
-42.707064532760825,172.94777225130946,4.2,2016-11-14 00:02:12.567241020,181
-42.05158684540317,173.52626936094788,4.1,2016-11-14 01:38:37.080823165,181
-41.890759544709816,174.03034524193885,4.2,2016-12-01 05:36:28.746052024,181
-42.13421308987405,174.50669207127493,4.2,2016-11-17 05:25:14.898112653,181
-42.25939207417687,173.45471465748625,4.8,2016-11-15 19:20:25.078176347,181
-42.0892232643787,173.8408464198088,4.4,2016-11-27 23:28:32.188100681,181
-41.706831656967736,172.60632584347093,4.3,2016-11-16 22:56:15.944717550,181
-42.236854230934654,174.44452042779784,4.1,2016-11-20 08:36:00.489320319,181
-39.30675943450554,173.80283192662117,4.5,2016-11-27 09:01:46.309842811,182
-42.62039397217697,172.68283933691652,4.1,2016-12-11 23:59:36.782788425,182
-42.369720961456046,173.5728692700369,4.5,2016-11-19 18:17:50.733836414,182
-42.636661844808245,173.11287767581445,5.0,2016-11-23 01:59:19.206401307,182
-42.358071826560405,174.04062597577985,4.1,2016-11-14 02:19:02.196192824,182
-42.12781029817473,173.67776039529633,4.1,2016-12-01 07:47:28.916339608,182
-41.69276679106693,174.17881406385064,4.8,2016-11-19 05:26:08.804755712,182
-42.30055774977757,173.69101912369462,4.4,2016-11-14 17:02:16.271478368,182
-41.883857795718136,173.94847680844026,4.1,2016-11-14 02:28:13.867528569,182
-38.80225643385929,175.98627836593397,4.1,2016-11-18 00:12:10.552871,183
-35.299043873125875,177.83791681091145,4.3,2016-11-26 18:09:21.204871,183
-37.88184375495597,176.3233571831113,4.2,2016-12-02 19:36:57.106725399,183
-43.052674031250845,173.66616318662477,4.3,2016-12-05 01:50:27.840404554,183
-42.14266903609656,173.6619486974188,4.2,2016-11-14 03:47:45.078069680,183
-41.72375637964761,174.1611731662609,4.3,2016-12-07 15:13:39.028240438,183
-42.66088548162665,172.86932353458744,4.7,2016-11-21 17:04:50.437960966,183
-41.72791024933906,174.13801863567954,4.2,2016-11-21 02:58:17.036605665,183
-41.82099908671523,174.10830910652223,4.5,2016-11-15 15:14:55.314738367,183
-42.10953896653913,173.66236560564957,4.2,2016-12-10 22:54:27.315223648,183
-41.79113353897071,174.29306040964855,4.3,2016-11-14 12:44:26.483938382,183
-41.69334813478788,174.25911038303636,4.4,2016-11-15 19:01:11.525819675,183
-42.31844476276683,173.93678403127808,4.2,2016-11-15 09:16:11.184444344,183
-42.3547606575267,173.8874426608644,4.8,2016-11-14 20:19:22.051424071,183
-42.34568309119779,173.86335371825604,4.3,2016-11-30 17:18:08.281503543,183
-41.72297320065821,174.06777422546432,4.3,2016-12-07 17:36:09.034833048,183
-42.62788770586777,172.9159188124645,4.4,2016-11-22 02:54:55.851135659,183
-41.72803225700593,174.11282434363687,4.1,2016-11-21 03:13:16.082773566,183
-37.82437930393879,176.15300615745412,4.1,2016-11-24 14:44:14.691723,184
-38.64603479747221,176.04599967663796,4.4,2016-11-28 16:11:36.535191,184
-43.89972223990731,169.01655258364397,4.1,2016-12-06 10:17:38.676717,184
-42.28715600621076,173.7064452531311,4.2,2016-11-18 06:33:55.822673867,184
-41.7330012916088,174.25451591168536,4.2,2016-11-14 03:14:19.509714081,184
-42.42987865510037,173.87481430070997,4.3,2016-11-15 02:22:33.803270521,184
-42.583450323930215,173.95509538117815,4.6,2016-11-17 03:43:36.888311884,184
-42.52064214767362,173.93273811825856,4.7,2016-11-28 16:00:41.649944944,184
-42.225068038583714,173.71834193818293,5.8,2016-11-22 06:30:28.828560642,184
-42.32476100226125,173.8910193982583,4.5,2016-11-19 14:24:06.904371564,184
-42.682062430310246,172.66312432404263,4.3,2016-11-19 00:16:59.314685789,184
-42.25345066163038,173.71009550657996,5.2,2016-11-18 13:33:20.614812066,184
-45.66352957713471,166.48935927978576,4.4,2016-11-28 00:44:19.386866,185
-37.68177518968115,179.34553499251038,4.2,2016-11-30 03:42:27.387414,185
-45.6906944691902,166.54950044176894,4.2,2016-11-28 09:40:44.987567816,185
-41.78966120459705,174.11403276821517,4.1,2016-11-20 02:31:29.683667447,185
-42.240732714813525,173.54419408682315,4.2,2016-11-27 21:01:48.330911853,185
-42.333126239842265,173.2324132039011,4.8,2016-11-20 21:03:44.875048686,185
-42.2618109294051,173.7578749763276,4.7,2016-11-14 17:10:26.761775204,185
-42.12475336566253,173.63227491341425,4.9,2016-11-14 04:01:27.183560142,185
-41.48478800164487,174.0062674931568,4.1,2016-11-17 14:45:43.049960160,185
-42.36182186416346,173.13213650537764,4.1,2016-11-14 01:56:44.131822671,185
-41.76808761265694,174.3155750929403,4.3,2016-12-02 22:39:09.708249461,185
-42.247327780064666,173.77387989665067,5.1,2016-11-30 03:11:58.328567817,185
-45.1765803330893,167.88514928938895,4.3,2016-11-19 19:54:07.383278,186
-35.662580629024056,179.14728094345733,4.6,2016-11-23 10:40:37.513712,186
-37.7665101584873,176.68074955301844,5.1,2016-11-22 06:43:09.290935932,186
-42.2370775879844,173.8032750013019,4.2,2016-11-14 07:10:35.605255264,186
-41.88517320956774,174.21661713029246,4.1,2016-11-14 02:03:16.720360888,186
-41.782767663016905,174.02183510395827,4.1,2016-11-15 02:35:01.441752137,186
-42.10033436623056,173.78810569667414,5.3,2016-11-14 23:58:49.329733005,186
-42.19839990525079,172.96247012352364,5.3,2016-11-17 16:42:14.269970119,186
-37.48377010847563,179.3025865988432,4.4,2016-11-28 08:49:27.949532,187
-44.85971568123487,169.87166306484457,4.1,2016-11-28 14:29:43.754426,187
-42.63285586894794,172.38264708384608,4.5,2016-12-10 02:40:32.091952728,187
-41.79872275215696,174.4461940228559,4.9,2016-11-14 20:37:14.163343901,187
-41.69228382452826,174.26652318707602,4.7,2016-12-13 03:49:39.435936848,187
-42.02456100142891,174.0051595766162,4.1,2016-11-22 08:32:05.665897220,187
-42.45053734130725,173.26697459407322,7.1,2016-11-25 09:39:45.991601141,187
-35.8447622952128,178.5816283134094,4.1,2016-11-25 02:57:51.434158037,188
-42.29899601335252,173.71053595110013,4.4,2016-11-14 21:00:42.020940643,188
-41.66209294186204,174.4070718069074,4.1,2016-11-26 19:18:47.902567679,188
-41.69305980947571,174.2843684383005,4.1,2016-12-05 11:56:28.606203241,188
-41.77515856832705,174.27132914188223,4.1,2016-11-14 14:14:29.192185443,188
-41.7712676081936,174.25363892862276,4.3,2016-11-18 06:19:49.781953702,188
-42.37415053110087,173.49878698057506,4.1,2016-12-03 11:22:41.926076008,188
-41.71861635119554,174.25508519127828,4.6,2016-12-09 01:42:59.185455422,188
-41.68158170383819,174.2862309368612,4.8,2016-11-23 08:33:27.752293549,188
-45.10992387660461,167.07066209334917,4.4,2016-12-04 22:52:21.695518,189
-36.99025436796213,179.0605668208563,5.1,2016-11-28 06:29:13.025894579,189
-41.82471260014275,174.188789733927,4.5,2016-11-19 04:57:13.492894207,189
-41.69379225863633,174.16696096244632,4.7,2016-11-29 19:27:45.169859275,189
-42.352734949789074,173.6997716260183,4.1,2016-11-16 05:58:39.702555400,189
-41.74635136869336,174.13273498554307,4.2,2016-11-20 00:26:25.118822727,189
-42.55327610614157,173.18301505935318,4.1,2016-11-16 22:11:33.791884913,189
-41.69193043702983,174.3069326726769,4.7,2016-11-19 06:57:28.370728421,189
-42.33596509373363,173.6723826372707,4.3,2016-11-14 06:36:05.122095121,189
-37.53177515326562,179.3087330999713,4.4,2016-11-18 20:32:37.229974,190
-38.83870466848728,177.83161973471428,4.1,2016-12-01 00:43:04.162700,190
-37.8798037265709,176.24296394308624,4.9,2016-12-07 08:27:48.302946,190
-37.615246560205854,179.26507496635335,4.4,2016-12-02 10:49:22.030342507,190
-36.90678666510621,177.0032815425157,4.8,2016-12-12 10:46:40.966124885,190
-40.535994925600455,175.8366721904687,4.2,2016-11-17 02:29:22.169692294,190
-42.940665764582505,173.1841656359794,4.1,2016-11-22 12:14:19.413998312,190
-41.77517371115241,174.25594683938638,4.1,2016-11-14 01:48:57.315230442,190
-41.671669309306296,174.3239309018183,5.6,2016-11-16 09:23:18.989130859,190
-42.27849281954437,174.06320502538392,4.7,2016-11-20 09:57:56.758464272,190
-41.84647200488423,173.7936484834733,4.3,2016-11-16 20:59:08.552765648,190
-41.94684997083427,174.06219228130564,4.4,2016-11-29 01:19:58.779860344,190
-41.651339985332285,174.31289215836608,4.7,2016-12-04 10:31:22.038733253,190
-42.06016307474221,174.07335019199243,4.3,2016-11-15 13:00:24.156688565,190
-41.82921901970415,173.88962488621712,4.8,2016-11-18 02:07:38.899763702,190
-40.958267081285086,173.9763077565679,4.1,2016-12-01 09:35:59.281064,191
-47.369048905317705,165.37515222391173,4.6,2016-12-03 14:52:33.683132764,191
-42.412336529958914,173.7949447720052,4.3,2016-11-14 15:47:52.561672784,191
-42.62620329930721,172.9617089201144,4.3,2016-12-11 22:53:12.723824100,191
-42.63397846393269,173.00327067378174,4.9,2016-11-14 06:54:15.725299336,191
-42.57068846153426,173.11688659889182,4.1,2016-11-15 21:06:27.136165051,191
-42.3291959455067,173.73766126161587,5.4,2016-12-05 23:43:11.312064159,191
-41.92224649594337,174.19732118505533,4.6,2016-11-23 06:56:27.507736722,191
-41.66143397185821,174.29070319072426,4.8,2016-11-20 22:33:17.341169425,191
-42.11336134069296,174.05500296917086,4.2,2016-11-16 02:16:32.328663589,191
-41.78351026920684,174.21778013075698,4.3,2016-11-16 04:28:39.028074679,191
-42.39998785741656,173.06617862758563,5.6,2016-11-14 01:03:12.983474783,191
-42.201049834184936,173.6709592767196,4.2,2016-11-14 00:03:12.251706596,191
-40.82129209301869,174.0116416500846,4.5,2016-12-06 02:24:07.501001932,191
-42.53830744859842,173.14559540468866,4.6,2016-11-15 18:20:58.945454724,191
-42.65729091687528,173.288381410635,4.3,2016-12-12 11:23:41.277801557,191
-36.67609328888196,177.18885858827994,4.1,2016-11-20 15:03:24.686970,192
-44.53953956133277,170.05568140440923,4.2,2016-12-01 01:16:30.679180,192
-40.00695622303788,174.0496017563336,4.4,2016-12-02 06:07:49.137272,192
-39.033252689751976,175.276298808273,4.6,2016-12-04 08:25:37.137584,192
-41.68648405901095,172.11090988353513,4.2,2016-12-06 18:20:57.025256,192
-41.87247934427203,171.92065321388912,4.5,2016-12-13 09:26:24.461970,192
-42.51041893645863,173.02941671374407,4.3,2016-12-03 11:55:35.254434363,192
-41.57222896021332,174.16369559709622,4.1,2016-11-14 10:20:41.236991855,192
-42.3942263385927,174.09720053682096,4.2,2016-11-26 17:48:01.041188786,192
-41.64310188807804,174.33899856021714,4.2,2016-11-17 14:27:14.723541218,192
-37.12065169246949,176.92209629171316,4.3,2016-11-19 01:32:04.001064,193
-42.33324254206163,173.7093492162049,4.4,2016-11-30 16:47:19.863915036,193
-42.0949514806907,173.33472952332386,4.3,2016-11-25 19:32:29.562241945,193
-41.56817364856729,173.89829461645613,4.2,2016-11-19 00:02:06.619982009,193
-42.511481768286686,173.20642928601228,4.3,2016-11-20 06:47:27.424949243,193
-42.29553680444212,173.7047406341534,4.5,2016-11-14 15:05:08.451613304,193
-42.18495565165328,173.64229302863916,4.1,2016-11-16 09:10:05.715610295,193
-41.685050488778735,174.26722496157177,4.7,2016-11-16 13:46:03.265992493,193
-36.801071446257495,179.80044240445298,4.2,2016-11-14 21:46:48.479613023,194
-41.51037514145942,174.00037993236052,4.5,2016-11-15 01:57:43.770226268,194
-42.23589776117014,173.78842216890845,4.1,2016-11-20 02:00:46.558791206,194
-42.39160478080482,173.68105657271005,4.1,2016-11-14 16:23:44.184104679,194
-41.84344873312768,174.00517333671297,4.7,2016-11-30 05:07:13.411603077,194
-42.35813936692228,173.80919599257365,4.1,2016-11-23 14:58:49.305773249,194
-42.49962905473057,173.21711317265508,4.2,2016-11-14 11:11:02.986821039,194
-41.7142379149623,174.33731078023487,4.2,2016-11-23 04:08:00.093224800,194
-41.8682783015088,173.8563853368166,4.3,2016-11-15 03:58:43.946057337,194
-36.98642797188423,177.4454248504127,4.3,2016-11-24 12:27:41.792538,195
-41.44728463597611,173.53636226687482,4.7,2016-12-06 10:16:41.449098,195
-40.31280342612984,174.95147263763369,5.0,2016-12-06 13:37:29.510905,195
-41.87698548667816,174.20584780234165,4.5,2016-11-24 07:12:11.892634914,195
-42.10959043022753,173.65734639083837,4.8,2016-11-15 11:22:08.362212196,195
-41.76181952611287,174.1909776960787,4.1,2016-11-14 00:39:01.171891970,195
-41.79129628128629,174.33798863032388,4.2,2016-11-15 01:24:31.805611557,195
-39.300359028290586,172.8456854841047,4.3,2016-11-15 11:50:37.175756149,195
-41.19105914370907,173.59358633956717,4.5,2016-11-17 07:47:34.760239,196
-42.51881920611841,173.41970807950648,4.7,2016-11-23 04:16:28.801123945,196
-41.47162547410945,174.52226444612836,4.5,2016-11-25 07:28:35.099361657,196
-41.82281450477095,174.01568709956288,4.5,2016-11-14 17:04:33.869202566,196
-42.328038357792174,173.83990152196745,4.1,2016-11-28 05:59:47.246634535,196
-42.1403439982404,173.97451400122057,4.2,2016-11-14 11:36:52.517602765,196
-38.02785407626012,176.22302840261156,6.1,2016-11-29 22:14:06.388720,197
-44.34168243076629,167.591171966476,4.5,2016-12-12 08:05:50.363508,197
-37.24890033220887,178.88110143855275,4.6,2016-11-15 08:17:06.541739948,197
-42.60860236400327,172.70677455116407,4.2,2016-12-02 05:21:13.759329375,197
-42.57315488331998,172.91167093663466,4.3,2016-11-14 15:04:28.997892671,197
-42.16241233087212,174.38215303764133,4.8,2016-12-12 19:30:26.439164675,197
-41.70648914605789,174.30628404578087,4.2,2016-11-24 17:33:47.366043395,197
-42.44785387172596,173.22236549436622,4.8,2016-11-22 10:00:07.185060920,197
-41.73065214970642,173.97017595258703,4.2,2016-11-19 12:55:15.764609795,197
-42.39101316461029,173.54214521328672,4.1,2016-11-17 03:48:58.811823149,197
-40.6390537959515,175.74540839046955,4.1,2016-12-06 14:46:49.830920734,198
-36.9938520396847,179.2416311518224,4.1,2016-11-24 01:46:08.941406984,198
-42.28256250945799,173.07881953254565,4.1,2016-11-14 19:27:03.775281529,198
-42.5767846714824,172.93934892050495,4.2,2016-11-15 10:46:23.659726432,198
-42.07525236023106,173.58464756566073,4.7,2016-11-14 06:00:13.899950659,198
-41.69988801832981,174.08392246163115,4.9,2016-11-15 14:41:10.088278370,198
-42.66250242177368,172.92023435637464,4.7,2016-11-18 13:54:05.842687101,198
-42.5082617504809,173.27364822758688,4.1,2016-11-17 19:26:10.793335415,198
-42.69875423303274,172.92414922255674,4.6,2016-12-02 22:47:15.861785229,198
-42.33054412631014,173.055035646708,4.1,2016-11-14 19:27:14.729641142,198
-36.61464896086126,177.3794334918771,4.1,2016-11-18 21:24:03.074507,199
-35.910321407893804,178.28774340504503,5.6,2016-12-11 21:07:19.236715,199
-43.7011560283116,179.69994269733326,4.7,2016-12-01 22:23:02.852843367,199
-40.52356125814051,176.55101156017778,5.4,2016-11-23 14:40:26.793993591,199
-37.35940785082473,178.78204534432064,4.1,2016-11-16 22:33:28.288452037,199
-41.79226260042588,174.14547005684446,4.8,2016-12-13 15:09:09.880594179,199
-42.37448955437637,172.93532655138392,4.3,2016-11-14 10:44:45.124809563,199
-42.21699084682128,173.63309663047448,4.2,2016-11-18 00:38:07.627725762,199
-41.963026502440165,174.06738736026094,4.2,2016-11-26 11:05:21.642249518,199
-42.48545345185497,173.65863382629212,4.2,2016-11-15 16:44:48.327271823,199
-41.77270482826984,174.34562648846412,4.5,2016-11-14 17:59:00.943249720,199
-41.701575625878704,173.9254876804763,4.2,2016-11-15 01:09:05.739327588,199
-42.69461696767517,172.83754952262564,5.4,2016-11-15 13:00:08.984575408,199
-41.61659306057359,174.30423962779292,4.3,2016-11-19 09:21:13.771560680,199
-44.17835088004141,168.0851698815394,4.2,2016-11-15 10:43:31.692101,200
-38.72244651466307,175.3991761547706,4.2,2016-11-26 04:16:10.456617,200
-37.64938988399561,179.30464247249168,4.2,2016-12-01 13:20:10.050429,200
-34.90763750983045,177.81597621818645,4.3,2016-12-07 12:14:55.110914,200
-37.91605140042617,176.55039140348777,4.2,2016-11-14 06:23:08.221191160,200
-37.3047186536077,178.96859979198615,4.2,2016-11-15 20:10:44.613740218,200
-42.69718335266909,173.58165495972725,4.2,2016-11-18 13:47:15.885504303,200
-42.26759254353599,173.6603562470723,4.1,2016-11-19 04:53:16.426568612,200
-42.348359003665976,173.70294091107942,4.7,2016-11-20 17:07:05.347944663,200
-41.743602378305056,174.28225349698303,5.2,2016-11-22 08:08:34.766808622,200
-41.73430174895316,174.20715441874376,4.1,2016-11-22 09:16:52.977904933,200
-41.3556854834503,174.70510044984735,4.2,2016-11-17 14:11:55.835845,201
-45.03197010662386,166.99157409372634,4.1,2016-11-18 05:34:39.795031,201
-39.54594974113714,177.5979978346449,4.2,2016-11-25 02:59:03.254896,201
-38.31024336616991,178.59620285518233,4.5,2016-12-10 00:07:08.645403,201
-36.968983079262,179.78496773611928,4.2,2016-11-26 21:46:59.884481903,201
-41.66088796831045,174.26601470754986,4.6,2016-12-01 02:38:00.522626937,201
-41.771509597388594,174.00897329292997,4.3,2016-11-23 15:40:20.098574207,201
-42.27728696493688,173.67943888477996,4.1,2016-11-25 08:49:03.870110505,201
-41.77559871573189,174.43432777744349,4.1,2016-12-10 08:55:15.784299924,201
-41.76411051959035,174.28426408114217,4.1,2016-11-21 05:55:02.850587794,201
-41.804525569464026,174.21003136548885,5.2,2016-11-17 11:07:48.984637885,201
-41.675661577798,174.31093118610193,4.4,2016-12-01 17:41:29.818071522,201
-38.3893336901556,175.2042194564788,4.2,2016-11-16 12:18:04.792123,202
-43.8519706616362,177.89114232802245,4.4,2016-12-05 22:58:51.850306,202
-39.43371218599356,174.52924633789675,5.2,2016-11-18 14:28:18.091471987,202
-37.47770986252769,179.6550411063852,4.1,2016-12-06 03:05:53.007291083,202
-37.18414465500999,179.21281448119052,4.1,2016-11-19 04:24:25.359994692,202
-37.12618331996719,179.1310701491493,5.0,2016-12-01 04:59:46.885665160,202
-42.06704282219855,171.52271188236827,4.3,2016-11-19 00:21:06.165358681,202
-42.37639228742341,173.4476430715124,4.3,2016-11-16 02:41:59.749878421,202
-42.014761249923474,174.23857258519493,4.2,2016-11-14 08:31:32.944631505,202
-41.87919162843563,174.33520473359226,5.2,2016-11-18 10:33:49.851205666,202
-41.7691866126001,174.2526513320153,4.2,2016-11-20 07:31:18.107266982,202
-42.26219450855864,173.62935840477792,4.4,2016-11-24 06:01:26.119531120,202
-39.45931805642319,174.21668056317898,4.2,2016-11-20 11:30:15.404235,203
-39.04291763540345,175.00321139053966,4.3,2016-11-30 22:45:44.288473,203
-46.71777258859083,166.15273605122655,4.4,2016-12-05 22:06:53.113616,203
-37.3435056955696,179.04119812997243,4.6,2016-11-15 11:57:31.623730828,203
-42.65609760264732,172.81009501015183,4.2,2016-11-22 01:04:48.903797191,203
-42.37455396331524,172.83178171140298,4.2,2016-12-05 08:31:14.075917307,203
-42.264081237731446,173.66443274652596,4.4,2016-11-14 03:50:58.275551165,203
-42.68417673836756,173.07136260161803,4.2,2016-11-17 06:17:20.742717487,203
-39.353115409412986,175.03119600076383,4.4,2016-11-24 06:19:22.746145,204
-39.30047577127651,177.43321707528935,4.3,2016-11-22 06:51:49.481299178,204
-41.91462437689575,173.54938164680038,5.1,2016-11-14 13:51:59.058611632,204
-41.672902656569285,174.20131593228706,4.1,2016-11-14 19:55:59.925525189,204
-42.25499420864457,173.6096174977734,4.1,2016-11-27 23:17:33.353152338,204
-41.938819033918215,174.04313497812748,5.0,2016-11-14 17:45:31.631557048,204
-41.81806929710362,174.0749213392451,4.4,2016-11-23 03:33:13.272308883,204
-42.20824435063516,173.6730407722924,5.0,2016-11-15 20:30:03.853421748,204
-42.03365782164735,174.1287932112341,5.1,2016-11-22 05:01:00.726408969,204
-42.91871200307431,172.72057021256006,4.7,2016-11-14 04:11:09.673682823,204
-41.60415037120325,174.37896558618337,4.2,2016-12-03 15:13:25.188164837,204
-45.57337547935205,166.66340999723633,4.3,2016-12-02 01:16:56.780363,205
-41.89421310535521,174.2915009727539,4.1,2016-11-22 16:46:51.904175094,205
-42.35525625284847,173.3315492592721,4.2,2016-11-17 10:55:50.575338617,205
-41.72358279013908,174.2704917241255,4.2,2016-12-04 22:20:26.707789949,205
-41.78038436640313,174.29971573213157,4.1,2016-11-22 12:11:09.680347994,205
-42.33890635400321,174.12354641860088,4.3,2016-11-17 12:20:24.367329426,205
-42.42092850383002,174.28523385892893,4.4,2016-11-14 00:10:37.000276913,205
-42.25795426808786,173.992120556015,4.6,2016-11-18 18:16:35.133521139,205
-36.00554112898313,177.9478969976129,4.2,2016-11-18 23:13:22.828496,206
-37.06608121017655,176.96668833416047,4.4,2016-11-24 08:44:53.295741,206
-43.63494710542661,172.61971414769818,4.6,2016-11-26 11:14:21.572017,206
-45.69555248833228,167.1444842606406,4.3,2016-12-01 08:03:15.805481,206
-44.22023143745277,167.17518532149526,4.1,2016-12-03 20:13:23.991151,206
-41.298445034626766,173.981273295783,4.2,2016-12-06 19:34:01.300560,206
-42.14514306751603,173.86483888223586,4.1,2016-12-04 09:19:31.305358628,206
-41.80922676901291,174.57214687522304,4.4,2016-11-23 08:48:27.643420623,206
-41.65937326006649,174.0522039806061,4.2,2016-11-17 09:26:47.242219609,206
-41.11550380016798,174.66226874801956,4.3,2016-11-20 10:28:20.550078762,206
-41.89757830187305,173.97808412243342,4.2,2016-11-21 15:01:19.959401056,206
-41.81144519415287,174.2825983589442,4.1,2016-11-26 08:17:31.900041049,206
-41.66506009110246,174.20480446266444,4.2,2016-11-14 07:26:22.515252676,206
-42.49953490043493,173.6149577245741,4.2,2016-11-14 04:37:24.118332187,206
-41.8353919368407,174.25799218011784,4.1,2016-11-18 08:10:28.422864,207
-42.93281205866116,171.67114981893803,4.4,2016-11-21 06:10:51.477370,207
-37.1154070194581,177.6625451709026,4.9,2016-11-25 22:38:40.199051,207
-38.1185836655307,176.83228162569458,4.5,2016-11-27 21:18:28.761358,207
-46.7144029645629,165.951261681156,4.3,2016-11-28 15:14:50.517427,207
-45.07363193718803,167.28706941090323,5.3,2016-12-10 22:50:42.227916,207
-45.09296925524041,167.3044512898062,4.4,2016-12-10 22:51:39.849663876,207
-42.898201220276135,172.9183730516007,6.9,2016-11-14 16:10:28.394728706,207
-41.96525180407044,173.73008352241553,4.2,2016-11-21 01:17:34.889689359,207
-41.77003992488507,173.94368839472747,4.2,2016-11-14 11:55:20.053200068,207
-41.82717458829626,174.02079706065444,4.4,2016-12-07 10:29:55.719566511,207
-44.11852850126273,168.40977628064977,4.2,2016-12-03 03:25:46.693845586,208
-42.12361444662076,173.651858411727,6.4,2016-11-19 20:36:53.055517305,208
-42.6643184663515,172.88006337375143,4.4,2016-12-02 07:14:26.715555915,208
-42.09887640766336,173.52604169349064,4.1,2016-11-17 13:21:07.705862515,208
-42.3575438874721,174.07650789899034,4.8,2016-11-22 21:19:03.659674220,208
-41.95439837802719,174.09920745596645,4.5,2016-11-14 04:07:18.874255004,208
-42.45426698601116,173.95731682331075,5.5,2016-11-14 00:27:27.020094570,208
-37.68451964252787,177.13315923912225,4.1,2016-11-17 07:09:30.546058663,209
-36.75096553719596,177.0217513437789,4.2,2016-11-22 13:18:50.535313809,209
-42.858818129651326,172.71407879128043,4.1,2016-11-14 14:19:11.898789719,209
-41.59285301123614,174.3794546817469,4.3,2016-11-22 21:22:48.307998418,209
-37.05065570063808,178.76845345491287,5.0,2016-12-12 10:46:02.153844,210
-37.73601543610879,176.36154221280984,4.6,2016-11-26 21:09:25.839021392,210
-37.18202542950736,179.3929811447373,4.1,2016-12-11 22:28:36.285884942,210
-42.4339803411328,174.97675420195347,4.2,2016-12-05 00:46:56.846808350,210
-42.454731320578674,173.4006421275716,4.2,2016-11-18 01:14:25.321380317,210
-42.25990478140171,173.692235531148,4.1,2016-11-20 22:21:38.365272447,210
-42.03096913171774,174.26369199148405,5.2,2016-12-01 01:18:46.695800913,210
-42.13761035676972,173.7816277516756,4.3,2016-11-14 01:29:51.850821117,210
-42.30355167493162,173.85792028443888,4.1,2016-11-16 16:52:21.648585183,210
-42.30321266605293,174.0551731692292,4.1,2016-11-14 00:14:21.537635375,210
-39.952904916252585,175.12143820798207,4.1,2016-12-08 16:56:11.910943504,211
-36.92763502674915,178.8000003638722,5.2,2016-11-14 07:04:01.222218110,211
-42.34135008273041,173.50700704450188,4.2,2016-11-26 06:04:39.740185837,211
-41.81767676998192,174.22785171838632,4.3,2016-11-25 18:10:48.619122902,211
-41.78779361025894,174.19103525611584,4.2,2016-11-14 15:03:26.998010897,211
-41.79033229766621,174.294009563688,4.6,2016-11-20 22:16:53.576276883,211
-42.41029915382016,173.77961927997168,4.4,2016-11-27 06:16:46.761121571,211
-41.64983517358411,174.2529140091339,4.2,2016-12-02 17:55:16.841245552,211
-41.770649451230646,174.32955388639454,4.1,2016-11-17 01:46:02.396765813,211
-42.30429284147972,174.05514042975545,4.6,2016-11-29 16:10:29.209643940,211
-41.84698100639752,174.36367260665924,4.1,2016-11-20 22:27:21.484555876,211
-37.601799279223066,176.17957000391343,4.1,2016-12-09 07:32:25.535314,212
-37.03168664111988,178.67264087460063,4.3,2016-11-15 15:05:04.345183909,212
-42.55795629027098,173.40085310138636,4.4,2016-11-28 06:00:06.733412510,212
-41.697774183860005,174.15864254763406,4.1,2016-11-14 04:23:42.453012439,212
-41.69353137771525,174.2550058147784,4.5,2016-11-16 13:56:13.382954202,212
-41.84495872476518,174.10237837520887,4.2,2016-11-30 12:52:49.458609064,212
-41.80233567733264,174.17118936010982,5.0,2016-11-14 10:13:43.800952643,212
-41.75623796862392,174.2386238019524,4.5,2016-11-15 08:50:59.562837086,212
-42.54469050082997,173.06103331663013,4.1,2016-11-14 02:41:13.747485131,212
-37.030891714273096,178.0456483198877,4.2,2016-11-28 13:54:49.340311415,213
-43.14044378416579,169.84497680108004,4.4,2016-12-12 20:17:50.917374666,213
-42.43468989495149,173.17525069530592,4.3,2016-11-15 01:08:04.780718259,213
-42.69027694156245,172.8315292645335,4.3,2016-11-14 21:10:14.587935955,213
-41.73355077678792,174.1740596153503,4.2,2016-11-15 13:53:34.537997208,213
-42.17222325190955,173.51329523586193,5.1,2016-11-26 17:26:38.796917374,213
-42.614397899842935,172.83617233033348,4.1,2016-11-14 02:51:28.897149135,213
-42.42005508387158,173.77993631313453,4.5,2016-11-20 13:12:53.845875193,213
-42.52723082923414,173.74617401995505,4.1,2016-11-14 12:54:05.546248465,213
-42.55141459926753,173.79875689806266,4.9,2016-11-15 02:33:41.291148442,213
-42.242805656640286,173.73474750936555,4.3,2016-11-14 10:19:22.344593213,213
-42.25110778220752,173.65093601384024,4.2,2016-11-20 04:21:46.734412995,213
-42.49280818665496,173.30974304451897,4.2,2016-11-15 09:02:45.943891256,213
-42.26130226930416,173.82726484781654,4.5,2016-11-14 04:19:35.431154370,213
-42.06541031127784,173.71393525340017,4.4,2016-11-15 20:49:23.582509208,213
-36.788274649463546,178.14120887504072,4.1,2016-11-28 13:55:15.456324321,213
-38.397502296505536,176.10420147454252,4.1,2016-12-03 10:14:25.070990,214
-41.952752171221285,173.69705676164827,4.1,2016-11-20 21:16:46.948758328,214
-42.1511435589795,173.6310358279099,4.3,2016-11-14 03:38:19.693864981,214
-42.177169770631934,173.66804103097073,4.6,2016-11-19 09:08:32.770017948,214
-41.75123119851367,174.24597065659933,5.0,2016-11-14 12:16:44.015364618,214
-42.35919211828124,173.85256224813915,4.8,2016-11-21 12:54:56.630611597,214
-41.70905310966756,174.3499268062374,4.1,2016-12-06 06:59:13.261558775,214
-41.65987712442017,174.3087981883492,4.3,2016-11-19 05:32:53.644580421,214
-37.171684579609966,179.0246629760358,4.4,2016-12-03 21:26:44.361653,215
-36.72331090963813,179.96709802923914,4.3,2016-12-13 08:46:17.811482,215
-44.297321896685,167.9390020055818,4.1,2016-11-19 16:07:09.572748517,215
-37.52697878875144,176.20672093070849,4.2,2016-11-29 21:44:48.666535143,215
-41.9493929250276,174.25097351484175,4.6,2016-11-14 04:20:08.005176784,215
-41.73990134603381,174.32718601736087,4.9,2016-11-19 01:33:07.192450777,215
-42.4880269233062,173.28803921111458,4.4,2016-11-23 03:53:43.738705813,215
-41.66110126416403,174.32753205018616,4.5,2016-11-30 16:48:27.092746729,215
-42.29580752818704,173.67798852869385,5.2,2016-11-14 00:59:06.717936757,215
-41.79652236456168,173.96696991698914,4.6,2016-11-14 13:58:49.137184725,215
-42.23822991231039,173.6600486073566,4.4,2016-11-18 09:10:27.934229831,215
-42.67336718683552,172.77786470054676,4.2,2016-11-20 00:04:40.142700471,215
-42.12922005643541,172.97985141472824,4.3,2016-11-14 02:57:37.045813230,215
-42.03081210668762,174.0756873559131,4.7,2016-11-28 22:34:01.961214096,215
-42.733054557653126,172.85579927694516,4.3,2016-11-14 07:21:59.635088722,215
-42.31482217393092,173.60064864093758,4.1,2016-11-20 06:18:25.715769780,215
-36.12078484131015,178.62933507707564,4.1,2016-12-06 23:05:25.082844,216
-37.61053828493339,179.9685690908965,4.1,2016-12-10 09:46:58.020231289,216
-37.19684256363275,179.03770507097136,4.2,2016-11-15 01:57:54.153160859,216
-42.01829849970676,173.65972041955635,4.7,2016-11-14 02:48:31.918968568,216
-42.57809687707195,174.50547125103066,4.3,2016-12-08 17:26:28.656825400,216
-42.50392464406317,173.1908142441961,4.1,2016-11-15 06:22:13.398145172,216
-42.179336742767845,173.69392065577082,4.1,2016-11-14 14:26:25.049977924,216
-41.72134660526511,174.2939696515349,4.5,2016-11-30 06:20:39.746221285,216
-42.34789189488206,173.8590804575687,4.7,2016-11-15 20:33:40.165805720,216
-42.01562495616204,173.82958410492344,4.2,2016-11-17 12:15:55.712280856,216
-42.42631957623731,173.28922615997308,4.2,2016-11-17 10:35:21.585215155,216
-41.77383525966983,174.30070971843065,4.1,2016-11-14 07:08:30.994712442,216
-41.82614911197783,174.31717179328476,4.5,2016-11-15 04:29:50.581564275,216
-41.68264199194844,174.34439302028434,4.4,2016-11-19 05:44:14.958107119,216
-41.68209084060281,174.2691419845397,4.1,2016-11-16 06:02:35.802136300,216
-42.02223879346597,173.82222775660048,4.8,2016-11-17 13:17:17.340095961,216
-38.45990014039407,176.02165792882107,4.7,2016-12-03 07:20:22.622957,217
-43.50958902974906,171.86036674189634,5.8,2016-11-29 01:11:12.381267370,217
-41.7484499631673,174.16165663428868,4.2,2016-12-05 03:31:56.722288480,217
-42.60885974478365,172.8691779912334,4.1,2016-11-14 04:50:18.410693624,217
-42.11681144632677,173.71486255810788,4.1,2016-12-09 11:22:43.819976839,217
-39.0030589101644,177.97281035053118,5.1,2016-12-02 06:02:23.258107,218
-36.99130021353278,179.97417604483113,4.3,2016-12-05 03:54:59.272629,218
-43.67012452419953,172.4540898801764,4.2,2016-11-24 05:56:46.959538943,218
-37.02354445004346,179.18267180285568,4.4,2016-12-02 20:32:23.640244450,218
-37.04159376076615,179.01921772490334,4.6,2016-11-27 21:24:32.186529418,218
-37.24591279217877,179.0019075910869,4.8,2016-12-10 00:12:07.782028322,218
-42.47648427051222,172.801903573535,6.0,2016-11-14 02:22:44.068765991,218
-41.75821950595159,174.07196068425068,4.2,2016-11-20 18:16:01.107024729,218
-41.79163891927354,174.43631073856938,4.1,2016-12-02 17:24:55.545087227,218
-42.48829027531296,173.15429129407136,4.5,2016-11-23 05:22:00.983061692,218
-41.93949225658984,174.08412518153852,4.7,2016-11-14 07:09:14.326641354,218
-42.18019667589648,173.74984698473637,4.3,2016-12-08 20:28:31.754598584,218
-42.512905666639405,172.87544962201102,4.2,2016-11-17 02:20:25.400118475,218
-42.068194644998925,173.22503469357264,4.5,2016-11-21 07:43:50.354519,219
-38.56886118454822,178.62977716731177,4.2,2016-11-16 14:52:52.330838900,219
-44.00712894079575,172.194395544635,4.1,2016-11-15 08:07:42.141284305,219
-41.75174654541623,174.19920204718284,4.9,2016-11-18 14:55:29.912388065,219
-41.72283726730441,174.3346524124817,4.6,2016-12-04 11:05:27.171878123,219
-42.24603814117966,173.80383428423093,4.2,2016-11-26 16:41:26.405280638,219
-42.49732676653637,173.1437529745065,4.5,2016-11-24 21:43:37.239868705,219
-42.20669974275718,173.90151806397773,4.3,2016-11-29 14:48:14.183650464,219
-42.39633935139756,173.53289613763909,5.8,2016-12-03 11:41:00.731675679,219
-42.51823337523044,173.43386543081826,4.1,2016-12-04 04:20:40.422903355,219
-39.66848163178352,173.83397853693253,4.1,2016-11-19 08:50:51.374267,220
-38.6638083861038,174.54951532796878,4.9,2016-12-11 03:29:55.093931,220
-35.855853927219734,178.46987797970075,4.1,2016-11-16 09:37:25.339156148,220
-42.36806586656884,173.2494015838097,4.8,2016-11-14 22:15:19.138522483,220
-42.18310120322154,173.778950361393,4.1,2016-11-26 02:01:53.988212815,220
-42.34001284950819,173.45588226951153,4.3,2016-11-25 07:28:39.965824942,220
-41.65744446745017,174.19848344313075,4.9,2016-11-15 18:10:28.125402030,220
-42.665677335424704,172.78626241813072,4.6,2016-11-17 19:46:01.805428583,220
-42.26586338860925,173.70749317612172,4.5,2016-11-26 00:45:46.742277811,220
-37.80465295837281,179.32089610807506,4.4,2016-11-16 15:47:51.911400235,221
-41.98367647695276,173.94796301515012,4.3,2016-11-30 20:21:28.059459332,221
-37.611401154341465,177.16485520311605,4.7,2016-12-04 07:15:06.900959748,221
-42.56564666465012,173.18348672193923,4.1,2016-11-17 22:44:02.356058134,221
-42.65538942537968,172.768332378501,4.3,2016-12-09 03:17:34.465724518,221
-42.4727962058409,173.55279011252702,4.1,2016-11-14 13:22:57.847759599,221
-41.74144200551843,174.45492264568782,4.5,2016-11-14 15:22:19.630016031,221
-41.667092044340784,174.27193917943544,4.1,2016-11-23 17:02:53.197389089,221
-41.52274257044193,173.1398438542423,4.4,2016-11-17 14:13:24.286318168,221
-42.629592726667376,172.81480566139118,4.1,2016-11-14 08:27:21.275688913,221
-37.85431262094803,179.42586832909936,4.5,2016-11-19 18:00:00.562637205,221
-36.577827803673046,176.86621760800503,4.2,2016-11-22 08:28:21.112513,222
-39.42685908614602,176.38754948919512,4.4,2016-11-22 16:19:22.990779,222
-45.35365882021264,166.78544439882756,4.3,2016-11-23 01:43:10.927813,222
-40.65782813732281,174.38609926536668,5.0,2016-11-25 22:46:55.882485,222
-37.830414425184095,179.30402533042115,4.3,2016-12-09 20:14:30.387260,222
-45.360160328094935,166.78069986792875,4.2,2016-12-13 19:59:38.574959591,222
-45.23215998606174,166.86563724915212,4.8,2016-12-02 04:40:31.424736654,222
-43.31641900279119,171.8643323742519,4.5,2016-12-01 20:52:34.745903084,222
-43.42155343207015,172.74026080885494,4.1,2016-11-16 16:00:38.384536961,222
-37.37198264077412,178.89932062130617,4.4,2016-12-08 10:41:27.953759105,222
-42.49824730838071,172.77161473442112,4.8,2016-11-30 09:28:28.937576024,222
-42.34708501011294,173.42778095355143,4.1,2016-11-16 12:39:33.759090838,222
-41.72427288932418,174.09285353802724,5.5,2016-11-14 01:26:39.772804911,222
-41.923168320253744,173.97485791014924,4.1,2016-11-14 01:51:45.415674338,222
-41.5008317547244,174.2810307327129,4.5,2016-11-18 03:13:00.731438633,222
-41.89288705857052,174.13434963585044,4.1,2016-11-15 02:55:08.731393933,222
-41.921467898081936,174.10121921592577,4.3,2016-12-10 01:46:24.693911996,222
-41.83521708918303,174.2128988066355,4.1,2016-11-14 13:25:30.911257621,222
-41.778254043495885,174.2178435438957,4.3,2016-11-19 10:29:42.906229639,222
-42.43402711677852,173.7658231793495,4.2,2016-12-13 05:36:38.453698921,222
-41.93268748602559,174.141658509578,4.2,2016-11-14 01:57:04.369605229,222
-41.952569861298855,174.41679019251916,4.2,2016-11-14 01:04:36.073934334,222
-42.31223760638735,174.00400432534377,4.2,2016-11-18 22:57:23.861598490,222
-42.28764285360631,173.66539449187096,4.3,2016-11-14 02:17:01.637811905,222
-42.25167307656501,173.67079036261785,4.1,2016-11-14 02:17:15.690665555,222
-42.67552510679385,172.62768096007449,4.1,2016-11-21 22:55:16.562386289,223
-42.56790583027713,172.8696909913722,4.3,2016-11-20 07:39:59.477679189,223
-42.79252989842469,172.94970202284608,5.0,2016-12-04 12:48:11.707784964,223
-41.96681268235341,174.03490621781927,4.3,2016-11-14 04:16:11.088306618,223
-41.7159046836945,174.29639806359623,4.1,2016-11-15 04:02:00.357746394,223
-42.3041148706823,173.93382490186593,4.4,2016-11-14 03:26:11.619876130,223
-42.63641604051589,172.71436667955044,4.3,2016-11-15 11:20:27.384936287,223
-38.65396285072583,175.69862056436833,4.1,2016-12-11 00:47:35.318191577,224
-41.06908611113025,174.59555842337525,4.4,2016-12-06 07:13:35.945426777,224
-42.466176274095865,173.74507970917557,4.3,2016-12-11 03:27:11.538849821,224
-41.94371177542394,174.53884959795127,4.2,2016-12-01 15:09:30.740161204,224
-41.76404845775018,174.1957950240463,4.3,2016-12-02 13:59:37.794208581,224
-41.812129010564846,174.1781625772329,4.1,2016-11-21 18:00:56.708829277,224
-41.66762251094005,174.3036405443907,4.3,2016-11-17 19:28:52.509761253,224
-42.347852969339584,173.65677259667532,4.6,2016-11-14 19:49:22.173256664,224
-41.664769789419566,174.35510949973997,4.1,2016-11-14 00:04:37.894907389,224
-37.28751741029717,177.68228828929264,4.3,2016-11-16 03:26:50.343125,225
-35.35785103758392,178.34245837384557,4.3,2016-11-25 17:38:03.472020,225
-43.83410195012528,168.12548507194137,4.5,2016-12-03 21:16:34.823005,225
-40.68686760477034,176.35399387515682,4.2,2016-12-09 21:44:34.768530,225
-43.26407427150796,174.97072891494182,4.5,2016-11-27 01:36:16.222657573,225
-41.94423988359203,173.98563787605525,5.4,2016-11-16 21:36:47.230846729,225
-41.7477433774796,174.27041733951486,4.1,2016-11-14 18:31:37.232752711,225
-41.7357288852709,174.26032260914636,4.6,2016-12-02 18:44:03.257540918,225
-42.49835188143624,173.53167913751216,4.6,2016-11-15 10:08:10.321532716,225
-42.59506350280802,173.33810497682592,4.3,2016-11-16 10:19:00.335865176,225
-41.696444323862686,174.15120518597467,4.2,2016-11-22 02:38:44.108806083,225
-42.01753026853994,173.88516311467683,4.4,2016-11-14 01:37:20.439140886,225
-42.60860109777491,173.00310152005423,4.1,2016-11-16 20:21:02.573245346,225
-42.77370868186236,172.71264647568023,5.1,2016-11-16 11:42:27.987340419,225
-41.72525363934343,174.2396000293536,4.1,2016-11-15 20:22:31.215217560,225
-41.7078337904359,174.3049623438716,4.3,2016-11-18 12:14:27.143665520,225
-42.12247195826956,173.7164506730226,4.6,2016-11-16 14:02:50.583881277,225
-41.69042018777845,174.20917150728852,4.1,2016-11-27 12:21:14.451268515,225
-42.519896650978026,173.07901794044406,5.3,2016-11-14 00:28:11.422667593,225
-42.765839771408885,172.63464615822437,4.1,2016-11-20 04:10:30.244436297,225
-42.90373325469481,172.98172665014724,4.1,2016-11-16 11:44:05.409815278,225
-42.749465448267216,172.62750562473988,4.4,2016-11-20 04:10:53.512087046,225
-47.366780450501416,165.35214686404336,4.2,2016-12-02 21:02:38.041125076,226
-37.17462501355065,177.2493398473023,4.3,2016-11-25 20:42:05.912793589,226
-36.578243945776585,176.50707831264475,4.5,2016-12-08 23:06:25.680311987,226
-36.09881640947085,179.80844430958695,6.8,2016-11-21 08:21:42.550580692,226
-39.01700396993349,173.71844246202693,4.1,2016-11-22 10:02:51.778280268,226
-42.78720580461223,173.09436355019727,4.1,2016-11-25 08:58:40.618145307,226
-42.23620741351744,173.67141334226164,5.4,2016-11-14 03:58:40.467181931,226
-42.298338974259366,173.81237946635574,5.1,2016-12-06 03:44:53.570376068,226
-42.2700144792266,173.85084112682776,4.1,2016-11-14 00:46:42.433465758,226
-41.96691134068266,174.0384785830049,4.3,2016-11-20 11:42:29.253058090,226
-42.36003792114416,173.94106542411475,4.3,2016-11-20 15:57:04.010073197,226
-42.24196587875526,173.79219696469696,4.3,2016-11-25 23:23:32.066711789,226
-42.092174722012025,173.6846120584599,4.1,2016-11-15 04:54:00.638072279,226
-42.5184143799959,173.2841256218269,4.2,2016-11-24 23:22:00.108727874,226
-38.441188207743934,179.318452300486,4.1,2016-11-22 00:28:45.455189,227
-37.09863725072252,179.00281152062726,4.1,2016-11-25 14:48:09.329486122,227
-41.74293358955494,174.14562683774898,4.1,2016-12-04 07:51:01.726324150,227
-42.32291311753988,173.48764463986183,4.1,2016-11-18 20:54:31.558776753,227
-42.30214231256738,173.49212473524418,4.3,2016-12-07 17:52:43.260252488,227
-42.28690047688713,173.84787683700873,4.3,2016-11-14 04:45:01.373445514,227
-41.71557827217088,174.22104033915713,5.6,2016-12-03 19:06:34.420644621,227
-42.17815979294217,174.0606907413351,4.1,2016-11-23 23:00:18.219599007,227
-41.58878000711117,174.13921411653644,4.3,2016-12-04 09:24:28.131312872,227
-42.76495457045923,173.39452814022346,4.1,2016-11-22 07:51:19.222218,228
-41.655231346063154,174.27729020943707,4.6,2016-11-15 06:53:11.792016136,228
-41.78125210573355,174.13653843611436,4.4,2016-11-14 21:22:40.056297760,228
-41.98512179382136,173.8099538594969,4.1,2016-11-14 00:39:40.535469697,228
-41.9666020097597,174.078817375225,4.2,2016-11-15 13:00:22.905758540,228
-41.86196670459972,174.25425290949778,4.1,2016-11-19 16:16:58.851932352,228
-41.82498967637914,174.01119896488612,4.2,2016-12-03 00:00:31.976116835,228
-42.2814852518156,173.41652794609547,4.3,2016-11-14 14:55:21.798517777,228
-41.64934211385342,174.2567029159074,4.1,2016-11-15 22:44:26.398277138,228
-41.73110858940045,174.17015664936207,4.9,2016-11-14 02:15:58.134321817,228
-41.666078471755775,174.42650456117502,4.6,2016-11-22 10:40:20.700911933,228
-37.19117390362867,177.36386946544664,4.5,2016-11-27 03:59:30.056124,229
-36.92763494421352,176.6420635338128,4.1,2016-11-24 16:19:45.712059832,229
-42.004798021396695,173.89966631621482,4.4,2016-11-28 02:28:34.207986564,229
-41.7762275939022,174.17739712353912,4.1,2016-11-29 08:44:37.467602,229
-41.75066300212247,174.42629361709194,4.1,2016-12-02 04:57:13.502203062,229
-42.11566516575401,173.72178803259428,4.4,2016-11-16 01:47:44.506878753,229
-41.70686231627817,174.18661839748418,4.2,2016-11-18 21:42:27.780906556,229
-42.53996269613737,173.8200466338974,4.9,2016-11-14 05:53:54.719193944,229
-37.48649586600462,179.30844900605243,4.1,2016-11-14 21:51:50.680609,230
-41.67100987709184,174.43429099261238,4.7,2016-12-05 19:22:15.862016032,230
-37.323561395845445,179.43338859770614,4.4,2016-11-26 00:27:06.048314696,230
-42.57973350164166,172.70653871235953,5.0,2016-11-14 12:56:42.661330150,230
-42.01069997976401,173.6584878952408,4.7,2016-11-24 11:28:30.699832585,230
-41.80411132696492,174.07445534792177,4.6,2016-11-22 08:18:22.851601319,230
-42.27388766287016,173.58955534601637,4.8,2016-11-14 12:32:26.266952412,230
-42.26851110022425,173.9066031833307,4.5,2016-12-04 19:56:16.520625430,230
-41.88195546923557,173.8734710967027,4.3,2016-12-01 04:09:49.367270032,230
-42.312972987901205,173.63449914905317,4.3,2016-11-14 00:32:46.310875916,230
-41.69010184381672,174.31399837981934,4.3,2016-12-06 03:23:02.585280172,230
-41.718936879803,174.31363354233957,4.8,2016-11-16 11:41:46.345730467,230
-41.95606248150187,174.04438264468405,4.2,2016-11-24 16:01:55.847183980,230
-42.37392024783957,174.06037118715446,4.3,2016-11-16 15:49:14.969089248,230
-42.098624216176994,173.67687699293927,4.2,2016-12-06 16:22:22.266357851,230
-39.71838580544408,176.61831789728657,4.8,2016-11-20 20:17:24.037089,231
-36.54626113078817,177.44265254837487,4.3,2016-11-25 16:11:48.030680,231
-39.77477122894247,176.60048967506617,5.2,2016-11-22 03:14:29.228967683,231
-35.35338731451389,179.55390792332483,4.1,2016-11-17 09:48:57.342532655,231
-42.2683800428899,173.80911452275686,4.2,2016-11-17 11:20:48.139298693,231
-41.76073802987364,174.00415090127692,4.6,2016-11-15 20:21:40.460133741,231
-41.79764059026611,174.22987918218027,4.5,2016-11-15 11:23:04.648683044,231
-42.34828472309695,174.0108040987358,4.1,2016-11-21 01:55:52.648623963,231
-42.3838720031754,173.9986005141148,4.1,2016-11-14 15:22:15.663647054,231
-42.705965319576144,172.82018127387497,4.1,2016-11-14 07:51:35.369285802,231
-42.05175875361292,173.78022517716116,5.0,2016-11-14 02:24:09.664745185,231
-42.72812896728414,172.74671211762737,4.3,2016-11-30 11:53:05.260248374,231
-38.02978320909588,176.23844942826182,4.4,2016-11-26 22:28:17.512010,232
-44.53323167014054,168.2928405917503,4.3,2016-12-02 18:03:20.778773730,232
-42.83727738088048,172.81986461947417,4.1,2016-12-13 10:11:32.371639745,232
-42.64253109130095,173.40585620109496,4.6,2016-11-16 03:41:44.361061719,232
-42.52021753833802,173.10149955378395,4.3,2016-11-17 16:09:14.596753034,232
-41.83221610537289,174.3670961177583,4.5,2016-11-14 09:16:20.939775930,232
-41.81642586371934,174.03062701230948,4.3,2016-11-14 06:36:14.718738062,232
-41.76100416831091,174.29979590017615,5.3,2016-11-21 06:46:41.086005724,232
-42.35767404751445,172.94852227008516,4.1,2016-11-14 12:21:58.558133688,232
-36.92797275425963,179.02940112758415,4.4,2016-11-14 21:56:54.993326946,232
-41.70958984822393,174.35027133688587,4.6,2016-11-14 02:31:44.928617367,232
-35.688384531287205,178.7936100793675,4.1,2016-11-16 00:13:27.215701,233
-39.55260040443253,175.5045234366201,4.8,2016-11-18 17:01:22.695213,233
-41.592679041627775,173.85326677915955,4.4,2016-11-26 08:44:22.895847,233
-35.56953899787368,178.60109576265526,4.2,2016-12-02 08:18:14.756434,233
-40.158142132732806,173.61408512832472,4.2,2016-12-08 14:24:08.110706243,233
-37.27916690285408,179.07672948513945,4.3,2016-11-15 02:18:53.700286583,233
-42.7233387182843,172.46820175848126,4.1,2016-11-22 22:10:33.289590553,233
-42.39509790543434,173.1621441236791,4.1,2016-11-16 01:10:38.775154776,233
-42.17870895250683,173.42516868742848,4.3,2016-11-27 10:30:16.539230748,233
-42.23258740058296,174.6171587210713,5.2,2016-11-18 09:13:33.693511313,233
-41.740668338725214,174.28145443145058,4.7,2016-11-14 07:36:15.606425635,233
-42.54057451014171,172.95098418124678,4.3,2016-11-14 22:42:53.570380119,233
-41.6180452975956,174.31537467979462,4.3,2016-11-16 02:00:03.162818671,233
-41.721544090746406,174.40871808388732,4.1,2016-11-14 05:54:11.314540584,233
-38.50372920324357,176.0279326094786,4.1,2016-11-29 04:41:48.053943,234
-36.50727221988605,177.84338996845162,4.3,2016-12-05 07:33:32.016239,234
-38.63999162740697,177.87689706120685,4.4,2016-11-22 10:20:29.322649525,234
-44.731921470422726,168.47193161259386,4.5,2016-12-01 12:50:31.995178912,234
-47.53655908908144,165.53687138732968,4.1,2016-12-07 22:37:26.608625622,234
-37.246830115827294,178.788157652488,4.2,2016-11-16 05:18:20.939476419,234
-42.64308846852554,173.21842598910186,4.1,2016-11-14 02:33:50.811279218,234
-42.48519556238199,173.90361688795664,4.1,2016-11-18 23:28:22.440068253,234
-42.21550129926607,173.64130891427686,4.2,2016-11-26 21:01:05.410191023,234
-41.89457979662228,174.29135603887147,4.4,2016-11-20 00:51:43.840763693,234
-42.31681084141833,173.86483387609877,5.1,2016-11-16 09:07:13.852278593,234
-41.99572094327328,173.5717079899011,4.3,2016-11-14 03:33:30.391141603,234
-41.77937888326213,174.02518921071513,4.3,2016-11-14 18:01:14.044397776,234
-42.34246833286742,173.56157158084923,4.1,2016-11-15 16:24:47.745425757,234
-42.547615171595616,173.25261917400377,4.1,2016-11-15 03:58:51.605462368,234
-42.348003225918994,173.60608138487822,4.4,2016-11-23 23:53:17.035306316,234
-42.42140762229697,173.95547920067116,4.5,2016-11-14 03:21:25.306571333,234
-38.66702502824543,177.8785710551557,4.1,2016-12-09 03:36:22.419407560,234
-42.52272489979241,173.98500267859683,4.6,2016-12-02 07:42:29.220369834,234
-42.39494718990601,173.49609978552434,4.2,2016-11-14 02:39:58.839936857,235
-42.00332355120269,173.67462491479455,4.1,2016-11-15 14:19:49.681727793,235
-42.49652994571876,173.52817253066675,5.1,2016-12-08 20:43:28.907371992,235
-41.70926058953454,174.30467851180197,5.1,2016-11-19 15:13:08.905675584,235
-41.72954113437785,174.59319770586322,4.1,2016-11-14 02:54:41.299066526,235
-39.80027650099389,173.9414012439639,4.1,2016-12-01 03:48:17.250581,236
-38.04745086193627,176.62143644159423,4.1,2016-12-12 05:52:56.195384963,236
-37.00048954027488,179.22007504948965,4.2,2016-12-13 13:05:28.330654218,236
-36.11299108646884,179.77475683320628,4.4,2016-12-08 01:50:08.211887697,236
-42.80900557954028,172.93355622773083,4.2,2016-11-19 12:56:24.746813364,236
-42.257441461466,173.6511571303024,4.4,2016-11-20 18:54:39.643983867,236
-41.85791332135652,173.9583882188087,4.1,2016-12-05 01:02:22.582504790,236
-42.548813175157626,173.74425810821373,4.2,2016-11-21 17:03:54.448182778,236
-41.791912203213926,174.19528872186453,4.1,2016-11-17 04:57:06.194857168,236
-41.66919698596701,174.29986500815914,4.2,2016-11-15 09:00:20.516088487,236
-42.32981277514419,173.42786735209077,4.4,2016-11-18 17:49:38.012007341,236
-42.03648824411984,173.6885796544033,4.1,2016-11-16 17:29:22.724368315,236
-36.86000240911954,177.53900268838498,4.5,2016-12-08 02:15:10.518840,237
-42.79192340541723,173.17734279019598,4.8,2016-11-28 06:57:10.365359520,237
-42.54514237113562,173.33605448853967,4.2,2016-11-22 20:30:08.450480353,237
-41.71975214568596,174.15698896532916,4.1,2016-11-14 15:57:41.986029059,237
-42.21038012494615,173.66361554102664,4.6,2016-11-14 01:12:28.987845213,237
-42.16311516598172,173.61157102642548,4.7,2016-12-06 13:45:34.178226184,237
-41.74610863217065,174.175815767101,4.3,2016-11-14 03:57:51.743821972,237
-42.05174991800336,174.28425937975092,4.1,2016-11-15 23:42:01.572800689,237
-42.45435308224923,173.50938156592684,4.1,2016-11-14 21:55:18.438886509,237
-42.63164725560727,172.61931695235396,4.8,2016-11-17 17:51:43.900739555,237
-35.17866265296837,178.5699561217066,4.1,2016-11-18 06:48:01.609639,238
-37.8884388951444,176.1449418804412,4.2,2016-11-19 14:12:01.961749,238
-37.10313134697589,177.613068784072,4.3,2016-11-23 13:33:17.228433550,238
-42.06536764790247,172.85553125900526,4.1,2016-12-08 23:49:05.085790265,238
-41.84938210625968,174.2318146520083,4.1,2016-11-23 05:38:06.980689459,238
-42.36146101975382,172.93265947989573,4.3,2016-11-14 13:42:16.063843894,238
-41.80898576759232,174.24896074551813,4.3,2016-11-14 03:32:32.358914354,238
-37.38037139656671,176.53780401844375,4.6,2016-11-16 08:59:33.388706224,239
-37.512998713821005,179.54775011367298,4.5,2016-11-20 10:07:53.310573823,239
-41.1100462585754,174.55101413165048,4.4,2016-12-07 08:42:55.710601904,239
-42.86461410411962,172.8444599969702,4.1,2016-11-14 22:50:06.532342215,239
-42.66885029473219,173.2285484056847,4.7,2016-11-14 02:06:54.526896098,239
-42.03302384264879,173.6526570738394,4.7,2016-11-20 21:22:40.777566736,239
-42.19619634000125,173.61031962759083,4.3,2016-11-15 12:29:36.952443328,239
-41.99362959454949,174.0895571360536,4.1,2016-12-02 19:33:13.498829356,239
-36.93200352022848,179.10867416470464,4.6,2016-12-05 12:09:15.760492932,239
-42.66703194855545,173.21994416145512,4.1,2016-11-18 07:49:43.000389278,239
-41.91803004678518,174.1205837060388,5.2,2016-11-15 11:08:27.087884229,240
-41.75428969367793,174.0874969499755,5.4,2016-11-18 09:29:17.164621513,240
-41.33161752231378,174.16540658908298,4.7,2016-11-14 05:28:01.410439792,240
-41.76163742188155,174.37284055896674,5.1,2016-11-23 11:51:42.446696640,240
-42.20113839910808,173.8998658219179,4.2,2016-11-19 23:11:37.655422683,240
-42.497984447125226,172.77558683596308,4.2,2016-11-29 02:14:23.088586798,240
-42.550853772917634,173.14308280716483,4.9,2016-11-14 19:10:08.415586639,240
-42.52031068804451,173.4474599363045,4.1,2016-11-15 15:00:33.727369825,240
-42.25756677320366,173.46857061615893,4.2,2016-11-30 00:58:17.057772980,240
-42.36547399130156,173.83624967483482,4.5,2016-11-14 23:02:35.625232943,240
-42.12022826409661,172.97156552925472,4.5,2016-11-14 00:40:10.539783638,240
-38.44851376246516,175.94488511303277,5.4,2016-11-19 03:27:27.284374,241
-45.22063705312627,166.65182441464214,4.8,2016-11-30 14:36:20.561372,241
-35.38313383596733,178.03471344931188,5.1,2016-12-10 17:52:32.060825,241
-38.45715010545573,175.9215135570139,4.3,2016-11-21 03:07:06.648657390,241
-39.116203533433925,175.0393424098332,4.4,2016-11-29 07:48:07.612314811,241
-44.771627506737794,169.2444794036135,4.4,2016-11-23 16:11:37.216055085,241
-37.09369394531307,179.24122879693653,4.3,2016-11-18 07:23:07.844953465,241
-42.52421562127844,172.87384180698845,4.1,2016-11-14 09:11:40.684610109,241
-42.28295851043679,173.91765038865586,4.2,2016-11-15 13:15:58.491086456,241
-42.53205964034625,173.80368029564823,4.1,2016-11-17 12:03:06.226821398,241
-41.7687900436332,174.26469442191845,4.2,2016-12-02 12:58:16.538998380,241
-41.999360851135705,174.0152488789348,4.8,2016-11-17 15:54:22.289114970,241
-41.79352108333363,174.0952574901089,4.1,2016-11-18 02:32:31.117935342,241
-41.7098964830254,174.34024054508163,4.4,2016-12-05 22:30:24.353223964,241
-38.22075792332083,177.25435461641428,4.3,2016-11-26 09:27:10.688725,242
-38.1578967393214,177.5142728329025,4.1,2016-11-30 23:44:32.813433,242
-47.55504712676889,165.52465269909555,5.6,2016-11-21 06:21:38.444878579,242
-38.90388073909858,175.84916905118877,4.2,2016-11-30 10:51:08.205003109,242
-42.05082210143918,173.82325540741124,4.2,2016-11-15 13:06:23.434307126,242
-42.16676902807557,173.62029059215692,4.2,2016-11-15 06:20:27.143948587,242
-41.66494150603784,174.27302695876892,4.8,2016-11-17 12:23:59.822759487,242
-42.43492532933265,173.1053589532312,5.6,2016-11-14 15:55:59.165203850,242
-42.20822020572525,173.68123959315537,4.3,2016-11-14 00:13:32.566627889,242
-41.79948398757881,174.139404654876,6.2,2016-11-15 00:56:35.561555198,242
-41.77277349117876,174.38342943996474,4.9,2016-11-14 04:07:35.176893735,242
-42.14931976376511,173.71262626395034,4.4,2016-11-17 20:58:28.350775393,242
-42.28188667254511,173.86409054511356,4.1,2016-11-18 14:31:44.788543039,242
-42.29536319653846,173.86563762861869,4.1,2016-12-13 03:31:08.427795676,242
-34.0372031720739,179.1625811109858,4.2,2016-12-10 12:31:31.640985,243
-41.789063700732086,174.2244581011246,4.5,2016-12-09 04:55:16.708529329,243
-42.09664155324409,173.68608730709877,4.5,2016-11-15 10:06:36.171534515,243
-41.75458306653413,174.31541483539257,4.2,2016-11-14 01:07:00.465747133,243
-43.28898016294057,172.7605728513239,5.5,2016-11-30 14:51:28.687978715,243
-43.25614401769178,172.79768604355723,4.1,2016-11-30 20:35:57.592574233,243
-37.29690921312749,176.5833892981496,4.2,2016-11-14 07:33:43.758816,244
-38.79801344856987,177.6178958051678,4.3,2016-11-28 06:19:44.788696,244
-38.42643615185187,175.7620188034253,4.2,2016-12-02 14:00:42.239335667,244
-37.31199246183975,178.9926649089352,4.3,2016-11-27 00:54:37.097525295,244
-40.366017620343456,174.4960081965736,4.2,2016-11-23 12:34:03.613191082,244
-42.324669008776965,173.07333728840612,4.2,2016-12-11 20:43:50.886076730,244
-42.17176671163631,173.67833232778773,4.3,2016-11-14 17:43:50.275994726,244
-41.58999408981727,174.1364502643174,4.5,2016-11-16 05:02:34.412883025,244
-38.461282156099934,175.73083394844238,4.8,2016-12-02 23:42:33.163429119,244
-41.74276272140144,174.34301657846527,4.5,2016-11-14 01:14:06.156919,245
-38.12880716592284,175.88816273947535,4.2,2016-11-24 07:03:56.997212,245
-38.72728521489972,175.1184034578605,4.3,2016-11-19 18:50:19.128290976,245
-42.20061659334893,173.8737808146092,4.1,2016-11-18 01:09:58.797081581,245
-42.4797270316066,173.3523871946576,4.2,2016-11-17 22:28:21.583770907,245
-42.24303572470962,173.5651891589447,4.4,2016-12-02 21:21:16.365401776,245
-42.318615202028376,173.9063011244155,4.1,2016-11-16 10:04:53.274423132,245
-38.13474701609039,178.15742806640714,4.7,2016-11-14 06:13:44.784249,246
-36.01339099913729,177.81891693063275,4.1,2016-11-28 19:49:51.951775,246
-35.479963226680454,178.3859318561207,4.1,2016-12-10 07:39:26.566609,246
-41.00004146971004,174.56327297945003,4.2,2016-11-22 10:07:09.952989313,246
-42.18051863759167,173.6643620412714,4.3,2016-11-15 23:02:28.067269010,246
-42.27353999238529,173.4693594363012,4.2,2016-11-17 19:25:42.075729238,246
-41.86904569377079,174.14243734885787,4.1,2016-11-15 23:44:37.133401589,246
-42.66268676267738,172.86806644279537,4.2,2016-11-14 03:44:26.091546450,246
-41.644339371995024,174.24104389898818,4.2,2016-11-21 14:05:26.669275223,246
-42.227028088423566,173.64885598663594,4.4,2016-11-14 02:53:35.083530308,246
-37.77664662396863,177.47361153045398,4.2,2016-12-10 03:27:15.438527469,247
-42.16706818939531,173.7978482879962,4.6,2016-11-15 13:25:21.070319922,247
-42.20801068311991,173.60150579316792,4.3,2016-11-15 15:28:41.413544080,247
-42.16780775917058,173.83861012155478,4.7,2016-11-16 05:43:44.486775997,247
-42.36365165331842,173.65279740369292,4.7,2016-11-14 11:26:23.492829423,247
-42.36440155501687,172.94425702542088,5.4,2016-11-15 07:00:12.360206907,247
-42.48840875253722,173.3018710453352,4.3,2016-11-14 02:10:12.088569992,247
-42.308388965453545,173.54087312426535,4.2,2016-11-28 21:38:25.406412579,247
-42.34852355983951,173.97987098738338,4.4,2016-11-27 22:12:25.862456620,247
-41.65945930310762,174.2671433928278,4.1,2016-11-15 06:28:47.013817791,247
-43.88327428632255,169.16125932634503,4.6,2016-11-21 06:58:49.309925,248
-37.71618210620298,179.35262384962522,4.1,2016-12-02 22:27:57.817677,248
-37.67952549947504,179.74212771323715,4.4,2016-12-06 22:45:42.537337,248
-37.88313578509824,179.4156748101498,4.3,2016-12-07 16:50:19.266750,248
-37.20251712453646,179.25421798141497,4.1,2016-12-06 04:40:52.422061571,248
-42.6384632920133,172.9097929684491,4.4,2016-11-22 08:48:48.540599066,248
-42.01204751789005,173.71838981114846,4.2,2016-11-29 05:18:16.344696543,248
-42.17355436666308,173.52094605010237,4.4,2016-11-18 08:58:33.010966747,248
-41.82287304417858,174.04612477551,4.1,2016-11-30 12:32:10.706521877,248
-42.20313327737938,173.47318392100294,5.1,2016-11-14 14:45:44.250347021,248
-42.61425969326203,172.740784829705,5.4,2016-12-05 10:37:35.075792625,248
-42.6612993205785,172.76983517660435,4.6,2016-11-17 03:28:05.138932118,249
-42.67660996260357,172.76777175935038,4.3,2016-11-14 02:04:37.879925312,249
-37.09156847123633,177.02955949360128,4.1,2016-11-21 12:16:21.274530,250
-40.6729379003457,174.24403400747914,4.5,2016-11-28 05:37:45.083986,250
-42.81173208755813,173.24686155872195,4.7,2016-12-01 00:54:48.710456,250
-40.119287905240135,176.89894351409038,4.5,2016-12-07 18:29:20.753314,250
-40.392632430139976,176.84390026637487,4.6,2016-12-12 12:48:49.040626,250
-35.69730836232063,178.54781474320055,4.1,2016-12-07 11:27:10.205746249,250
-42.70939931109493,172.89178343149564,4.3,2016-12-04 21:09:52.301207759,250
-42.32794878189868,173.84242854055805,4.5,2016-12-07 16:06:43.520527586,250
-42.34575739269494,173.49321603624483,5.3,2016-11-22 13:12:23.533644283,250
-42.38177481997478,173.14135287212002,4.9,2016-11-14 04:05:53.765864225,250
-41.76333502760733,174.2552582101753,4.2,2016-11-17 09:45:18.275209400,250
-41.71624879179803,174.31235757718835,4.2,2016-11-16 07:29:52.278055517,250
-42.55684340995659,173.1305600797588,4.9,2016-11-14 02:07:41.037139910,250
-42.131878242815056,173.67194432605626,4.4,2016-11-16 00:59:21.576502048,250
-42.43536506365689,174.1503540989378,4.3,2016-12-05 14:36:40.567453324,250
-42.33855084602798,173.90858145502614,4.2,2016-11-15 03:51:33.425279780,250
-42.72868423128719,172.8791116230966,4.3,2016-12-04 21:14:48.312734147,250
-45.376799687462565,167.51090162286485,5.3,2016-11-22 22:25:45.798677,251
-36.86618171166479,176.80856350307755,4.4,2016-12-06 13:33:54.268363,251
-42.02419634337941,171.80631428330994,6.1,2016-12-08 17:12:57.988461,251
-42.15293845291864,171.74392316680326,4.1,2016-12-10 06:52:46.399335115,251
-41.89434146466095,173.61002078744363,4.3,2016-11-24 09:48:25.484464696,251
-42.569789367089,173.08183658090155,4.4,2016-11-15 10:20:39.173661735,251
-42.68531579930948,173.11274414859366,4.2,2016-11-15 09:28:52.668491613,251
-42.562440247592505,173.13726576447118,4.1,2016-11-29 06:57:05.744804211,251
-42.0507710164941,173.77941266148275,4.2,2016-11-14 06:00:34.871912730,251
-41.83557532628587,173.95049250507446,5.4,2016-11-14 02:54:59.144272787,251
-42.58237060391912,173.23684068677636,4.4,2016-11-14 00:51:49.104156907,251
-41.7284575457007,173.48035548554162,4.3,2016-11-25 20:50:02.385400873,251
-36.26074991524393,177.2829318174909,4.2,2016-11-22 16:58:47.031549,252
-41.73102626257074,174.37590136193884,4.7,2016-11-15 21:13:54.400209247,252
-36.54273752620675,179.27581075489752,4.2,2016-12-02 18:24:09.663594461,252
-41.94770339335127,173.65163200429205,4.2,2016-11-22 04:51:46.761386249,252
-41.98195626764886,173.72042949813812,4.3,2016-11-16 07:10:48.718143035,252
-42.00638972726895,173.74786155334706,5.1,2016-11-15 01:29:47.275125058,252
-41.73919291136369,174.4014112803305,4.8,2016-11-15 14:05:06.432098551,252
-42.13207598024152,173.62852469179515,4.1,2016-12-09 19:57:19.265454535,252
-41.96547350956261,174.42483693039716,4.3,2016-11-20 09:23:18.914967641,252
-42.024473392116406,177.42398463630582,4.1,2016-11-22 19:41:45.911303699,252
-41.75204946588824,173.98192857009278,4.1,2016-11-25 02:48:32.864194756,252
-41.7696334233123,174.24561104997676,4.2,2016-11-17 03:51:37.271623812,252
-42.602614782844086,173.36823948073945,4.2,2016-12-13 20:37:28.740125701,252
-42.25138377353216,173.7508751526209,4.3,2016-11-14 15:11:41.954844035,252
-42.36949797938678,173.6098650817843,4.1,2016-11-14 22:50:37.415903858,252
-40.095501755734176,176.9800731250482,4.2,2016-11-19 17:04:02.055833,253
-40.46634435598063,173.4104105423063,4.3,2016-11-25 15:03:08.062733,253
-42.62872341737769,172.63788861674124,4.5,2016-11-14 12:06:47.015169025,253
-42.47575672132369,172.64661556804697,4.3,2016-11-18 05:00:55.628773897,253
-42.20837141048235,170.06590123379036,4.1,2016-11-15 18:58:10.863858731,253
-41.86679334919456,173.94529642779978,4.2,2016-11-17 07:47:13.602578569,253
-41.80976888628692,174.21824648021726,4.1,2016-12-12 22:16:14.342117761,253
-42.01803329559319,174.3534910897832,4.1,2016-11-15 22:36:45.184919667,253
-41.732618554377126,174.2811990843135,4.1,2016-11-14 09:12:24.173146298,253
-41.5500542147738,174.22088394723266,4.2,2016-11-14 01:05:39.659960016,253
-42.3796501662455,172.71644240956806,4.2,2016-11-21 10:02:19.374537727,253
-39.15296632186715,175.75681322881755,5.0,2016-11-19 09:21:35.734345,254
-38.64171541374771,175.67416587381365,4.1,2016-11-26 00:59:30.760946,254
-41.02568314401982,174.2258062667693,4.2,2016-12-02 14:48:49.144899,254
-42.57798659777271,173.35358332400568,4.4,2016-12-12 17:54:56.671603208,254
-42.28608937567732,173.77876090427873,4.1,2016-12-01 03:22:10.227648739,254
-42.59995112233062,172.8965864802237,4.4,2016-11-16 08:43:01.279966825,254
-42.29142324047571,173.4005553505862,4.3,2016-11-14 19:31:10.087438786,254
-41.8089918883917,174.18720395625596,4.1,2016-11-16 09:57:50.432946579,254
-42.11934360455484,173.6664480730564,5.0,2016-11-16 05:36:54.987391288,254
-41.82127398648974,174.2336706087961,4.7,2016-11-14 08:44:48.847430391,254
-39.88334530539027,175.26814459603565,4.5,2016-11-16 18:03:57.108834,255
-37.24931839450645,179.3473230178295,4.2,2016-11-20 06:17:33.658131604,255
-42.511955750842944,173.24498807837975,5.0,2016-12-05 15:28:44.450355823,255
-41.68045183984382,174.3258468991328,4.9,2016-11-28 05:41:21.375461177,255
-42.67984618190686,172.91394247001315,4.6,2016-11-15 08:46:43.396797692,255
-36.94595443424267,178.32709558147374,4.5,2016-11-26 04:01:40.658239,256
-37.13961507938183,179.18979737438724,4.4,2016-11-28 21:55:41.297327275,256
-37.29407749122504,176.93501146152192,4.4,2016-11-17 13:28:59.872499645,256
-41.89228883345756,173.80731167566904,4.3,2016-11-28 19:52:20.787824207,256
-42.57136394075813,172.9483987626287,4.9,2016-11-16 09:04:04.630070262,256
-41.641189934422016,174.177803367911,4.5,2016-11-18 05:31:00.887087686,256
-42.19640506248,173.79902744374746,4.1,2016-11-14 05:05:37.308205739,256
-42.267550273488105,174.00386521654391,4.4,2016-11-14 18:03:22.189989607,256
-42.138260902538576,173.89316249064203,4.1,2016-11-19 03:53:42.778999059,256
-42.47999796632909,172.26460626921357,4.2,2016-11-15 05:28:45.819927730,256
-37.12475380660323,179.15939171509115,4.4,2016-11-29 02:54:58.563569942,256
-40.506870058106855,174.67203071649772,4.3,2016-11-18 07:03:43.699870,257
-36.20800647790551,178.12775742427476,4.4,2016-11-21 14:34:46.140408,257
-45.444017314660975,166.47334514467906,4.3,2016-11-25 14:46:19.732606,257
-44.41075130526616,168.99952902131412,4.8,2016-12-03 15:46:25.458230,257
-41.33961654960944,172.58332311061804,5.2,2016-12-13 10:13:47.753930,257
-42.96718112689258,172.8028918715365,4.3,2016-11-21 18:26:55.197259048,257
-41.39048753376792,175.08503019262042,4.5,2016-12-11 02:34:36.086572853,257
-41.69856947268198,174.2911469730511,4.3,2016-11-15 10:35:52.384351845,257
-41.81727605429359,173.97363635214805,4.1,2016-11-14 07:24:46.366592431,257
-41.777745118603264,174.0063946182998,4.4,2016-11-14 09:15:51.881185840,257
-41.685519443511936,174.2753384588349,4.2,2016-11-14 06:55:04.763785938,257
-42.95372830337445,172.67922149653617,4.6,2016-11-21 18:27:24.614754047,257
-36.49407711081993,179.76867473995904,4.3,2016-11-20 12:56:22.677639,258
-42.04770148828988,173.07717363952236,4.9,2016-11-20 20:01:33.757608,258
-37.40969287112018,179.9188230030076,4.2,2016-11-14 05:28:46.597883482,258
-42.89352678056471,172.93951488349413,4.6,2016-11-29 22:38:50.790810077,258
-41.95219192757218,174.29340898832928,4.2,2016-11-20 12:06:16.304741339,258
-42.54959877455163,173.04135806986008,4.4,2016-12-03 12:02:59.563417982,258
-42.0837863399987,173.62336517213248,4.4,2016-11-14 08:26:22.323303609,258
-42.01778168215661,173.70143205483208,4.3,2016-11-28 00:06:37.718573614,258
-41.34743617732714,173.10099353425034,4.2,2016-11-20 15:58:47.574026288,258
-42.03766977381991,173.80135308587847,4.1,2016-11-14 09:07:43.776642498,258
-42.302014995876384,174.06920343588305,4.4,2016-11-23 06:21:21.573745262,258
-41.90710530015564,174.25864945811992,4.2,2016-11-19 21:43:46.724450435,258
-41.66132324107513,174.18751714755862,5.9,2016-11-20 07:10:26.652311997,258
-45.41724697060304,166.7758386174811,4.3,2016-11-21 18:20:03.458068,259
-37.62461342928408,175.55390242293166,5.0,2016-11-25 09:57:39.088046,259
-37.23050086822905,177.0889961648726,4.7,2016-12-05 12:49:05.619045,259
-45.42270965198002,166.76850092401793,4.3,2016-11-28 15:49:54.071378668,259
-44.16219567825338,168.69451555390145,4.5,2016-12-04 12:20:43.509072172,259
-37.07993221373883,179.09254076329492,4.5,2016-11-27 22:31:21.224020348,259
-37.40619338927531,178.93155772600974,4.4,2016-12-06 10:51:07.304818502,259
-42.54963029534781,172.9927861809653,4.3,2016-11-15 01:39:12.264182552,259
-41.8584132968678,173.94982687394898,4.7,2016-11-21 17:57:50.192211102,259
-42.554037861632,173.12435034202065,4.1,2016-11-26 08:48:40.157166379,259
-41.71987640501082,174.25030143433742,4.4,2016-11-14 06:31:22.136797231,259
-42.58754960800282,173.93436485994198,5.0,2016-11-15 19:16:53.067825929,259
-42.29839705636168,174.03797028490894,4.4,2016-12-10 22:41:40.601148278,259
-41.85756339381312,173.98976680747523,5.1,2016-11-21 18:02:10.673279160,259
-42.13288472301371,173.86712841335097,4.1,2016-12-08 06:13:32.515219,260
-38.06362311621405,179.14442988823305,4.7,2016-12-06 11:14:56.542473024,260
-44.05049296078224,168.3297057444622,4.4,2016-11-29 21:04:27.323207404,260
-36.51287578692303,177.25608704169397,4.3,2016-11-23 16:31:28.360388335,260
-42.3466006413792,172.48752750782594,4.3,2016-11-16 21:49:36.293883554,260
-42.70881799007047,172.7317983362511,4.8,2016-11-17 21:31:49.402980541,260
-42.227768151664,173.50842878287804,4.2,2016-12-01 05:11:24.625649815,260
-42.33998431666286,173.77655557946653,4.5,2016-11-14 06:57:58.535051902,260
-41.75014643353948,174.18701010775135,4.2,2016-11-18 16:47:22.710414973,260
-41.359798205119645,174.6535459085733,4.1,2016-11-14 05:39:49.934604914,260
-42.41028467676575,174.19583824680822,4.4,2016-11-18 09:31:13.143542136,260
-42.53564422688428,173.48118391039262,4.2,2016-12-07 15:29:43.624131335,260
-41.62602323516301,174.36975894721252,4.4,2016-11-14 19:59:22.231249531,260
-42.74459389984925,172.74181153966825,4.8,2016-11-19 07:51:30.396382531,260
-42.3504952730075,173.67164198382036,4.2,2016-12-11 09:53:15.850078066,260
-37.86668138651958,179.4045392217452,4.3,2016-12-04 03:21:11.356115,261
-44.54442246441496,167.77531643579803,4.3,2016-12-06 16:32:48.977697,261
-43.45270703046448,172.4120226464421,4.4,2016-11-15 18:17:42.750842637,261
-42.47434769174267,173.0971863191997,4.2,2016-12-04 04:14:16.233340008,261
-42.54753507623895,173.14922117656616,4.2,2016-11-28 10:04:21.364751996,261
-41.70610716710964,174.30511827268143,4.6,2016-12-03 13:45:17.407652158,261
-42.7773945132656,172.84301956950003,4.3,2016-11-15 12:44:50.706096594,261
-42.66894976459412,172.84431332241974,4.1,2016-11-14 06:19:46.650875663,261
-41.70637814320837,174.2556785705574,4.1,2016-11-14 00:14:19.741769520,261
-42.4481742743767,173.438824567964,4.7,2016-11-27 05:21:17.708456107,261
-42.48590017175388,173.11167484672282,4.3,2016-12-04 04:32:14.511357768,261
-42.802258210253214,172.814526551484,4.1,2016-11-15 13:23:29.554413041,261
-37.05767866546383,177.05044125227172,4.1,2016-11-26 16:14:03.715934,262
-38.276084135008894,175.96934367604862,4.1,2016-12-01 18:12:57.409111,262
-39.83671258849741,174.31360559185325,4.5,2016-12-08 21:25:46.251364,262
-45.37970661784108,166.6223805615939,4.1,2016-12-10 22:15:22.657978,262
-44.23516917037073,166.97572241632426,4.3,2016-12-12 09:55:00.385337,262
-45.72567624203299,165.54863609039575,4.1,2016-11-30 10:46:57.374067797,262
-41.81676464730582,174.04826941738224,4.1,2016-11-15 23:03:59.850029078,262
-42.4974166622404,173.3203896369809,4.2,2016-12-03 08:00:40.325758071,262
-42.55406792326491,173.13724255889016,4.2,2016-11-15 04:32:12.692495202,262
-42.33275985710736,173.90642561933598,4.9,2016-11-14 05:04:35.845173364,262
-45.73238747538638,165.60849180342214,4.7,2016-12-01 02:52:38.184395887,262
-46.00983057190443,167.09087482737323,4.1,2016-12-01 02:34:55.373697,263
-36.53148523305271,177.34156139506484,4.2,2016-11-20 13:53:20.290783007,263
-35.627930806252415,179.99614293684454,4.1,2016-12-03 04:43:29.633036220,263
-41.64966385242421,174.30456519978046,4.2,2016-11-14 02:10:30.888248471,263
-41.94916795468516,174.22618290155913,4.4,2016-11-17 20:55:46.905701231,263
-41.724532227523696,174.17939619139457,4.5,2016-12-04 16:12:09.317318966,263
-42.48834493310079,173.71631535307208,4.4,2016-11-14 01:53:44.764634173,263
-41.90439072239815,173.9976474677321,4.2,2016-11-20 10:52:38.691478568,263
-42.352570672129936,173.4997092114563,4.6,2016-11-14 07:32:19.084795879,263
-41.731089899880914,174.18178310271264,4.1,2016-12-09 02:23:18.907296422,263
-38.825174863486446,177.79348530808485,4.3,2016-12-09 10:46:58.081612,264
-42.67802446830849,172.91235704227967,4.4,2016-11-14 13:04:55.035628019,264
-42.687715975544826,172.56686779371725,4.2,2016-11-20 06:47:59.629028413,264
-41.871065714458645,174.18570981574592,4.1,2016-11-17 19:38:37.072172705,264
-41.81076562036312,174.24177202983313,4.8,2016-11-26 22:22:26.382438534,264
-42.1750050567068,173.64058922820496,4.6,2016-11-14 09:19:01.164941137,264
-41.96276649513722,173.97469954995535,4.9,2016-11-14 10:57:34.598514919,264
-42.20096113858217,173.6243342909018,4.2,2016-11-14 12:34:34.326085791,264
-44.7464428501852,167.7298588819299,4.5,2016-11-24 02:15:09.347390,265
-38.310148652159256,177.98059002293286,4.3,2016-12-09 19:40:36.608502,265
-37.54655601062286,176.68730408205505,4.2,2016-12-12 07:19:27.421168,265
-37.3704907967909,176.76239204808874,4.5,2016-12-09 03:53:59.642174826,265
-37.19873915251516,179.1528674727569,4.3,2016-11-15 23:47:56.868696816,265
-41.76977918480084,174.07485411513193,4.1,2016-11-14 01:54:03.678244057,265
-41.68179917821206,174.21817425010343,4.1,2016-12-07 18:55:55.955166719,265
-41.65812503955295,174.32565685884614,5.7,2016-11-17 07:54:45.495383328,265
-42.35366122328535,174.07784808414834,4.2,2016-11-14 18:48:35.277034249,265
-41.83967858328899,174.33690612678342,4.9,2016-11-16 17:31:04.060107880,265
-41.76084667153214,174.0987210247735,4.7,2016-11-17 05:05:56.174856954,265
-42.48402428845905,173.4932673939708,4.2,2016-11-15 02:58:04.654996375,265
-42.54128753904863,173.9994726111075,4.3,2016-11-14 09:06:43.164379506,265
-41.65755097766999,174.34430144707756,4.2,2016-11-14 17:13:03.170630955,265
-42.12892320084176,173.81656453259922,4.6,2016-12-10 20:17:21.767678318,265
-42.60248114217577,173.2267086021712,4.6,2016-11-26 21:05:56.302715185,265
-41.7145591175011,174.49974923393947,4.6,2016-11-14 03:31:03.478665030,265
-41.84256980489556,173.9884829544836,4.1,2016-11-15 19:49:37.682508234,265
-42.62154763958975,172.75930113595797,4.3,2016-11-14 02:23:16.118240581,265
-41.71157930849064,174.37853359160812,4.1,2016-11-17 08:04:12.436265614,265
-41.73339302180311,174.61510838089455,4.7,2016-11-16 08:33:06.749010945,265
-39.14713322247595,177.03363949401708,4.5,2016-11-25 12:59:43.063176,266
-41.62214016437496,174.21937357586054,4.1,2016-11-19 04:39:07.751930423,266
-42.21490751261111,173.85622021953645,4.7,2016-11-14 04:37:26.229218008,266
-41.57943540093636,174.32665855480283,4.6,2016-11-14 07:53:25.045607301,266
-41.73914148295686,174.15705342006493,4.1,2016-11-20 15:22:47.527392386,266
-42.3342464728782,173.85934441268577,5.6,2016-11-16 17:07:36.295383117,266
-42.53052357859837,172.99222446497194,4.3,2016-11-20 17:19:33.319534057,267
-42.185454833719525,173.3639814923509,4.7,2016-12-03 16:23:28.203178871,267
-42.12245614826711,173.83124047255188,4.2,2016-11-18 21:30:55.049237743,267
-42.640781840636805,172.8128409798178,4.4,2016-11-19 06:45:30.871914225,267
-42.47398343155408,173.29552165358564,5.6,2016-12-02 05:53:40.527003028,267
-42.08226584191666,173.8361767653578,4.1,2016-11-21 19:58:08.898597869,267
-41.5331910167501,173.8799423667371,4.2,2016-11-14 06:01:47.736434770,267
-42.23407494629178,173.1922972095646,4.2,2016-12-03 16:54:21.976530793,267
-42.13991876763222,173.8682560761954,4.2,2016-11-18 22:18:29.684432536,267
-37.98715865758481,175.94694522414468,4.6,2016-11-24 16:37:06.884428,268
-38.3112375436484,176.6442204232288,4.3,2016-12-09 21:02:07.173441,268
-37.09298753314766,179.26384657475262,4.7,2016-11-14 18:55:51.953704505,268
-42.65065075559048,173.1024800323576,4.1,2016-11-30 02:55:46.156777913,268
-42.18131061300753,173.7571586502401,4.3,2016-11-25 10:58:14.433331362,268
-42.310989272332925,173.71976546042814,5.0,2016-11-14 04:23:58.126677327,268
-42.17773721859205,173.5870282980061,4.3,2016-11-14 16:42:17.061630140,268
-41.73387320888524,174.2605583926509,4.3,2016-11-15 10:11:08.214424762,268
-41.80906348659472,174.1275240997274,4.3,2016-11-18 23:15:33.704323698,268
-41.74641378907622,174.10247593091972,4.7,2016-11-21 08:36:13.810949096,268
-42.49220276559941,173.43461854545166,4.1,2016-12-10 06:29:00.070592660,268
-42.56783826612087,173.33026567630063,4.1,2016-11-27 14:18:55.231678794,268
-41.68448026028972,174.30661771853138,4.2,2016-12-04 18:05:12.992495614,268
-38.45168303658392,175.76900451877623,4.4,2016-11-18 14:46:15.886802,269
-37.43796100611278,177.8393519814436,4.1,2016-11-19 02:12:58.861916,269
-37.15159600160637,179.03742144801913,4.3,2016-12-01 16:31:49.297630,269
-37.63994269641309,179.21239881211943,4.4,2016-12-08 07:58:45.977792415,269
-42.27769839162431,173.69642428203505,4.2,2016-11-14 14:20:33.166336874,269
-41.93442795725184,173.9738917575041,4.5,2016-11-15 04:02:44.670601608,269
-42.53101969045711,173.18254579915128,4.2,2016-11-15 12:35:05.134392960,269
-42.18943358657762,173.5894051575776,4.5,2016-11-18 22:57:37.413501772,269
-41.78511975638135,174.27496348090574,5.0,2016-11-21 01:47:23.268310366,269
-41.6766266328358,174.28865510125115,4.3,2016-11-15 08:08:39.610825736,269
-41.71572737562921,174.31410185059946,4.2,2016-11-22 17:05:36.897118338,269
-41.06486793122346,174.57194195689266,4.2,2016-11-16 20:31:35.240834841,270
-42.67789930318654,173.03211022171405,4.9,2016-11-16 02:39:47.596732059,270
-42.30826838446421,173.68744051049092,4.5,2016-11-15 19:13:12.292289001,270
-42.14251222340906,173.56608433640818,5.1,2016-11-15 18:03:06.717948368,270
-41.94424929748873,174.33730894431352,4.4,2016-11-16 16:03:54.979337660,270
-41.69235208623818,174.3696308016802,4.8,2016-12-07 05:34:04.036258509,270
-42.25676264966356,173.69854673659552,4.2,2016-11-14 12:37:32.804309269,270
-42.02573090232258,173.6527715695133,5.5,2016-11-14 06:41:44.955975521,270
-42.10260158690474,173.6413270933435,4.4,2016-11-16 17:15:53.751405144,270
-42.32146875609923,173.07798996168844,4.5,2016-12-06 06:22:27.797186845,270
-43.47359096034894,172.69131697295342,4.8,2016-11-21 05:11:46.032944,271
-38.4248112454214,176.67795696649856,4.4,2016-12-06 23:40:21.171268,271
-42.49281826043155,173.17725960514005,4.3,2016-11-27 00:58:50.731896131,271
-42.60090202243185,173.01071929138217,4.8,2016-11-16 16:05:28.985628996,271
-42.31261565305731,173.98584332452182,4.8,2016-11-22 03:43:45.652294123,271
-42.26257096854728,173.68370160270618,4.3,2016-11-15 16:32:22.078422878,271
-41.67448480082052,174.29197479989196,4.1,2016-11-14 07:40:15.686264357,271
-42.319233378925965,173.43295539086282,4.1,2016-11-18 02:35:35.772587945,271
-44.9170830110145,167.8453171592165,4.5,2016-11-20 01:25:42.652297,272
-36.41889876571108,177.7195469053441,4.2,2016-12-05 03:27:23.834853,272
-44.92030045420549,167.81727099674646,4.3,2016-11-20 01:35:20.945571197,272
-42.11386212510451,173.6208300306002,5.4,2016-12-07 06:00:28.183019667,272
-42.302423874252895,174.07091420848383,4.5,2016-12-07 12:47:50.898779340,272
-42.61458121825549,172.76744123002558,4.3,2016-11-14 08:26:14.086826249,272
-42.70610399938956,172.60171032168657,4.3,2016-11-26 13:38:57.112828370,272
-36.82986328049142,176.66369315831355,4.1,2016-12-09 06:28:53.162032294,273
-41.81176114733389,174.33076596801033,4.1,2016-11-22 16:33:53.668387303,273
-41.81184285171957,174.10558675247114,4.3,2016-11-18 01:24:27.908541577,273
-42.70298580608842,172.77136958250455,4.1,2016-11-19 07:49:14.616923081,273
-42.72308865306466,172.76994063981996,4.2,2016-11-21 00:53:44.521341574,273
-38.1256916873916,178.13789740003276,4.1,2016-11-14 16:57:17.258506,274
-37.083592715427486,178.92195939026112,4.2,2016-11-24 01:09:37.743451469,274
-37.11386613231223,178.85770321670688,4.2,2016-11-16 22:31:37.524073118,274
-42.59339843325993,173.10158777169298,4.2,2016-11-14 10:55:10.255716644,274
-41.74833639186655,174.32894160510702,4.3,2016-11-21 20:50:48.073999638,274
-42.21468614551919,173.61603160902754,4.2,2016-11-14 09:04:47.796921039,274
-37.79508214683119,178.4351116768684,4.1,2016-12-04 22:59:03.524061,275
-38.04240027489341,177.32762420208792,4.1,2016-12-09 12:14:28.109624,275
-43.52908540051261,172.90143623466938,4.1,2016-12-10 07:04:11.711691,275
-46.01897974763504,165.85440895127405,4.5,2016-11-22 12:07:56.719389847,275
-46.326077547167806,166.09618702193842,4.2,2016-11-21 23:33:57.341758439,275
-39.32007660957025,173.74457710259256,4.2,2016-12-04 23:31:58.315671333,275
-41.790645512570805,174.0369473331695,4.4,2016-12-04 04:10:56.564876036,275
-42.14848955006664,173.689233044734,4.6,2016-11-14 05:01:15.139120862,275
-42.32114025632229,173.84093767945586,4.8,2016-11-14 20:20:52.144097276,275
-41.5727227797943,174.252321097626,5.1,2016-11-14 17:57:53.530613913,275
-41.58811369497122,174.23502556293766,4.4,2016-11-15 02:19:20.631563986,275
-35.63359440962029,179.14595022292488,4.2,2016-11-23 14:03:56.075804,276
-37.77626202594802,177.60466998167735,4.3,2016-11-27 05:43:39.185361,276
-40.00623228922273,176.820645705423,4.3,2016-11-20 16:52:48.608177866,276
-47.56497014699791,165.7587038670606,4.1,2016-12-07 02:45:59.657513250,276
-37.240520127383306,179.2574844505582,4.2,2016-12-08 05:40:26.208481610,276
-41.86944507377843,173.65484717136,4.1,2016-11-27 01:40:59.954622733,276
-41.67464603656388,174.22662654011623,4.3,2016-11-15 09:24:19.394189885,276
-41.966403299093066,173.72487752494845,4.9,2016-11-14 10:10:35.395980507,276
-42.63772484508726,173.0290218129897,4.1,2016-11-14 19:07:53.308750214,276
-42.68263067526564,172.90204311179454,4.1,2016-12-07 22:16:10.158124499,276
-41.95289965133799,174.0802171606257,6.6,2016-11-22 11:36:41.266203665,276
-41.98480506684838,173.55581314882255,4.5,2016-11-14 11:12:03.629992407,276
-42.71479611005479,172.9921512238877,4.4,2016-11-14 07:35:44.515385595,276
-40.83679301229626,176.15424370475537,4.1,2016-11-14 17:26:41.357925729,276
-42.019968008739255,173.65850968621712,4.2,2016-12-12 18:44:00.055085485,277
-42.250067646403146,173.46946756702084,4.2,2016-11-19 20:06:45.913861955,277
-41.98020634222554,174.0004219230717,4.7,2016-11-25 08:02:23.474935651,277
-42.20490838556388,173.4653777220481,4.2,2016-11-21 11:38:12.939872646,277
-42.64582035691408,172.78867293885497,4.1,2016-12-10 18:26:54.244606633,277
-41.77578317788582,174.24534470621143,4.5,2016-11-15 12:15:49.631995383,277
-42.50798948289872,173.37097495163886,4.4,2016-11-14 05:38:55.641462793,277
-41.66688061341113,174.2029756483045,4.1,2016-11-17 02:05:24.483068229,277
-38.78656027919863,175.44423396857644,4.5,2016-11-20 15:39:06.352020,278
-35.514952790929925,179.04848971188036,4.6,2016-11-30 06:32:51.873574,278
-38.81986101247325,175.0116906302612,4.2,2016-12-06 19:54:47.464872,278
-46.11347667926624,166.1418197792032,4.2,2016-11-24 08:47:40.944691054,278
-36.78931950690869,179.27578086986853,4.1,2016-12-05 10:06:32.880214763,278
-41.752090548416,174.1128320500221,4.1,2016-11-14 20:31:10.370620461,278
-42.48292954541114,173.1072373612341,4.7,2016-11-22 02:15:19.534114571,278
-41.95033437238512,173.9385436142964,4.2,2016-11-14 05:36:59.073287581,278
-42.25647664328415,173.6524111665331,4.1,2016-11-15 04:24:35.070280532,278
-41.77995134737712,174.25743694996186,4.3,2016-11-16 08:32:19.570309428,278
-41.727320260285,174.2235042086018,5.4,2016-11-22 09:53:37.344041323,278
-41.73014958674934,174.3516676642513,4.3,2016-11-18 16:37:50.367276471,278
-41.731379692950725,174.31270242028,4.4,2016-11-15 12:13:43.336412756,278
-42.69730155833204,172.7955916769929,4.8,2016-11-14 10:07:44.203231820,278
-41.792165534323615,174.29756595990094,4.2,2016-11-15 06:26:09.322108909,278
-41.640982328331006,174.38026166072038,4.4,2016-11-15 14:13:20.574305891,278
-40.29205979100789,173.54549993093073,4.9,2016-12-13 13:06:32.324595,279
-37.34273397671599,179.12711409385068,4.7,2016-11-18 17:51:10.648682696,279
-36.805808090720106,178.9289918027981,4.4,2016-11-25 04:58:30.991222038,279
-41.82393573242063,173.8140391858633,4.7,2016-11-16 23:57:47.926817123,279
-42.03348475543826,173.80823896234554,4.3,2016-11-30 13:00:13.591583661,279
-41.83714496027312,173.7799293865531,4.4,2016-11-14 10:47:40.083353641,279
-42.70283726396202,172.87725020767186,4.6,2016-11-21 06:03:12.040387118,279
-41.76527071573885,174.20390140267773,4.1,2016-11-15 14:33:33.467841187,279
-42.34382686875675,173.97220206926335,4.1,2016-11-16 19:27:49.340564561,279
-41.96971723729175,173.94030597312562,4.4,2016-11-23 10:05:11.179000408,279
-40.45817866297184,173.95827907784732,4.8,2016-11-27 06:32:09.452415,280
-36.74695835797228,177.47472229003498,5.4,2016-11-27 13:37:20.522635,280
-42.18851461637432,173.39030790909112,4.8,2016-11-14 04:51:09.119491182,280
-42.44304185466314,172.9878342235166,5.0,2016-11-17 10:41:54.426048503,280
-42.495877764388624,173.26175440164957,4.2,2016-11-21 08:32:09.834678701,280
-42.14057986808193,173.6116787387648,4.1,2016-11-17 16:18:22.895801276,280
-41.86136369326017,174.1647040379855,4.1,2016-11-19 17:11:12.337313374,280
-42.65669727170729,172.808565652453,4.4,2016-11-14 14:01:36.599622136,280
-42.42958941710863,174.19618718771102,4.1,2016-11-14 02:56:57.307925773,280
-42.98658625224624,174.32699302111507,4.8,2016-11-14 22:26:45.006703767,280
-41.68672548581316,174.29485585332498,4.2,2016-11-16 06:00:45.454559431,280
-37.251057397624194,176.50407562802758,4.4,2016-11-20 22:21:18.005208,281
-45.50278399454695,166.58611101063923,4.1,2016-11-23 18:09:37.381529,281
-43.1787365323177,171.5917857706828,4.1,2016-11-23 22:57:32.428856,281
-43.42718356214955,172.53716284528997,4.8,2016-12-02 11:43:00.744912,281
-36.55432719751491,177.54650073568033,4.1,2016-12-10 06:07:24.156630,281
-42.18796445308942,172.04074744152103,4.6,2016-11-15 02:39:01.114080609,281
-42.00782428746567,174.076381103858,4.2,2016-11-26 22:04:18.538139444,281
-41.99906737260173,173.7412080417048,5.3,2016-11-28 18:52:08.220217026,281
-42.35875618621886,173.39224973065552,4.7,2016-11-18 17:41:08.447453104,281
-42.64590990825553,172.61943737518587,4.4,2016-11-17 11:21:41.782728729,281
-42.02584405395432,173.86908591330513,4.6,2016-11-14 00:04:27.961056334,281
-41.79260723841573,174.00642080133886,4.1,2016-11-14 01:47:36.765049909,281
-41.74778305123908,174.30194679312496,4.4,2016-11-14 20:37:21.146442277,281
-41.65284654384995,174.32362653770005,4.1,2016-11-20 05:57:21.338774140,281
-42.61415259793388,172.63872316349722,4.3,2016-12-04 20:38:20.795454930,281
-36.65236316110473,177.46962150445216,4.4,2016-11-18 01:56:02.764916296,282
-45.12890243997784,166.80609079591744,4.9,2016-11-30 23:53:07.537124502,282
-39.10457648949123,174.90720881829094,4.4,2016-12-06 13:47:11.556129644,282
-41.82829652563757,174.20521720549186,5.4,2016-11-21 09:51:40.783703337,282
-42.091146413366,173.6390803910438,4.3,2016-11-28 20:08:43.418033665,282
-42.30856031090911,173.8343062294855,4.6,2016-11-14 09:55:29.328729755,282
-41.96863906553787,174.0389990153156,4.8,2016-11-14 04:54:13.460347259,282
-41.67351960661054,174.29689257160317,4.1,2016-11-15 04:35:45.584749112,282
-42.32042463769663,173.54891814822392,4.6,2016-11-14 01:24:12.159178459,282
-42.72962098656905,172.83022493502932,4.1,2016-11-20 01:33:21.588266241,282
-42.066124303228655,174.06012330268132,4.5,2016-12-02 22:13:36.513864241,282
-42.3409788554324,173.5421894852881,4.1,2016-11-14 00:08:14.003274275,282
-42.00905301699546,174.00611460078605,4.1,2016-11-17 11:10:21.560830631,282
-41.724973561909344,174.30946013094984,4.4,2016-11-16 00:53:12.076865729,282
-37.94604793414611,177.15663565071128,4.3,2016-11-18 03:32:40.577435,283
-37.331384785382674,179.2293516214473,5.1,2016-12-01 11:18:55.493076291,283
-41.27371052849925,173.18626324663614,5.1,2016-11-14 07:43:07.923544285,283
-41.739680953094094,174.19212898890493,4.4,2016-11-16 14:49:32.545957888,283
-42.27651200742721,173.64973107489058,4.5,2016-11-15 06:10:54.849300816,283
-41.77964785245889,174.16741186115897,4.5,2016-11-19 04:27:46.061655892,283
-41.74595435554572,174.30235123893945,4.1,2016-11-21 10:57:35.625067949,283
-42.04128378641611,173.6458273898598,4.3,2016-11-26 07:38:55.123777629,283
-42.37541421128295,173.46021279066068,4.8,2016-11-20 18:56:44.347221469,283
-42.24976039277098,173.43794778300077,4.2,2016-11-14 21:05:31.986874686,283
-42.39019670560778,173.6015733291246,4.1,2016-11-22 07:43:58.000508958,283
-40.19378997557945,173.67748165637585,5.1,2016-11-14 13:46:15.816072,284
-38.15904942587831,179.26602725922513,4.2,2016-11-16 16:02:51.551173,284
-45.019518188474215,167.59210570852676,4.1,2016-11-20 05:52:51.383172,284
-40.05188130457105,173.71527723341188,4.5,2016-11-29 08:20:28.700551,284
-38.56589957377734,177.0041132422414,4.1,2016-12-13 11:47:47.922303,284
-38.359846643569306,175.9202834474565,4.3,2016-12-06 18:45:57.706325434,284
-42.568001772544186,172.98910767505583,5.2,2016-11-24 05:04:21.179667849,284
-42.80717069451899,173.58496205611334,5.3,2016-11-14 21:28:10.933426856,284
-42.690034685855565,173.17856641082977,4.3,2016-12-03 02:58:46.387750378,284
-42.23239367412252,173.80941784174365,5.2,2016-12-03 19:56:49.781284802,284
-41.73279270217496,174.3495831954657,4.4,2016-11-28 11:30:17.143445788,284
-41.83834439985223,174.14033287273836,4.7,2016-11-18 23:26:15.684338162,284
-42.54692161265968,173.75542559868143,4.4,2016-11-22 06:42:49.579988916,284
-41.72385420624064,174.190043566732,4.1,2016-11-14 16:55:14.844146227,284
-41.88641178138568,173.98146176099138,4.1,2016-11-17 07:46:44.754228689,284
-42.03352259292728,173.87748123052708,4.1,2016-12-05 14:49:21.858847742,284
-37.92061483814217,176.10340279398145,4.1,2016-12-10 07:20:19.383970,285
-37.06583965305669,178.8387063903279,5.3,2016-11-20 22:41:25.715712056,285
-42.57617825947962,173.06475161440778,5.6,2016-12-08 05:07:40.713570551,285
-42.14746118846851,173.64058468888155,4.6,2016-12-13 13:58:10.254723600,285
-41.710397152559125,174.2394627312627,4.5,2016-11-21 09:05:07.546488127,285
-41.638462921168745,174.30367155522356,4.5,2016-11-23 06:38:36.574882258,285
-42.23295605059642,173.5653311028197,4.1,2016-11-27 14:11:31.767671261,285
-41.90778313043443,173.89521354835722,4.8,2016-11-15 13:33:18.770286411,285
-41.71207704664148,174.26730117647756,4.3,2016-11-15 21:20:45.130589229,285
-42.16982422282848,173.71483683800085,4.6,2016-11-19 17:38:48.322479572,285
-43.52952473722165,173.1789008946384,4.9,2016-11-15 07:31:19.079518103,285
-42.94323290903652,173.8449356064453,4.6,2016-12-05 02:55:02.020006485,286
-42.879674535768416,173.17814488901465,5.4,2016-11-16 20:45:51.531192674,286
-42.8211384031393,173.26288296636986,4.1,2016-12-03 00:39:20.366667409,286
-42.621636745381785,172.9282495557306,4.2,2016-11-28 23:44:02.764612508,286
-41.896574572288834,173.96995263982845,4.1,2016-12-11 01:51:51.862361070,286
-41.94850261108645,174.02397213682826,4.8,2016-12-06 18:37:42.184176674,286
-42.0912520361983,173.7282881709963,4.3,2016-11-15 06:33:52.799705584,286
-42.05686152594749,173.63478837723284,4.6,2016-11-15 16:51:31.576343309,286
-42.98995684792313,171.69205290871955,4.2,2016-11-29 04:44:41.958296144,287
-45.1738919812536,166.89617530852178,4.3,2016-12-05 01:39:17.075675503,287
-36.944032157391625,178.8387171626573,4.4,2016-11-29 18:50:37.312293832,287
-37.08100966319554,178.97876945467073,4.1,2016-12-11 10:43:45.741036515,287
-37.30201680329281,178.92191269514453,5.3,2016-12-10 06:00:50.754279380,287
-41.79716840120769,173.87037790578768,5.4,2016-11-15 02:04:49.875347911,287
-41.6513059800239,174.33449771328176,4.6,2016-11-25 12:26:57.957385895,287
-42.14089390752016,173.6529692524239,5.1,2016-11-20 20:18:56.551812208,287
-42.4030116770488,173.6729566697299,4.3,2016-11-23 04:25:34.488500662,287
-36.92730807836249,178.82805376958004,4.7,2016-12-02 08:16:37.437143549,287
-36.67408004380534,179.25871110178483,4.1,2016-12-02 08:19:35.201659762,287
-37.14566385058049,176.70490085807475,4.7,2016-11-26 12:02:11.941222,288
-37.13324494615748,179.01600527177465,4.2,2016-11-24 00:09:38.213408458,288
-42.481399794461566,173.00598914860782,4.3,2016-11-15 20:59:28.815167377,288
-42.57659361406781,172.80014001580685,4.1,2016-11-14 15:24:17.392342358,288
-41.73841657261574,174.06402664148985,4.5,2016-11-15 01:44:13.965905649,288
-41.74625834571421,174.25818394833402,5.7,2016-11-14 00:59:51.049061787,288
-42.64872138332783,172.81723665331668,4.9,2016-11-24 20:59:59.697921692,288
-42.45319318553143,173.31553697954982,4.2,2016-11-19 13:11:26.002257360,288
-42.23217119142598,173.62862857211957,4.1,2016-11-21 16:47:23.738621891,288
-42.12791700189137,173.63851979286468,4.6,2016-11-15 12:40:29.435370081,288
-41.90885004696434,173.97838753943353,4.1,2016-11-19 00:58:30.876946520,288
-45.00630538423504,167.92393818638214,4.1,2016-11-24 13:26:16.853352,289
-40.21387634174182,175.63642299300068,4.4,2016-12-05 15:55:17.083071,289
-34.5966586484129,177.26711011693465,4.4,2016-12-07 02:58:45.116189,289
-46.03862919965642,166.15271171659776,4.2,2016-11-24 16:41:45.855118467,289
-42.736512477823,173.517390822681,4.1,2016-11-15 13:57:57.549222952,289
-41.866687009340914,173.97624413005718,4.2,2016-11-25 18:13:47.206268469,289
-42.39886928056268,173.33963647564138,4.3,2016-11-15 02:42:36.233196028,289
-41.787784814182544,174.13453612482456,4.3,2016-11-18 09:37:18.373990377,289
-41.763415513857,174.240742684907,4.6,2016-11-14 00:56:17.423693765,289
-41.8029902969099,174.3406614976769,4.1,2016-11-17 07:56:36.124349117,289
-42.693703478628,172.81722695380444,4.3,2016-11-15 07:19:53.562955542,289
-42.73001561764014,172.88056456537788,4.4,2016-11-27 10:36:13.695760948,289
-39.38635963799721,174.49791929934827,4.3,2016-11-20 08:53:17.258381,290
-37.60522435227339,176.89898302379515,4.6,2016-11-28 01:05:23.815271,290
-41.84707228697084,171.9999013069602,4.1,2016-12-01 00:57:16.727501,290
-36.97011039829365,177.67563098537482,4.3,2016-12-09 21:23:01.406815,290
-38.18312247211571,175.71467397860653,4.2,2016-11-18 09:37:02.674873477,290
-37.230937488861706,178.97398015263872,4.1,2016-12-01 03:42:18.958691681,290
-42.0046565518075,173.92978998729427,4.2,2016-11-14 04:04:12.326686706,290
-42.26688302128443,173.70473632120485,4.1,2016-12-04 12:40:17.368912172,290
-41.74021464135483,174.25287690561063,4.1,2016-12-03 17:35:28.269139948,290
-42.33034997724872,173.86940680774933,4.2,2016-11-15 11:31:49.647784049,290
-42.205805180026566,173.64703222481492,5.1,2016-12-08 13:00:47.463477636,290
-42.21092774270004,173.43783823917624,4.4,2016-12-08 14:34:04.961151736,290
-45.40293970342805,166.87809940006207,4.5,2016-12-06 14:11:20.797798,291
-35.84415582801996,178.3733335120169,4.3,2016-11-20 11:56:13.403094630,291
-42.65330082877178,172.73229974150814,4.4,2016-11-14 04:14:01.605843761,291
-41.75815639837915,174.17428326925358,4.1,2016-12-03 22:17:11.206329730,291
-41.67580604812514,174.2947036225589,4.1,2016-11-14 06:15:50.781760442,291
-42.51776726768748,173.19715402336462,4.6,2016-11-21 10:36:16.228715215,291
-37.80979914939071,177.1264795556971,4.8,2016-12-12 13:58:54.782504566,292
-37.38761395320783,179.33113093246612,5.0,2016-11-16 03:52:43.485956099,292
-40.517967944748754,174.54800877784783,4.1,2016-12-05 03:24:47.550408499,292
-36.98867763355294,178.8626008839279,4.2,2016-11-22 20:44:01.456090969,292
-42.65595435421015,172.98977051914855,4.3,2016-11-14 20:58:22.765762545,292
-42.06161993592784,173.75141973565164,4.3,2016-11-18 01:34:22.925727389,292
-42.475278214950045,173.16223737126344,4.1,2016-11-25 16:06:35.015896058,292
-42.44412587690938,173.3291845465338,4.1,2016-11-26 02:14:17.981838964,292
-42.66728281858834,172.8843102595495,4.3,2016-11-26 09:09:49.453149325,292
-42.45845982943808,173.30218946091716,5.1,2016-11-15 03:52:14.664063295,292
-42.6132809675764,173.40738759121248,4.3,2016-11-20 03:18:47.700727652,292
-42.594347551769765,172.63876838488068,4.2,2016-11-15 09:41:58.158864391,292
-46.1010193161666,166.04623280346073,4.6,2016-11-21 03:18:26.537676051,293
-39.93133196507916,176.6673293993396,4.8,2016-11-20 18:20:57.544771326,293
-42.51903927860224,173.1456167469797,4.3,2016-11-19 21:03:39.720455456,293
-42.53917715584511,172.94190341964062,4.1,2016-11-16 22:29:52.867620468,293
-41.93965646733057,173.91210972048347,4.1,2016-11-14 05:32:52.621629637,293
-42.64316042082403,172.90943428916103,4.3,2016-11-15 18:41:55.378719847,293
-41.7436338372552,174.3472649210629,4.2,2016-11-14 09:49:15.644638450,293
-41.752088722828105,174.27824362124636,4.1,2016-11-16 09:26:54.831085694,293
-42.5255307576539,173.4072673018214,4.3,2016-12-02 05:00:18.400704262,293
-42.204733164324864,174.96933158416056,4.4,2016-11-15 14:38:28.336245501,293
-41.67774755585575,174.27946958124522,4.3,2016-11-15 03:20:28.940934482,293
-42.36508013399103,173.5651971731592,5.9,2016-11-16 06:08:37.216921495,293
-42.37326295487765,173.50504235944368,4.6,2016-11-17 10:17:49.911330053,293
-39.655438699672864,174.08350458614476,4.1,2016-12-08 20:27:02.831030,294
-42.00435156296536,173.68729381911834,4.6,2016-11-14 10:20:19.993129252,294
-42.01301770032929,173.67001468967808,4.3,2016-11-16 23:01:18.595498744,294
-42.536374689766575,173.3444405910478,4.1,2016-11-15 10:06:58.487099847,294
-41.99658947875129,173.72196762424753,4.8,2016-11-25 01:47:04.900958242,294
-38.27725438246271,175.7034016354879,4.3,2016-12-04 11:08:41.394405,295
-47.5753953089015,165.53797943562856,4.6,2016-11-29 16:55:25.292832912,295
-41.85840008387051,173.89689958885683,4.2,2016-12-05 00:04:36.836134796,295
-41.825719927652216,174.34302774772112,4.3,2016-11-16 11:05:19.407890630,295
-41.862524665646,174.2318495386109,4.7,2016-12-05 12:24:00.287897709,295
-41.85436547550759,173.98117912244408,4.2,2016-11-15 22:42:51.388390238,295
-41.98801428827755,173.84992182201367,4.7,2016-11-14 15:06:46.980795067,295
-42.10238642102036,173.43055525806255,4.4,2016-11-14 07:27:07.692690855,295
-41.83593191202899,174.1187865593604,4.5,2016-11-30 22:59:50.234926867,295
-41.71658386351445,174.29890770110404,4.2,2016-12-05 08:21:01.810702705,295
-38.14407195918401,176.2470404008979,4.3,2016-11-27 14:48:12.857376,296
-37.897127175475546,175.81379927830164,5.6,2016-12-06 02:38:44.613248,296
-44.65601040788194,167.53864292505887,4.1,2016-12-08 13:22:45.888209,296
-37.93774569986887,175.84054522139624,4.6,2016-12-06 02:50:45.656302484,296
-37.222858966853074,179.0458881691113,4.1,2016-12-08 17:36:34.463014807,296
-42.442168577018656,173.2815706398505,4.1,2016-11-15 16:26:24.674273537,296
-41.877617203139614,173.92291232807665,4.2,2016-11-22 20:24:11.349416833,296
-41.95401424590549,173.64879695112177,4.4,2016-11-27 02:29:12.448224381,296
-41.770052112456646,174.25003657124714,4.3,2016-11-24 05:19:48.446326739,296
-41.80694549460082,174.27219033534865,4.5,2016-11-15 12:53:47.005845170,296
-42.12737230544919,173.66123350731527,4.8,2016-11-15 13:09:53.033216794,296
-42.1085424785834,173.71067410331432,4.3,2016-11-14 03:06:54.792465285,296
-42.12715653443248,173.86356575973994,4.5,2016-11-14 04:37:36.310555862,296
-41.76845601309722,174.26260609298197,4.1,2016-11-24 20:31:02.471820,297
-38.57016103810961,176.20567938790109,4.1,2016-11-27 06:42:34.572562,297
-35.45237286997958,178.94032676216594,4.6,2016-11-27 07:41:07.534290,297
-45.43160725965874,166.88121336322584,4.2,2016-12-05 00:46:22.732656,297
-38.51422470624219,175.8098774393568,4.5,2016-11-29 07:15:28.456476765,297
-43.363361319581166,173.9699130264374,5.1,2016-11-28 21:53:24.916063286,297
-42.50924070808746,173.7330025888249,4.2,2016-11-16 04:16:09.062404025,297
-41.908630605307806,173.98698504307856,4.5,2016-11-14 01:45:32.045767324,297
-42.32925796381477,173.62751933780493,4.3,2016-11-22 01:06:41.249413885,297
-41.74506402525002,174.3384061127326,5.0,2016-11-14 23:21:47.995807374,297
-41.71773958642947,174.26447219576426,4.1,2016-11-27 13:08:52.302684760,297
-42.277204301037976,173.62783340529893,4.3,2016-12-12 11:29:33.335501670,297
-42.31842935301233,173.76761275820093,5.0,2016-11-14 03:58:53.684167335,297
-42.67056898128408,172.80563088119433,4.4,2016-11-14 00:52:38.394209890,297
-42.24154463277671,173.58874669532727,4.3,2016-12-12 17:40:07.814017843,297
-37.83871020847879,179.4427033477586,4.3,2016-11-25 16:48:17.444486,298
-43.04489689030886,171.4918838447182,5.0,2016-11-27 19:34:10.582907,298
-45.22186567276893,166.5742860136605,4.2,2016-11-29 06:23:01.785942513,298
-37.71374437383475,177.3305406484975,4.3,2016-11-23 19:51:48.666267215,298
-42.87507848929396,173.57467387843533,4.4,2016-11-14 18:00:50.544435850,298
-41.91628278212315,174.28948569359514,4.2,2016-11-21 05:20:03.178238739,298
-41.585400956787886,174.30015663005835,4.3,2016-11-17 17:29:19.146095425,298
-41.81427975464484,174.14502068831797,4.7,2016-12-01 01:45:38.787034958,298
-41.66369243937479,174.35241771225844,4.1,2016-11-14 08:50:55.378522222,298
-42.65969213029985,172.80553780034018,5.9,2016-11-15 08:07:56.233189182,298
-42.35137911632642,173.10214395434167,4.2,2016-11-22 19:06:09.805174713,298
-40.75967487190139,176.43377838123587,4.1,2016-11-22 20:36:40.368241,299
-38.47142007735972,175.86733698774262,4.1,2016-11-26 02:21:50.912837,299
-36.9847990192772,178.94903619038274,4.1,2016-12-13 05:56:09.839560548,299
-41.73795573336131,174.140482103082,4.2,2016-11-15 03:39:37.929117116,299
-41.70171631822931,174.29833509767536,4.2,2016-11-14 15:42:13.680524641,299
-41.78890847904994,174.09289722038747,5.0,2016-12-07 18:29:42.202761539,299
-41.69497069853582,174.3154876299157,4.1,2016-11-29 04:27:44.355563599,299
-41.72697417318645,174.16405888969638,4.3,2016-11-23 02:23:28.325141684,299
-42.19058925451476,172.87076254087532,4.2,2016-11-22 22:37:17.122266727,299
-37.660255876797216,176.3937519546543,4.1,2016-12-02 20:21:46.161674,300
-36.495437196961305,177.78323500833378,4.3,2016-12-09 11:32:47.652223,300
-36.796030838119165,177.00216065600404,4.3,2016-12-12 10:34:28.532411,300
-36.502782234104345,177.80765523138066,4.1,2016-12-09 13:02:58.036884255,300
-36.68821703551408,177.8666918809864,4.3,2016-12-06 04:04:44.277478180,300
-42.71932759054763,174.00066510361924,4.2,2016-12-06 01:25:01.813409569,300
-42.01027232505709,173.71801785814165,4.2,2016-11-24 01:15:36.026678538,300
-42.44888577952781,173.24458472052655,4.8,2016-11-29 02:37:43.168321968,300
-41.77551046491881,174.00968398795038,4.2,2016-11-28 01:37:08.212372299,300
-42.32704569923099,174.18777101478844,4.3,2016-11-17 20:30:14.965070478,300
-42.43452628546972,173.59995439630364,4.1,2016-12-08 20:06:24.280575189,300
-42.37395777972205,174.02531683915336,4.2,2016-11-30 02:24:45.235917720,300
-42.08014054773917,172.94496181675785,4.1,2016-11-30 03:21:19.407257,301
-38.95330178425633,174.9359891097899,4.1,2016-12-10 11:35:13.117783,301
-42.22581944081625,171.74857378290758,4.7,2016-12-11 14:13:37.661365,301
-37.25335881180619,179.24611531007147,5.2,2016-12-13 02:22:30.115818,301
-42.42214262351684,173.76217358678272,4.1,2016-11-21 12:57:48.565807418,301
-42.023254833392784,173.71858595866124,4.5,2016-11-14 10:36:58.703133042,301
-42.22929300406909,173.60435166154767,4.8,2016-11-14 13:37:37.042728986,301
-42.28581830737746,173.3773041784888,4.1,2016-11-16 16:44:49.446861320,301
-41.6368319578029,174.34458780737623,4.4,2016-12-08 20:36:43.352984026,301
-41.75550773072101,174.3181754849524,4.1,2016-12-12 09:30:01.182095003,301
-41.754691543626,174.2768218098369,4.3,2016-11-16 23:54:17.016380271,301
-42.24260340120726,173.7338078094087,4.1,2016-11-17 14:34:37.825180376,301
-41.84854792136949,174.2157488455295,5.4,2016-11-25 02:32:48.072653952,301
-41.76477336096179,174.24478958717975,4.1,2016-11-14 00:32:46.058304044,301
-41.74384554474757,174.27459756325538,4.2,2016-11-20 15:38:02.908370379,301
-42.30826771617932,173.9598627669179,4.2,2016-11-22 20:14:34.332561504,301
-42.073181451185725,172.90169638993223,5.1,2016-11-27 22:27:37.656866542,301
-42.46101541180905,173.30216277133005,4.1,2016-11-25 09:31:04.333433360,301
-42.36974206824713,173.50522899066036,4.3,2016-11-14 01:38:53.917103194,301
-36.31517766232568,177.82638604272373,4.5,2016-11-15 13:49:24.660857,302
-38.30803423724737,176.30045314480304,4.3,2016-11-23 10:20:33.174348,302
-41.79366838993887,171.913052559628,4.4,2016-11-26 08:29:14.988064,302
-45.00622718042877,167.3098386812228,4.2,2016-11-30 17:08:05.470701,302
-36.674103920995016,177.11301117190263,4.5,2016-12-09 13:16:14.237973,302
-39.127874960127954,175.28240432329272,4.2,2016-12-09 17:31:23.417552,302
-46.904992680172136,165.5948812495436,4.6,2016-12-11 18:51:18.678987,302
-41.68212481437941,174.21422629436523,4.3,2016-11-14 18:03:58.252515440,302
-41.71344087824389,174.233618142671,4.3,2016-11-15 03:47:47.490005472,302
-42.42483207972488,173.2206255159127,5.1,2016-11-14 10:50:39.958185133,302
-41.6509827458583,174.0863456487841,4.2,2016-11-16 05:42:03.021021716,302
-41.702513053182514,174.203379906639,4.2,2016-11-16 11:23:22.728188782,302
-41.97051120763937,174.03832621914688,4.1,2016-11-15 06:07:18.686937186,302
-42.242982760373486,173.88177553346654,4.1,2016-12-06 17:30:46.852492889,302
-41.94401376042241,174.0202160305167,4.1,2016-11-15 18:05:54.538568636,302
-42.374584531313445,174.01678485425643,4.5,2016-12-13 19:45:45.211459,303
-42.541728414697175,173.08845460853445,4.7,2016-11-17 07:35:15.498466387,303
-41.96212849576544,173.76987379686298,4.1,2016-12-03 20:57:30.423702123,303
-42.26633930487273,173.43668213553852,4.1,2016-11-21 20:29:32.549240106,303
-41.64708463169621,174.26126354774107,4.4,2016-11-18 11:11:19.083470657,303
-42.13041907285553,173.5017447257495,4.1,2016-11-17 04:03:20.047675233,303
-41.8221547209721,174.1263743818088,5.2,2016-11-26 13:11:57.969181903,303
-41.93923183347997,174.06541084556474,4.7,2016-11-14 20:43:55.951477539,303
-41.74341279329723,174.18921169392698,4.2,2016-11-16 20:13:22.390433191,303
-41.71946737021405,174.22534629798395,4.4,2016-11-17 04:59:03.911180161,303
-41.73110025058396,174.1788673020961,4.1,2016-11-27 23:05:43.865887862,303
-42.63799063489581,172.84033540151017,5.1,2016-11-14 00:05:54.086660666,303
-42.262271818623645,173.59436196366138,4.6,2016-11-18 03:46:19.495026913,303
-38.05920636861097,176.58924687421518,4.4,2016-11-18 14:07:05.723080,304
-38.312982443202365,176.34908453680407,5.7,2016-11-19 04:20:57.727848,304
-37.47022097738591,177.0200763049571,4.2,2016-11-24 02:18:34.626152,304
-39.66334368865602,178.85458559295083,4.8,2016-12-07 08:17:59.706705,304
-39.82406480923968,173.8011010669397,4.5,2016-11-27 21:24:07.045384071,304
-42.73419424966518,172.8577707987349,4.9,2016-11-15 06:52:18.101223383,304
-42.16391601602205,173.69676474102224,4.2,2016-11-14 20:16:32.059842804,304
-42.23626373826505,173.70379538794836,4.2,2016-11-14 06:49:27.323059472,304
-42.00791205988508,173.6728837706619,4.5,2016-11-16 08:48:33.591158539,304
-41.80921011259558,174.326470579203,4.3,2016-11-23 02:21:40.884585822,304
-41.74539667592434,174.27892010837914,4.7,2016-11-23 01:34:21.299511728,304
-42.60975485311333,173.40465555345463,4.1,2016-12-07 11:47:01.567151969,304
-42.238484272462735,173.65911941412233,5.8,2016-11-25 08:04:34.548037929,304
-41.65375337065111,174.24853727102277,5.3,2016-11-14 01:18:04.758640502,304
-42.33299396007366,174.0213149353143,4.7,2016-12-01 22:50:11.214627463,304
-42.634070189185785,173.7818779225001,6.2,2016-12-07 22:57:17.646811784,305
-42.26697726669688,173.78100377551633,4.2,2016-11-15 18:47:33.663195899,305
-42.34474544416639,173.66611042427675,4.1,2016-11-14 20:42:29.530844935,305
-41.769756348451146,174.35941967292277,4.2,2016-11-15 20:34:45.719153382,305
-41.76502963733788,174.2147697025492,4.3,2016-11-23 22:05:51.828555448,305
-42.23389400229832,173.64477508455985,4.6,2016-11-14 02:06:49.999769131,305
-41.73097741111303,174.66914846733235,4.4,2016-11-16 14:14:49.595427584,305
-41.56947435868819,173.95652839570562,4.2,2016-12-01 09:44:24.885523429,305
-42.24368321894621,173.68942327801696,4.5,2016-11-14 02:27:50.723046674,305
-45.66642926923864,167.231487912372,5.5,2016-11-20 12:37:49.859024,306
-42.0379147701208,173.72572451563852,4.1,2016-11-14 02:05:27.469584218,306
-41.81497840569449,174.34636272087732,4.2,2016-11-15 09:32:45.492577197,306
-42.226281145815165,173.6748777236853,4.5,2016-11-15 16:06:45.744246416,306
-41.66546814977464,174.30572225894807,4.3,2016-11-18 13:22:33.380656809,306
-42.32046461973727,173.76771774574834,4.1,2016-11-14 02:10:27.504870636,306
-39.25496421631368,177.59404054567668,4.2,2016-11-16 11:34:59.965485,307
-37.692879785824005,176.5051072293134,4.2,2016-11-19 09:14:23.141736,307
-36.89258894319511,179.2388648725214,4.2,2016-12-10 11:17:16.460461677,307
-41.96716432812847,173.66418522651978,4.1,2016-11-19 21:47:59.156736580,307
-41.88671787795625,173.46201008628984,4.1,2016-11-17 00:59:08.125467136,307
-41.87871900103815,173.62128544322368,4.6,2016-11-21 16:43:56.324781237,307
-42.35625385530495,173.79922976436316,4.1,2016-11-16 05:49:07.465582586,307
-41.8237144417622,174.0420773991524,4.2,2016-11-16 07:06:26.290298959,307
-41.968223904723786,174.04129018326333,5.4,2016-11-17 20:32:25.642743780,307
-41.96025677031802,174.06864758129137,4.5,2016-11-20 00:14:28.260189058,307
-42.39412593851981,174.06692474144924,4.5,2016-11-25 15:28:20.201620122,307
-42.639765974129936,173.070854736583,4.1,2016-11-20 17:32:24.011257140,307
-42.26452512774399,173.61337462302637,4.1,2016-11-15 17:28:58.406117250,307
-42.36590070640319,174.2725835135541,4.3,2016-11-15 01:20:43.902528970,307
-42.64602206911362,172.846586943818,5.1,2016-11-28 16:47:37.747936253,307
-41.900644286231824,173.50434360031085,4.3,2016-11-15 04:19:11.645546803,307
-42.70058749993733,172.74374658354458,4.3,2016-11-14 12:06:04.894065414,307
-42.56249603123985,173.16922632227042,4.2,2016-11-14 12:01:07.029896148,307
-41.901731168471,173.62336496987518,4.3,2016-12-03 00:10:17.116233938,307
-41.9754611791573,172.00585269214793,4.6,2016-11-23 03:56:44.119227,308
-39.24152132455084,174.6310886563584,4.3,2016-11-26 17:30:23.838343,308
-37.38456086596116,177.62225503352522,4.3,2016-11-20 02:48:09.438744448,308
-37.34100294930073,178.80257000544907,4.1,2016-11-15 11:12:16.862271911,308
-41.9821351944361,173.62932779197226,4.3,2016-11-19 05:07:43.487475794,308
-41.77661155874039,174.02348861003756,4.9,2016-11-15 18:34:00.231115223,308
-41.899510950473214,174.17621721698376,4.9,2016-11-19 16:06:57.115488648,308
-42.1098258879616,172.90512747793628,4.6,2016-11-15 01:16:32.466576431,308
-42.32281593239598,173.1795546001537,4.3,2016-12-08 18:11:15.692472445,308
-42.35678696087746,173.62193583825675,4.3,2016-11-25 00:27:08.803090475,308
-44.270032290815024,169.12905348217794,4.1,2016-12-04 14:08:55.022104,309
-46.34353919612639,165.65715833355696,4.2,2016-11-20 17:25:03.885516688,309
-37.069222555363325,179.08470719447095,4.2,2016-12-08 02:54:28.884558668,309
-42.65787829355145,173.10081115141077,4.1,2016-11-14 07:48:14.316188475,309
-42.5382539833736,173.12039257734736,4.2,2016-11-14 13:13:08.460371849,309
-42.67260384006663,173.8175733501422,4.1,2016-11-18 11:06:48.488357509,309
-42.58252408563946,173.66716911437305,4.2,2016-11-20 16:58:52.724704853,309
-42.12907080857838,173.67226230632403,4.3,2016-12-06 00:43:59.808460089,309
-41.742682542750096,174.12310590313186,4.9,2016-11-14 21:57:58.104911655,309
-41.6852110798225,174.17509413950194,5.0,2016-11-14 03:03:03.704690932,309
-43.58403828461447,172.63701601953156,4.4,2016-12-07 10:30:31.336239,310
-42.43535531501257,173.67782210677774,4.3,2016-11-17 14:34:17.644788663,310
-41.766914355308565,174.19008789325778,4.4,2016-11-18 09:51:22.592725360,310
-41.96901484253192,172.43634751387546,4.3,2016-11-14 00:14:38.234775321,310
-41.75643149645444,174.2679398357562,4.1,2016-11-14 04:41:50.837115471,310
-42.59103556635574,173.15481180553323,4.1,2016-11-14 03:39:32.957188892,310
-42.1182178067601,173.83454791482885,4.5,2016-11-14 01:51:00.946226672,310
-41.745303201871465,174.31254724324927,4.2,2016-11-16 04:55:30.424757597,310
-41.72625997215961,174.28641708110794,4.3,2016-11-16 05:42:10.661127173,310
-38.90978737732458,175.2417097977299,4.2,2016-11-22 12:27:15.469989,311
-40.39395510865376,176.11806376767566,4.1,2016-12-05 20:32:47.611784064,311
-42.14700808524245,174.4257429437559,4.9,2016-11-14 23:42:50.848455527,311
-41.87223459522416,173.9452238680443,4.1,2016-12-09 14:10:49.796648624,311
-42.11476652842691,173.52470759560126,4.5,2016-11-19 19:11:37.311117135,311
-41.93164842348672,174.0345676170729,4.2,2016-11-29 01:56:41.385990189,311
-42.16983784684993,173.68870705306898,4.3,2016-11-14 18:57:21.544152456,311
-41.72590053980419,174.26967365821517,4.3,2016-11-18 23:12:24.164899813,311
-34.34754531119558,179.36652959482618,5.3,2016-11-16 17:12:43.539903,312
-36.97142886071146,177.00955058491198,4.4,2016-11-20 02:24:41.506261,312
-37.68971474243492,176.14747137500666,4.3,2016-11-25 03:55:06.936541070,312
-41.384277811253234,176.256245870442,4.2,2016-12-03 03:31:18.169291503,312
-42.63749016886409,172.99033865821514,4.9,2016-11-15 04:09:34.234811666,312
-41.979332425132455,173.96470338003638,4.5,2016-11-14 21:23:55.344238745,312
-41.74138361981365,174.1638700807515,4.1,2016-11-14 00:01:23.092152014,312
-42.22648366587113,173.46278957952433,4.1,2016-11-14 02:10:36.200160325,312
-42.5797335387178,173.0259690432528,5.0,2016-12-11 00:13:30.208424907,312
-42.49973672427424,173.14194090423095,4.1,2016-12-07 21:48:57.261194713,312
-41.75000735665749,174.18739565020294,4.9,2016-11-17 07:29:12.286002767,312
-41.82533996213598,174.06821369699645,4.4,2016-11-14 02:01:45.643850678,312
-42.17279931517134,174.08653541809926,4.5,2016-11-14 16:18:47.199554752,312
-42.0029567425832,174.03381277304948,4.2,2016-11-14 07:40:49.432589477,312
-42.06069271443375,173.6665747106837,4.2,2016-11-25 10:20:09.228062003,312
-36.233496654636674,177.76437746840796,4.4,2016-12-03 19:00:45.993513,313
-37.96734918015042,176.1925771744381,4.1,2016-12-10 06:49:42.379029,313
-44.8856094380044,167.21696475979172,4.2,2016-12-13 19:15:17.616126,313
-41.9616896978013,173.73191553889689,4.1,2016-11-23 08:27:11.737034192,313
-42.581376138144016,172.77217750512952,4.4,2016-11-15 12:51:11.196114345,313
-41.67377393221687,174.25264483240915,5.1,2016-12-05 20:36:40.609226798,313
-41.73818627564828,174.28782895464855,4.1,2016-12-04 12:27:30.964656698,313
-42.2774799617853,173.4164729047929,4.1,2016-12-06 20:10:52.908472956,313
-41.09412917801006,172.45205552759833,4.1,2016-11-16 20:39:12.952012,314
-43.66876150573412,172.7235151654383,4.1,2016-11-30 08:06:12.365932,314
-42.69298577855344,173.1572042900605,4.1,2016-11-25 23:39:46.391452306,314
-41.96867659142843,173.61487781451942,5.5,2016-11-24 20:16:55.869225526,314
-42.16372966317125,173.8538303602984,4.1,2016-11-24 00:57:47.647481347,314
-41.67413297891116,174.02573381181003,4.2,2016-11-15 13:24:16.197814084,314
-41.73848179541088,174.26492165438154,4.2,2016-11-14 20:15:16.946461632,314
-41.69546369302762,174.22822601376112,4.3,2016-12-04 10:39:14.164919464,314
-41.69017116211104,174.24939282581894,5.2,2016-11-18 04:02:24.657109998,314
-42.04815925858313,173.8743908186944,5.0,2016-12-13 17:04:15.940051190,314
-42.296527010692735,173.65637532744677,4.6,2016-11-18 07:58:41.649670526,314
-42.11540650915312,174.0501134786771,4.6,2016-11-21 15:32:33.007338346,314
-41.971801608494026,174.02395848063867,4.7,2016-11-14 16:57:55.185905580,314
-41.71716096759683,174.2819519639037,4.8,2016-11-14 01:38:03.221632081,314
-41.7147063514626,174.21543866126638,4.1,2016-11-18 15:49:07.172016801,314
-41.6924362703728,174.2656606655212,5.2,2016-11-14 09:40:18.169846619,314
-38.15775826665316,176.4596693434881,4.4,2016-11-17 11:09:18.838901,315
-42.81168852938841,171.50263413294996,4.1,2016-12-07 17:51:20.290845,315
-43.66570384481199,172.56106007634597,4.2,2016-12-03 02:06:06.555945670,315
-42.552513036128005,173.66294921169808,4.1,2016-11-14 18:20:43.282651231,315
-42.4200899666991,173.20482223748172,4.1,2016-11-14 04:44:43.746104769,315
-42.479404648062,173.17269988778474,4.1,2016-12-04 09:57:56.058449935,315
-42.45981978485909,173.30437539480548,4.6,2016-11-16 13:12:21.803484793,315
-41.8870183258982,173.9486422319362,4.9,2016-11-14 12:16:21.688515537,315
-41.80875460748437,174.06649193281572,5.0,2016-11-14 09:08:19.189618709,315
-41.71103429105462,174.24357514525653,4.8,2016-11-14 00:44:05.178528290,315
-42.53114576984628,173.3330911152369,4.7,2016-11-14 17:39:11.945652354,315
-45.39645360035738,167.86913615430336,4.3,2016-11-16 10:34:32.528153409,316
-42.6331463758815,173.15585712911837,4.4,2016-11-14 06:02:29.744183956,316
-42.00201049173632,173.6940276921161,4.2,2016-11-18 23:00:18.423037687,316
-41.99471607496262,173.8186161832157,4.1,2016-11-14 21:00:34.751266051,316
-41.80104484248748,174.27302847081484,4.2,2016-11-14 17:05:46.863589413,316
-42.43850711457026,173.26815865220908,4.3,2016-11-14 11:13:43.774495166,316
-42.02741081694247,173.65756419439882,4.1,2016-11-22 03:13:13.481852699,316
-42.298175527044414,173.03018511537726,4.3,2016-11-14 10:50:43.876513960,316
-41.81081082180414,174.30062578408086,4.7,2016-11-15 08:20:24.322033867,316
-41.78306763252738,174.31946836016758,4.3,2016-11-14 18:49:24.790996720,316
-42.338973475511054,173.90319679575947,4.4,2016-11-14 02:49:58.233254142,316
-41.89925731187125,173.96549547998833,4.5,2016-11-14 03:49:45.078159313,316
-45.43159818898568,167.84400180617138,4.1,2016-12-04 10:56:57.838300168,316
-45.43117159401743,166.94822423885523,4.1,2016-12-03 02:45:46.944286,317
-38.84530573584743,176.169503912622,4.1,2016-12-08 07:34:46.990010,317
-43.444765396879966,172.97059221503392,4.7,2016-12-10 06:44:30.858615,317
-35.916911715259324,179.64664097831076,4.1,2016-11-20 15:49:09.182682920,317
-42.14921406201881,173.62980441967417,4.3,2016-11-14 11:15:23.697730316,317
-42.40103495211468,173.78560017988346,4.5,2016-11-14 08:09:21.059795168,317
-42.19353573604464,173.82311894456194,5.0,2016-11-14 00:15:17.664585208,317
-41.76456957453574,174.0940152612905,4.2,2016-11-20 00:35:29.411218153,317
-41.708069789006885,174.25183844293937,4.9,2016-12-04 03:13:05.367260036,317
-42.04050838049277,173.79810510721455,4.1,2016-11-14 03:23:07.788258555,317
-42.383466925405656,173.83506387616632,4.1,2016-12-02 15:03:58.954454271,317
-42.465106365206495,173.1828720785281,4.1,2016-11-22 00:54:22.100253470,317
-41.85391599611414,174.18852612382634,4.5,2016-11-25 21:26:52.821202054,317
-42.03572871159626,173.83587322543767,4.2,2016-11-14 04:09:08.236873478,317
-40.51209427480402,173.3596013969391,4.4,2016-11-29 19:10:16.399699,318
-45.36986818600872,167.21208358820869,4.3,2016-12-01 20:09:21.140422,318
-46.47414427938286,165.3926744726056,4.4,2016-12-06 08:32:58.472560,318
-41.924631849440885,173.6211595075806,4.2,2016-11-14 16:53:50.768634320,318
-42.36904698211023,173.69997384501158,4.2,2016-11-25 07:54:41.861519969,318
-41.67398259020029,174.29163839490232,4.1,2016-11-21 02:57:16.218293888,318
-40.37490565366618,176.3344928038226,4.1,2016-12-01 09:35:44.401335,319
-36.24719741066362,177.87891768377767,4.2,2016-12-04 03:37:54.160582,319
-36.46045004297644,178.12303188526127,4.9,2016-12-09 08:31:22.231986,319
-38.60192658380883,175.77293431838874,4.2,2016-12-07 01:23:49.148508734,319
-42.111058850380594,173.61623161082167,4.3,2016-11-19 07:38:43.740015736,319
-41.72612109318446,174.24184581548707,4.1,2016-12-02 09:16:42.998127449,319
-41.77134855740872,174.28954242323522,4.9,2016-11-14 06:09:04.880053359,319
-42.16959238120712,173.64562459044583,4.9,2016-11-28 13:56:06.876421601,319
-42.43627028221414,173.06998111514864,4.3,2016-11-14 02:29:52.895791485,319
-41.71131519113097,174.22435668721914,4.3,2016-11-17 03:23:45.351090240,319
-42.60209026294421,172.79186875979784,4.3,2016-11-15 06:56:54.664577871,319
-43.585513282878026,172.27173433448587,4.5,2016-11-25 09:04:45.121039,320
-38.53791391284881,176.03062032560248,4.7,2016-12-12 20:01:05.755483,320
-41.72000748110283,174.30159504194106,4.6,2016-11-14 10:21:02.432809209,320
-41.71274094334776,174.2828526301907,4.6,2016-11-14 05:44:00.965034756,320
-41.716094276267896,174.32065235933695,4.5,2016-11-22 02:26:26.028889531,320
-40.5867796548574,174.5344624776407,4.8,2016-11-28 14:23:43.784089,321
-45.65915677173703,166.7438018567456,4.4,2016-11-29 14:11:49.810306,321
-36.90992705548832,179.2485884775447,4.1,2016-11-21 07:58:43.251567139,321
-42.104822486134886,173.49789722969547,4.4,2016-11-17 09:07:18.385690668,321
-41.79612848228517,174.10561052153946,4.1,2016-11-30 14:31:30.701666087,321
-41.784389230145415,173.87033660219302,4.3,2016-11-15 14:37:28.737939918,321
-41.70589708140562,174.2718204531385,4.1,2016-11-17 13:47:26.954098812,321
-41.74981721022981,174.22608328051692,4.5,2016-11-14 18:50:23.136053399,321
-41.81883793711861,174.12816642659766,4.7,2016-11-14 02:27:09.851485413,321
-42.41365106554576,173.55229781982146,4.3,2016-11-17 00:56:31.576661293,321
-42.31609506526241,174.03811716220503,4.1,2016-11-30 11:18:39.458730473,321
-42.60326478485717,173.08798920132634,4.7,2016-11-14 09:19:32.149612757,321
-43.33007368321302,171.91110425809734,4.2,2016-11-23 05:28:26.626024942,322
-41.87344621700615,173.355982414747,4.3,2016-11-15 11:09:35.367217552,322
-42.32439940612098,173.73986088563387,4.3,2016-11-14 18:08:07.915097124,322
-41.99386134106516,173.64296777447603,4.8,2016-11-14 11:00:33.716354807,322
-42.135974137815474,173.67642848938496,4.3,2016-11-25 06:57:08.684245701,322
-41.963103761773255,174.03461712270126,4.2,2016-11-14 18:46:54.796423469,322
-42.68730722573314,172.739251023529,4.1,2016-11-24 19:32:17.572082550,322
-42.30175518067088,173.8784729932697,4.1,2016-11-21 22:09:49.101043063,322
-41.73836620526331,174.20901032561437,4.1,2016-11-14 04:04:34.433487846,322
-42.67329446446824,172.72422275071375,4.7,2016-11-16 09:13:13.152715840,322
-41.681025235016754,174.41153870645326,4.3,2016-11-14 01:38:06.852664,322
-41.76884777553588,174.36622543084985,4.2,2016-11-17 07:11:59.957198856,322
-37.8671664615081,179.52060515981793,4.2,2016-11-24 11:19:02.587285,323
-44.81350376848563,167.44854956318875,4.5,2016-11-29 04:49:42.272574,323
-38.30262535556273,179.03365836491463,4.5,2016-12-04 15:19:53.097550,323
-40.915131704079,175.1936652190193,5.1,2016-12-04 17:08:51.572797,323
-37.87107509950301,179.36058981931714,5.3,2016-12-10 11:57:40.610490300,323
-42.31272120052474,173.4117708735754,4.1,2016-11-14 01:05:44.063054462,323
-42.59704868966615,172.8037584501064,4.2,2016-11-24 03:23:07.291850616,323
-45.04925019365431,167.81876472528762,4.1,2016-11-22 02:53:25.156574,324
-37.48855820769777,179.38177163270046,4.1,2016-11-23 11:24:52.708924,324
-45.15109325320564,167.71837749661813,4.5,2016-12-09 13:16:13.480346,324
-38.89436617452826,175.97378421754522,6.2,2016-12-03 18:14:26.888959357,324
-42.47792126216386,172.7727834385537,4.4,2016-11-15 16:04:02.494893806,324
-42.32997153219238,173.46614824386597,4.2,2016-11-16 03:04:37.915045366,324
-42.77398004100719,173.13750524267715,4.3,2016-11-17 00:09:23.270812252,324
-42.404530738010536,173.387600019594,4.1,2016-11-20 05:34:57.144417503,324
-41.891569574008415,173.86588927893752,5.7,2016-11-19 02:17:23.595614296,324
-41.84533153842271,174.28192557858307,4.3,2016-11-21 18:40:03.047060136,324
-41.78585316735244,174.24052237094236,4.2,2016-11-14 03:14:15.163587101,324
-41.66509328215886,174.3171041209579,4.6,2016-11-14 21:59:17.100024885,324
-42.63905839671841,172.8265710249584,4.5,2016-11-27 20:29:16.805167264,324
-38.94122455279013,175.94885641481062,4.3,2016-12-03 20:54:18.572152725,324
-41.663354257672346,174.44586748169505,4.2,2016-11-22 15:07:59.949764546,324
-40.12828540863568,175.66912979900894,4.4,2016-11-25 10:55:58.814725503,325
-37.13894562294003,176.8673700799179,4.5,2016-12-08 11:12:22.400065535,325
-37.271261497112384,179.11882798582766,4.5,2016-11-25 22:31:38.003588056,325
-37.25574808704661,178.86024564382782,5.2,2016-11-18 18:16:32.112408014,325
-41.74376406754264,174.3186759251202,4.4,2016-11-29 06:47:55.528684632,325
-42.12584325685274,173.6388493371092,4.3,2016-12-13 07:07:19.727425159,325
-42.02039179044708,174.02934259162157,4.1,2016-11-14 15:20:53.376595619,325
-42.446174395758106,173.2410752705109,4.2,2016-11-29 21:29:20.192907331,325
-35.27016804875777,177.70505710225197,4.3,2016-11-24 12:30:59.414815,326
-40.32073895733272,176.267396688342,4.6,2016-12-12 22:10:39.578860027,326
-42.55760659436677,172.60222392144163,5.6,2016-11-14 11:14:19.949739377,326
-42.15614908783262,173.6722524274953,4.5,2016-11-14 02:19:39.723477851,326
-42.17120584644693,173.62110134929213,4.1,2016-11-20 18:16:54.818044915,326
-41.74142038322893,174.17985779591586,4.6,2016-11-20 19:46:37.851175832,326
-42.63148896836295,172.95801485339092,4.7,2016-12-11 07:41:34.037902931,326
-42.55625159099599,173.17075846288958,4.1,2016-11-16 02:33:00.729041559,326
-42.51249826188438,173.1713616454416,4.1,2016-11-15 17:50:01.647459673,326
-41.66978135961082,174.33134962993108,4.1,2016-11-30 09:28:04.727617251,326
-43.65637285768975,170.57074907680612,4.1,2016-12-01 09:06:07.275613894,327
-41.72134262881135,173.83249134420691,4.7,2016-12-07 06:24:18.742175218,327
-42.295981723358366,173.75773491252843,4.1,2016-11-17 10:18:29.523079436,327
-42.33096432871166,173.44986710118138,4.5,2016-11-18 06:22:57.340930586,327
-41.76524908021661,174.25886919003673,4.5,2016-11-14 14:30:28.527243104,327
-42.2829563501346,173.76713894934255,4.4,2016-11-14 01:10:50.232828053,327
-41.926543086680496,174.47210872102167,4.8,2016-11-28 18:32:13.157995621,327
-41.749015789068,174.27214762323604,5.3,2016-11-15 17:36:42.640136113,327
-36.933221162480194,178.75506825868334,4.8,2016-11-16 12:25:53.346612565,327
-42.42302523200886,173.56935452963708,4.4,2016-11-14 00:52:31.714476401,327
-42.13607455391476,173.86494261271005,4.1,2016-11-20 00:56:19.831662050,327
-41.68698305020454,174.29836751082536,4.6,2016-11-14 00:21:17.402268237,327
-42.24046125325151,173.39804601733516,4.1,2016-11-15 16:35:48.438540777,327
-42.32336150019143,173.82943363691018,4.6,2016-11-14 00:28:37.543063978,327
-42.08209338525245,173.67286107515795,4.5,2016-11-21 18:04:16.262411789,327
-41.89664868348573,174.39668061216352,4.8,2016-11-29 09:04:20.102176894,327
-37.28826248748924,178.9109528681059,4.5,2016-11-15 04:05:19.161790,328
-37.68596061088493,176.72231775432596,4.4,2016-12-11 22:20:09.622495,328
-36.70248069636178,177.7112545102068,5.0,2016-12-13 08:21:15.678775,328
-37.27731926668473,178.86010694301743,5.1,2016-11-15 19:42:29.351186369,328
-42.37025086151455,173.19406383783743,4.1,2016-12-08 18:57:57.767572231,328
-35.62723940764806,178.22257820422706,4.3,2016-12-12 03:59:04.384503971,328
-37.09895253680473,179.24746142256828,4.2,2016-12-11 16:56:03.249204568,328
-45.18347634915659,167.38340127688616,4.6,2016-11-21 10:29:33.165663596,328
-42.14980547844284,173.46647526251454,4.1,2016-11-19 03:42:39.520819213,328
-41.84095375519398,174.16062519435394,4.3,2016-11-17 07:35:49.260571110,328
-42.32637109888706,173.51374419756092,4.2,2016-12-07 03:37:16.115990136,328
-41.72400478308794,174.33208465670745,4.7,2016-11-15 17:17:32.161087800,328
-42.187840037086815,173.25573941482767,4.2,2016-12-09 16:40:16.696394280,328
-38.82679336887318,175.75857756913155,4.1,2016-11-23 05:00:38.847888,329
-36.49521883479164,177.96050177273503,4.5,2016-11-25 11:35:52.099273,329
-37.66729715219677,176.1107925628675,4.8,2016-11-30 05:17:34.403616,329
-39.27990854115055,176.44369165061102,4.3,2016-12-08 22:49:00.605565545,329
-37.33193203610424,176.86101501326507,5.1,2016-11-15 01:40:16.236005433,329
-41.84061552844295,174.11598489786456,4.5,2016-11-20 11:54:40.693114155,329
-41.86459318270779,174.05520196460935,4.1,2016-11-27 22:47:41.683170360,329
-42.24116543020978,173.62001468874797,4.2,2016-12-12 14:24:17.747812058,329
-41.85394679843355,173.93199323236055,4.2,2016-11-20 00:36:25.422209350,329
-41.90228041475457,174.04104177873558,4.3,2016-11-14 18:48:42.559134122,329
-41.93661611556424,174.10957363179745,4.2,2016-11-27 16:47:48.628422536,329
-42.43176966388223,173.19927240131068,4.3,2016-11-14 19:27:30.208615967,329
-41.95261295805686,174.19331736815727,4.2,2016-11-14 01:51:09.462908753,329
-42.26530371654258,173.6259359068416,4.4,2016-11-14 23:53:17.234311794,329
-42.43645282319523,173.11682973150516,4.2,2016-12-07 17:55:02.923155506,329
-42.09939842490025,174.24864210539303,4.3,2016-11-22 07:00:48.744471,330
-42.14559372085999,173.98680373523965,4.1,2016-12-10 18:47:39.876243,330
-36.71843236389085,178.71113601992533,4.4,2016-11-23 19:59:58.423825869,330
-43.248363926161325,173.00255071773427,4.2,2016-11-14 13:52:02.711195745,330
-41.68991729798653,174.3370777340637,4.5,2016-11-17 14:20:25.637005155,330
-42.43868624663474,174.6789920556829,4.2,2016-12-06 05:20:47.386052103,330
-42.21895946986804,173.7189858831241,5.0,2016-11-25 19:15:17.385018214,330
-42.36971595287778,172.95519281171192,4.2,2016-11-15 19:08:43.235020068,330
-41.68448558538674,174.34796017348788,4.5,2016-11-16 02:53:46.577940503,330
-42.5816117077471,173.24183319638266,4.1,2016-11-18 03:12:54.975421673,330
-41.66537898288105,174.15303268236173,4.1,2016-11-20 04:03:42.850548198,330
-41.7971601298677,174.19160522592148,4.4,2016-11-20 17:23:42.244610822,330
-42.05401982308129,174.02228235043052,4.1,2016-11-25 14:53:23.764389,331
-39.294426726865645,173.7664380330349,4.6,2016-11-16 22:05:34.490117495,331
-42.015747882675534,173.66722390597056,4.9,2016-11-15 00:45:32.682510217,331
-41.82780358458526,174.2469730992592,4.3,2016-11-23 10:22:04.489248335,331
-42.1895851608374,173.60071347155804,4.1,2016-11-17 16:25:04.232286179,331
-41.74459443284199,174.25934799290562,4.2,2016-11-14 10:33:58.467450720,331
-42.4340416990247,174.33184895354464,4.5,2016-11-15 11:21:14.102799618,331
-41.54408666078069,174.5647914203853,4.1,2016-11-20 19:59:14.462258238,331
-43.65587453774843,172.31361551092863,4.1,2016-11-30 07:20:53.991006,332
-36.4814183712661,176.96786569077688,4.8,2016-12-01 22:20:42.468843,332
-36.994104140015246,177.65933833720928,4.5,2016-12-07 08:26:41.050893,332
-39.44032630056815,174.42122472799085,4.7,2016-12-09 16:18:54.753725,332
-46.10502757926504,166.0299868300402,4.3,2016-12-07 04:02:46.557348837,332
-37.04671132309456,179.23988041416342,4.1,2016-11-25 05:44:51.297287706,332
-42.50561105558992,173.54578825340457,4.3,2016-11-16 03:11:51.892669306,332
-41.80763824149908,174.0465392828519,4.2,2016-11-14 09:33:14.994212613,332
-42.56036497393488,172.87877554581596,4.4,2016-11-17 13:08:39.173042575,332
-42.27798215025613,173.66579455198786,4.9,2016-11-15 16:07:40.608912240,332
-42.371176422065325,174.01641019708254,4.4,2016-12-04 11:47:17.401958289,332
-41.75006894074437,174.37647690016917,4.1,2016-12-12 21:14:16.431181011,332
-42.65632974998567,172.73740239739905,4.6,2016-11-20 11:43:39.388042086,332
-42.65360399528814,172.66738548393627,4.1,2016-11-20 12:34:48.842451547,332
-40.439184523410816,173.34729120730407,4.2,2016-11-18 13:45:24.151716,333
-37.34225413408126,177.35743646949487,5.1,2016-11-21 12:41:28.112469,333
-37.15536732292412,176.7092953125928,4.2,2016-11-22 17:02:17.756793,333
-38.57893956272651,176.03359759797337,4.8,2016-12-09 04:02:50.707887,333
-37.40695689807121,176.5615689432764,4.1,2016-11-16 17:00:59.486992309,333
-37.46815421997525,178.91842665138964,4.4,2016-11-15 09:16:32.215018655,333
-42.26513605627376,173.52053673270032,4.5,2016-11-18 14:30:50.255994765,333
-42.22973310243011,173.86869309397022,4.1,2016-11-29 11:57:51.362527419,333
-42.28818451773449,173.71174945697268,5.4,2016-11-15 16:44:49.035539669,333
-41.7078242311841,174.2733177919663,4.1,2016-11-14 02:08:21.452792258,333
-42.36904189776983,173.89940938357233,4.1,2016-12-10 13:43:55.342502805,333
-42.46393073128189,173.9879098548743,5.1,2016-11-15 00:57:09.134082607,333
-41.71093540109413,174.39086487107508,4.3,2016-12-04 13:00:00.647022717,333
-37.92237262547064,179.06517508124472,4.7,2016-11-15 13:56:45.422175,334
-38.89076504648569,176.29667804893708,4.2,2016-12-06 22:06:31.606702,334
-41.550185673124176,174.40155827955172,4.7,2016-12-07 10:46:53.827377569,334
-42.73794219969712,172.45083588127318,4.1,2016-11-29 14:48:20.216436356,334
-42.53811117169281,173.06900127180873,4.7,2016-11-21 16:19:33.349110594,334
-42.11247469654419,174.62826383042324,5.7,2016-11-28 20:24:16.677556331,334
-42.374025860072486,173.3565348855375,4.5,2016-11-22 23:17:57.284560759,334
-45.12154973433165,174.50495190101302,4.1,2016-11-16 17:16:32.078946291,334
-42.50728648886305,173.10804730214866,5.3,2016-11-19 06:03:39.981707199,334
-42.40335109627488,173.75631431248286,5.0,2016-11-15 18:42:58.919699659,334
-42.27086000156243,173.72557350293974,4.3,2016-11-23 00:53:23.783134463,334
-42.06991240951349,174.06466627970266,4.1,2016-11-15 01:59:18.438633265,334
-42.34169589214899,173.910292348603,4.6,2016-12-02 05:15:57.214237155,334
-41.81445906107994,174.15114277826797,4.3,2016-11-14 14:59:53.255493676,334
-42.3184829687704,173.90342422079027,4.2,2016-12-03 11:47:06.236666176,334
-44.45007198729394,167.74114636326846,4.1,2016-11-23 12:30:11.441864,335
-36.87339441767728,177.63182320178302,4.1,2016-11-27 12:37:22.865816,335
-40.51318892892106,174.66341630342998,4.8,2016-11-30 18:41:01.554880,335
-37.31393560504621,177.39964150914508,4.5,2016-12-01 20:11:36.466858,335
-37.391341396716825,178.975145363006,4.7,2016-11-28 10:10:00.652180421,335
-41.69402074990783,174.23203355706917,4.1,2016-11-15 00:04:29.068860064,335
-41.73051510279861,174.3053498435617,4.5,2016-11-18 21:34:07.503122323,335
-42.33826647260881,173.65244126107953,4.2,2016-11-14 04:06:04.028841971,335
-42.37024058293682,173.54252672638475,4.7,2016-11-14 13:48:22.060241869,335
-42.400129496351006,173.51135105496957,5.0,2016-11-14 13:48:35.065960506,335
-41.2361695913464,174.51981592857507,4.8,2016-11-22 19:41:08.737100,336
-44.159670037861055,167.37799389218998,4.2,2016-12-03 17:17:54.100401,336
-43.13172335576579,172.54184910556515,4.1,2016-12-13 21:15:51.149478655,336
-41.92360899551626,174.4238341759824,4.2,2016-11-19 02:02:03.463180823,336
-41.81964873513286,174.03202978197592,4.3,2016-11-20 17:41:06.465399840,336
-42.66786213263897,172.91901051919902,4.6,2016-11-21 17:37:36.068050281,336
-41.867041088042654,174.02693084982494,4.1,2016-11-22 09:10:00.092453884,336
-42.1409188029801,173.91969673807208,5.7,2016-11-14 10:28:17.652174896,336
-35.5230696658604,177.8147061631353,4.2,2016-12-03 05:10:32.032532,337
-43.04499510579805,173.3767327111475,4.3,2016-11-15 10:11:11.889026960,337
-42.19507130409009,173.36415696843832,4.1,2016-12-10 11:33:01.281003500,337
-38.23645585679744,176.18752306887473,4.3,2016-12-01 10:19:10.325207,338
-38.27787071577215,176.27140083104106,4.6,2016-12-04 20:17:18.616627644,338
-42.16226491546084,173.8356582979086,4.2,2016-11-23 13:14:50.303895281,338
-41.65486466902665,174.31746631585582,4.1,2016-12-01 06:31:10.708666781,338
-41.89985663780862,174.10880547869635,4.2,2016-11-15 01:41:38.415948878,338
-41.91798412690048,173.93680864175766,4.1,2016-11-16 07:38:30.765270216,338
-41.81875465760121,173.9529947672803,4.4,2016-11-14 21:40:58.562736292,338
-42.3205934002979,173.60145293516288,4.1,2016-12-05 06:53:02.459245576,338
-41.1206258102052,170.52126806957432,4.6,2016-11-16 20:07:21.095860264,338
-41.84928531907116,174.0830850188814,4.2,2016-11-19 20:41:43.179264500,338
-41.917177936802254,174.14112046415778,4.9,2016-11-15 01:57:38.354623340,338
-40.23185348323037,173.832037889766,4.7,2016-11-21 13:01:56.450446,339
-36.88822082390375,176.93078774164428,5.8,2016-12-11 13:42:07.716448,339
-36.48831968006793,177.68890441178027,5.6,2016-12-12 22:03:54.756465,339
-37.24650492982004,178.96920702379157,4.2,2016-12-04 18:06:56.096247066,339
-41.94252365389384,173.8776964928064,4.2,2016-11-14 03:04:05.281558466,339
-42.17539096282226,173.7122719581388,4.1,2016-11-14 00:32:11.024733198,339
-41.73896456412037,174.33146915099346,4.6,2016-11-24 11:40:51.029163396,339
-42.12131613025697,173.63418491133916,4.1,2016-11-14 05:29:22.187994044,339
-42.388312370582135,172.8558164772993,4.1,2016-11-14 04:57:50.300855762,339
-41.769629106154994,174.1732173960011,4.3,2016-11-14 02:30:20.954920630,339
-42.36518149819488,174.13513320403834,4.1,2016-11-19 08:17:22.718819258,339
-41.75107580322193,174.24768691140196,4.5,2016-11-26 18:40:30.072368581,339
-36.80511882386763,177.56788233706004,4.1,2016-11-18 14:32:57.179054,340
-41.80795711960257,173.83502512669227,4.7,2016-11-21 11:03:50.759909,340
-45.37583425215831,167.35883736085265,4.2,2016-11-30 08:06:30.758094,340
-36.7346133140929,177.65183991648257,5.3,2016-11-30 21:44:25.990513,340
-45.96718251404261,166.4494359916671,4.3,2016-12-04 09:59:03.502893,340
-37.26445603757142,178.94310781288314,5.1,2016-11-14 11:58:46.683936371,340
-42.64521329215602,172.83143449456236,4.4,2016-11-15 01:55:02.247568616,340
-41.74645357769501,174.27981460507849,4.1,2016-11-15 19:26:37.131591213,340
-42.51402204867438,173.66556441666287,4.1,2016-11-21 09:38:25.875504126,340
-42.569492960501385,173.3464724671698,4.2,2016-11-14 07:53:11.312055105,340
-42.267771557832965,173.77323996409106,4.1,2016-11-14 00:43:23.589743081,340
-42.29202627807882,173.8678247467955,4.4,2016-11-22 20:03:51.099262936,340
-42.256686468672136,173.6196302350439,4.6,2016-11-18 04:16:21.623475194,340
-38.1909206919613,176.17353673179943,4.7,2016-12-06 09:02:39.455239,341
-43.54983286557126,169.9857371600835,4.6,2016-12-08 17:52:46.429139,341
-37.44214795047034,179.03589699522163,4.7,2016-12-11 14:04:54.730674723,341
-42.44334951365133,173.8002681304382,4.4,2016-11-14 12:27:58.110521554,341
-41.76567416892188,172.5264915594919,4.1,2016-11-15 04:37:14.698299075,341
-41.97276145161072,174.27158519342527,4.7,2016-11-27 21:35:58.045928060,341
-41.8205301665052,174.20803804765933,5.2,2016-11-15 06:52:01.545147083,341
-42.24563959572815,173.9406047364768,4.4,2016-11-14 11:33:36.308490635,341
-41.99446944736634,174.03903403216555,5.0,2016-11-14 06:27:06.204677363,341
-41.821291781574764,174.1431769488749,4.1,2016-11-27 06:09:43.064830068,341
-41.67206699542498,174.30328271987142,4.2,2016-11-18 13:18:13.158657846,341
-41.71988070782372,174.22577361263265,4.3,2016-11-15 08:53:52.100373957,341
-42.37962582766868,173.88052091682647,4.3,2016-11-30 14:54:03.850915720,341
-36.965700346541546,177.54449378835267,4.2,2016-12-09 11:01:44.385586,342
-38.2522842953252,176.36669062186178,4.6,2016-11-23 13:55:55.858380304,342
-41.971086347702034,173.76590201551826,4.6,2016-11-17 03:39:12.442928552,342
-42.63449652638326,172.935849041458,4.7,2016-11-28 20:14:58.455163726,342
-41.93178233533396,173.78046596298393,6.0,2016-11-20 06:58:17.814642038,342
-41.84095384135421,173.98334577139784,4.1,2016-12-02 15:02:41.782034472,342
-42.6956626271542,172.90542766863314,4.3,2016-11-17 01:54:52.350709314,342
-41.74752056202261,174.25592356137662,4.2,2016-11-20 01:01:40.737169975,342
-42.13146068556048,173.78833152447842,5.2,2016-11-14 09:45:58.016932998,342
-42.67118048247068,172.80009648528963,4.3,2016-11-14 15:21:33.481230383,342
-45.20179684715877,167.02852675687265,4.4,2016-12-06 08:00:18.946504,343
-37.73030948748627,179.37007807740864,4.7,2016-12-07 14:17:20.266400,343
-38.55448559633061,175.46502677576495,4.1,2016-12-10 20:10:18.415537,343
-38.199087277804125,176.3248364116857,5.2,2016-12-13 13:14:53.758017,343
-42.65428530256179,172.98737095941442,4.1,2016-11-23 01:44:19.504378340,343
-42.172080559983925,173.66357779901273,5.2,2016-11-16 18:31:17.489283646,343
-42.68226765818585,172.85316151625318,4.1,2016-11-16 15:23:38.154413081,343
-36.003120392365,178.21060783444557,4.1,2016-11-17 20:39:22.180149,344
-37.28620349444866,176.73060776968518,4.3,2016-11-18 02:28:39.686806,344
-35.326402477868534,178.6831050797409,4.1,2016-11-19 17:11:40.863280,344
-35.11742757618234,179.20780675897234,5.0,2016-11-30 08:21:00.214371,344
-45.1148226914444,167.49424282981363,4.5,2016-12-09 20:02:50.314913,344
-39.22642913600081,177.3938506354805,4.4,2016-11-24 20:47:02.410492376,344
-37.34668499395139,178.99171530038382,4.1,2016-11-24 07:41:17.718987610,344
-42.89305292689903,173.63316121684693,4.2,2016-11-17 15:55:43.440664307,344
-42.4848754269363,173.49195680042936,4.1,2016-11-28 13:54:02.723198062,344
-41.74513291237351,174.33555413435664,4.1,2016-11-19 13:03:22.302032947,344
-38.65047748468184,175.8977274907923,4.6,2016-11-28 06:57:31.320325,345
-42.115444159226335,172.79208014810257,5.2,2016-12-09 03:47:03.050703,345
-38.704838840439386,175.97411130548758,4.6,2016-11-28 06:58:02.955886208,345
-41.91087964785361,173.69436940990153,4.3,2016-12-05 20:26:45.407567287,345
-41.79351096028699,174.03372994254192,5.0,2016-11-14 02:17:32.145088332,345
-42.16314049315676,173.71074482599016,4.5,2016-11-22 06:21:42.299606733,345
-41.7959699955415,174.19274500822291,4.2,2016-11-21 12:10:06.104401086,345
-41.786880846251,174.50017147134994,4.4,2016-11-14 03:20:32.657978333,345
-42.06722040752292,173.81080314315548,4.4,2016-11-20 02:14:12.293174895,345
-41.75082279528974,174.2601803928367,4.3,2016-12-08 21:35:44.860881338,345
-42.45810163628217,173.31586112763696,4.1,2016-11-20 13:39:47.428821465,345
-38.5841980208645,175.95934957491744,4.2,2016-11-28 08:17:08.701800201,345
-41.70015120777703,174.30461110390948,4.6,2016-11-22 00:00:40.952233108,345
-38.35280546469743,175.93462710605132,4.1,2016-11-28 15:46:12.248526,346
-37.13925536017442,179.22695411605173,4.5,2016-11-17 05:02:25.726605169,346
-42.4587495485011,173.0822064534077,4.4,2016-11-29 02:17:25.356907020,346
-42.264037293112736,173.67134947657934,4.2,2016-11-17 06:55:59.875032485,346
-41.75877709354327,174.30590270464816,4.8,2016-12-03 06:05:15.725020763,346
-42.34266682653468,173.13707359971295,4.5,2016-11-20 09:00:08.744666029,346
-45.17338859641821,167.51560077091185,4.5,2016-11-20 07:27:21.597173,347
-41.62417048429322,178.03705366417842,4.1,2016-12-07 22:50:51.278048281,347
-41.74796294562806,174.16023310777132,4.2,2016-11-14 17:54:12.243131999,347
-41.79432019130723,174.42407074422698,4.4,2016-11-18 22:13:51.102447798,347
-41.71148500033259,174.28701086154882,4.9,2016-11-22 01:09:07.783120809,347
-42.37642963100583,173.14131889698336,4.2,2016-11-22 05:37:58.575313884,347
-42.28499505746501,173.6243788815639,4.4,2016-12-11 13:22:27.006907591,347
-41.80209828331096,174.2502256408256,4.2,2016-11-15 03:20:21.866219899,347
-41.9631988582556,174.08033367506815,4.5,2016-11-14 09:02:32.817226960,347
-41.70874519781657,174.28972723693877,4.7,2016-11-14 03:57:55.634433712,347
-42.10987102744698,173.70604344260724,4.6,2016-11-18 10:23:49.325304878,347
-41.70890393679356,174.29816272931896,4.1,2016-11-14 05:05:06.436433216,347
-41.66257700953639,174.37852216451182,5.2,2016-11-26 09:03:03.845870201,347
-44.707286701406645,167.9537738100573,5.1,2016-12-09 17:46:54.690438,348
-37.08124391923168,178.977739057658,4.1,2016-11-18 22:03:23.299883872,348
-42.27863702643945,173.9055432416134,4.2,2016-11-16 08:54:46.874018067,348
-42.24383089990069,173.59614821084946,4.8,2016-11-20 10:59:44.994266560,348
-41.8417852906146,174.2756983605649,4.1,2016-11-15 15:50:33.031689960,348
-41.77372202533961,174.33875776024087,4.2,2016-11-18 07:15:56.792107710,348
-41.74052634754538,174.21345825133196,4.1,2016-11-14 06:55:05.512597794,348
-42.684201328643695,172.70895479276103,4.2,2016-12-09 08:19:42.433175474,348
-37.86689034576679,179.715251996899,4.2,2016-12-01 08:58:17.032218,349
-35.82489619490959,179.63795233942545,4.1,2016-12-02 12:04:15.362742,349
-36.82508251600873,176.9784759512527,4.1,2016-12-12 19:37:34.419664,349
-36.98968933717613,178.93517081776145,4.8,2016-12-03 01:12:57.581933518,349
-42.66551034877512,172.97389698529358,4.3,2016-11-14 09:59:02.701404880,349
-41.80208931650954,174.2546725600716,4.1,2016-11-14 12:19:42.282473496,349
-42.36518493500053,173.54189997030568,4.2,2016-11-14 03:57:52.304018622,349
-41.70587772072053,174.3771952055333,6.2,2016-11-15 09:50:42.721288197,349
-41.831582155848736,174.20123255097803,5.7,2016-12-10 22:23:32.831984966,349
-41.82841846724608,173.7965345816913,4.7,2016-11-16 01:49:06.843482792,349
-41.70206196913587,174.17255767545123,4.4,2016-11-15 12:15:05.600864802,349
-42.38830409657293,173.51895591448908,4.6,2016-12-09 19:56:34.370943281,349
-35.857394913947466,178.09146070909824,4.1,2016-11-16 08:42:47.232348,350
-44.863038581894095,167.31092873696343,5.3,2016-11-17 02:24:10.399035,350
-45.07626511490225,167.36541060367867,5.0,2016-11-18 16:10:07.013382,350
-39.73281893422681,176.62001510001878,4.1,2016-11-20 02:05:11.526030,350
-39.42175334545586,177.12850004500058,4.3,2016-11-23 04:08:05.074223,350
-41.43190287017661,174.3421052874771,4.3,2016-12-05 10:23:13.285385,350
-42.49868572961438,172.8798365706739,5.2,2016-11-14 02:35:42.858929103,350
-41.85473528802768,174.23551067288705,4.5,2016-11-22 22:14:40.024370610,350
-41.75283139085425,174.32028159184716,4.2,2016-11-30 13:42:34.874672802,350
-42.073094059670986,173.85100662960892,4.6,2016-12-01 08:35:51.208731588,350
-42.23445339490059,173.6447774877948,4.1,2016-12-01 13:54:29.395519129,350
-42.21616545164516,173.9457226259426,5.0,2016-11-16 04:54:02.301302182,350
-42.067049042989126,173.74785138468658,4.7,2016-11-22 13:55:11.481913250,350
-46.20465616527488,165.45567115980637,4.3,2016-12-03 02:20:14.428282,351
-38.92342227311177,176.8131292956811,4.5,2016-12-09 02:01:02.815034,351
-37.797127270861616,176.88328085754347,4.5,2016-11-21 06:08:28.707310028,351
-42.15786565736608,173.47860253309483,4.5,2016-11-27 08:39:54.140414371,351
-41.61947115872343,174.32142426607848,4.2,2016-11-29 20:14:19.706686390,351
-42.43719378798478,173.30082577383143,4.3,2016-11-14 05:56:32.493066069,351
-42.681394827313966,172.76379853217736,4.1,2016-11-25 00:33:18.197193398,351
-42.39622456905584,173.121988083596,4.6,2016-11-29 02:03:57.590635374,351
-36.54777860088023,179.2849877916976,4.3,2016-12-03 08:32:00.192600852,352
-41.70681253856367,174.29232552220964,4.4,2016-11-14 22:45:35.813888867,352
-42.69550177989758,172.91476060557918,4.2,2016-12-01 22:01:39.830455618,352
-41.89835529409109,174.029541644276,4.9,2016-11-16 00:08:07.693820822,352
-36.74933612713279,177.13889501451538,4.4,2016-11-24 06:25:50.688451816,353
-35.17749762847496,178.8045638966178,4.5,2016-11-18 04:33:26.249920181,353
-43.47715987204606,172.26273358156337,4.2,2016-12-13 07:59:06.050157837,353
-42.71429562984096,172.72781253503604,4.5,2016-11-15 20:50:07.564644908,353
-42.63807247893733,173.03846373830416,4.3,2016-11-15 00:36:42.579155630,353
-42.245350519511305,173.8271387291115,4.4,2016-11-29 00:59:12.563470400,353
-41.68607463229646,174.31937367331662,4.2,2016-11-14 22:23:15.095666118,353
-42.67758653612091,172.8469677998093,4.8,2016-11-14 11:04:26.514560327,353
-41.76118270730274,174.12651609360867,5.7,2016-11-14 22:57:23.489045041,353
-42.36350439061064,173.0744922383001,5.0,2016-11-15 10:37:40.212864639,353
-42.633298936840944,173.05006314223246,4.5,2016-11-15 16:07:20.490711047,353
-37.11749736431113,177.8226413804745,4.3,2016-11-16 08:08:10.387815,354
-38.02428347400421,179.25477943771506,4.3,2016-11-16 06:17:23.547227056,354
-35.52565807053665,179.48161232884962,4.2,2016-12-03 11:16:15.086943942,354
-42.56672041772483,173.03950020205548,4.4,2016-11-14 17:08:48.538504586,354
-41.74682543662052,174.27134359109792,4.7,2016-11-21 10:22:42.986503334,354
-41.72800190179717,174.5099995919814,4.1,2016-11-15 21:28:59.556372023,354
-41.74865629574694,174.32190928151007,4.9,2016-11-15 09:09:40.874199863,354
-41.82171014837533,174.5223177798116,5.3,2016-11-24 10:37:21.057517505,354
-42.11661528741747,173.68247352837167,4.3,2016-11-16 20:11:00.140569417,354
-42.42004485756576,173.54304995884385,4.2,2016-11-15 22:49:14.541439926,354
-41.74299836237746,174.47533708489905,4.2,2016-11-21 10:30:22.867845593,354
-41.17573144837787,172.6562035383458,4.5,2016-11-28 07:20:32.260410,355
-43.57972806825047,172.72115770298225,4.1,2016-12-02 09:05:24.307108121,355
-42.60604126430569,172.96337054467708,4.2,2016-11-14 14:19:53.051912743,355
-42.51648991603707,173.23218152684035,4.1,2016-12-08 20:14:03.536126070,355
-41.95373755046169,174.15326488828447,4.3,2016-11-14 14:55:13.251212999,355
-41.71450806416616,174.20689579302768,4.2,2016-11-15 06:36:32.751360261,355
-41.74434792623174,174.17259782172178,4.2,2016-11-14 15:54:32.159794759,355
-42.26039919399316,173.9196861747445,4.5,2016-12-07 21:02:23.662734824,355
-41.816487433086834,174.1988665122229,5.2,2016-12-02 23:32:37.648355609,355
-42.59430011594594,173.3474735599852,4.3,2016-11-14 04:21:39.832078738,355
-42.5249672515564,173.35616420571367,4.2,2016-11-15 13:53:00.272359356,355
-42.64658019839132,172.8121046312341,5.8,2016-11-20 06:11:24.050093415,355
-41.15434100032593,171.89591414480674,4.1,2016-11-19 23:19:59.673597,356
-37.910591168815095,178.95373353784703,5.0,2016-12-02 15:47:35.997820,356
-35.48918427051485,179.2000959579575,4.3,2016-12-12 02:45:58.361611716,356
-38.50706582086635,175.40649922856295,4.1,2016-11-20 15:24:49.184684728,356
-42.14548640647483,173.630669965867,4.7,2016-11-21 11:46:56.968701141,356
-42.46021493050319,173.72638151758997,4.1,2016-11-14 07:39:52.926211576,356
-41.72168239954222,174.14228441746567,4.4,2016-11-16 02:10:49.799314428,356
-41.77677180150785,174.3217345645075,5.0,2016-11-28 07:54:21.016326413,356
-41.72089175632201,174.281366223022,4.5,2016-11-23 10:51:14.374280768,356
-42.62488034896904,172.75033926175527,4.2,2016-11-17 23:44:37.592329640,356
-41.01304685603896,173.8824918411786,4.4,2016-12-07 11:11:36.125714,357
-35.89163845521887,178.11977330682691,4.2,2016-12-05 18:22:34.722647082,357
-41.88750943299094,174.04163442920498,4.7,2016-11-28 12:15:22.078371272,357
-42.47879741243984,173.20902103928984,4.1,2016-11-15 08:42:10.501952055,357
-42.25039052437047,173.73349398176666,4.3,2016-11-14 08:22:57.556973284,357
-42.00134400775681,174.28985808345246,4.5,2016-11-22 04:29:22.145513386,357
-37.38870666981552,178.34863611178005,4.2,2016-11-17 03:54:47.206615,358
-37.57405527330629,175.91394313586193,4.5,2016-12-05 21:21:45.675108,358
-45.97153010229761,165.47826381285643,4.1,2016-12-09 05:54:11.681377,358
-38.382961518359984,176.14494099536378,4.3,2016-12-01 18:57:59.142775569,358
-42.44538413574026,173.0888144272685,4.2,2016-11-21 11:47:16.578780636,358
-41.79108244846699,174.2443697473677,4.2,2016-11-19 19:45:32.159408622,358
-42.18625104940215,173.8395253964634,4.1,2016-11-29 18:40:46.801978929,358
-41.8768069394644,173.91477403417105,4.2,2016-11-14 15:59:38.111701606,358
-42.2340124364104,173.71807548705112,4.5,2016-11-17 08:53:17.986756431,358
-42.20359339093771,173.63984223176507,4.4,2016-11-14 00:27:59.297212913,358
-42.38168272273176,173.58947217510277,4.2,2016-11-14 07:51:25.518304967,358
-42.304962082841634,173.92921263236022,4.3,2016-12-03 06:44:31.351532469,358
-41.66439824237833,174.45973530980197,4.9,2016-11-14 03:11:27.177649822,358
-41.72969355431898,174.21837204773576,4.2,2016-12-06 12:56:41.634180712,358
-35.55255762173798,179.46731676278412,4.2,2016-11-14 02:28:21.181091,359
-37.88504066039424,175.58926194986262,4.5,2016-11-24 23:38:50.320546,359
-43.72165785382216,172.38432253706424,4.1,2016-11-30 20:23:26.124438,359
-41.97573561286032,173.6828771176765,4.8,2016-11-15 03:32:18.615687223,359
-42.54069099673995,173.10579066947048,4.4,2016-11-26 20:27:05.697214280,359
-42.18984695450933,173.45493014938123,4.5,2016-11-14 22:34:09.391546929,359
-42.24103449111431,173.75606944772954,4.1,2016-11-29 18:19:56.940733065,359
-42.70600768457775,172.98222114030278,4.9,2016-11-28 03:48:45.495911970,359
-41.72541966949704,174.24504554690975,4.5,2016-11-15 15:28:57.598235092,359
-37.82999811504705,179.9391666294715,4.2,2016-11-14 04:13:56.187233,360
-38.85913870689179,174.66218131405776,4.2,2016-11-19 01:59:43.270044,360
-34.69360895503531,178.18169667096748,4.5,2016-12-09 00:53:10.296049,360
-38.16922762470188,176.07901227614795,4.3,2016-11-15 14:43:48.190810756,360
-39.02596456778227,174.81827710157543,4.6,2016-12-06 20:40:21.068276103,360
-42.51890693855031,173.6833790885935,4.1,2016-12-06 11:08:08.677354935,360
-38.845654394079325,174.88183357106735,4.6,2016-11-21 05:20:44.142479639,360
-42.53032753845383,173.02675335881986,4.1,2016-11-17 11:57:04.711358637,360
-41.92929771947431,174.24142291917985,4.3,2016-11-16 11:47:08.271648123,360
-41.679818675150976,174.3574799227498,4.1,2016-12-05 06:15:01.834922197,360
-42.22308090841573,173.56444916477932,4.5,2016-11-30 19:15:39.181540148,360
-41.70577797915686,174.40079979512524,4.2,2016-11-17 23:01:31.645208367,360
-42.363812847293744,174.36224768408928,4.5,2016-11-15 07:29:50.060091467,360
-42.070824193309946,177.0113791820078,4.5,2016-11-20 20:33:27.887253818,360
-41.68199057628823,174.35627065235744,4.8,2016-11-17 23:11:46.668789488,360
-41.86302601352504,174.281808149743,4.1,2016-11-17 23:12:13.277629031,360
-36.785946636226384,176.4188854256668,4.2,2016-12-06 08:44:26.979753,361
-42.46470629378114,173.7239615070536,4.5,2016-11-19 02:39:30.524503561,361
-42.13056387054796,173.848889004865,4.2,2016-11-15 08:12:22.126754432,361
-41.94377843334596,173.95022134772086,4.7,2016-11-16 04:16:40.463810340,361
-41.766631554457874,174.37249844099745,4.3,2016-12-03 04:13:27.371848832,361
-41.68875351221552,174.04474685351033,4.4,2016-11-24 11:52:08.101931327,361
-42.53635385367426,173.11808934343554,4.2,2016-12-09 02:28:47.299857579,361
-41.94635336642017,173.93560844732946,4.2,2016-11-16 06:37:51.497078454,361
-41.59656475262869,171.77857956446684,4.7,2016-11-16 06:45:53.269721,362
-42.15367534216741,173.83363892453752,4.2,2016-12-05 22:26:28.878983150,362
-41.94159394907428,174.0517536044488,4.6,2016-11-20 03:59:32.307610951,362
-42.2908497039949,173.83489749674334,4.1,2016-11-14 05:52:27.020287026,362
-41.671285125112085,174.3328029481207,4.2,2016-12-06 01:14:35.471159825,362
-41.91044728132552,173.41325435161855,4.2,2016-11-14 21:37:18.896811987,362
-41.72381734081277,174.28728894217596,4.3,2016-11-14 02:53:08.737806563,362
-42.12993919907498,173.85776420644518,4.8,2016-12-09 18:14:34.403666221,362
-38.36658706603893,177.5306410522284,4.1,2016-11-14 14:44:16.700289118,363
-42.59824290835952,173.25780103510942,4.4,2016-11-14 05:34:11.522432155,363
-42.66374206451994,172.93071780435798,4.1,2016-11-22 14:21:57.649882168,363
-41.88457103566393,173.96956880918748,5.0,2016-11-15 20:45:12.427886409,363
-41.74234165783993,174.1361278463275,4.1,2016-12-07 22:12:13.957619065,363
-42.3665851550992,173.45258902359197,4.3,2016-12-09 11:19:53.667487824,363
-42.40236564915693,173.72842981871867,4.3,2016-11-14 07:06:47.855871476,363
-41.69464390015453,174.28178047435156,4.1,2016-11-14 23:06:55.658140440,363
-42.704977799819645,173.0322791291144,4.1,2016-12-01 20:43:45.420547927,363
-42.65102984052455,172.82251158126974,4.7,2016-11-26 09:59:33.196828463,363
-42.39057282817304,173.5552567465677,4.2,2016-11-18 03:41:05.683865997,363
-37.189353006744426,177.45311478865074,4.1,2016-11-23 02:43:01.475953,364
-36.812820597197614,177.2854602174278,4.2,2016-12-01 06:17:41.880465,364
-37.58655599633227,177.62597492797184,4.5,2016-12-06 10:25:05.384849,364
-35.25315119883974,178.87743185895258,4.6,2016-12-06 18:02:56.345045,364
-40.44481202860986,176.64644068427543,4.2,2016-12-09 17:12:52.247018,364
-41.89299915452891,173.76839134602213,4.7,2016-11-18 08:00:29.621312760,364
-42.0380946970906,173.78702708040933,4.1,2016-11-25 10:11:05.333749026,364
-42.29736902143591,173.8565476164898,4.4,2016-11-15 18:43:58.872474630,364
-41.75138627120634,174.25123894354348,4.1,2016-11-14 14:23:09.694297022,364
-42.6481061523118,173.79193780298806,5.7,2016-11-28 19:22:15.392959416,364
-42.55780657300081,173.34697225883073,4.2,2016-11-14 19:17:04.946470664,364
-42.38009192030605,174.0112402049002,4.1,2016-11-14 05:04:07.712013503,364
-42.093435337872144,172.82504479503942,5.8,2016-12-10 15:06:21.684649930,364
-45.39817153457011,166.6138791724383,4.1,2016-12-03 21:07:41.636988,365
-36.12756138205594,178.87739951468134,4.3,2016-12-01 22:44:36.728771055,365
-42.15284367532804,173.647230894105,4.3,2016-11-15 07:06:30.702846290,365
-42.22695486954354,173.56198899356946,4.1,2016-11-14 01:03:11.806586404,365
-41.769082149864914,174.24794738282225,4.1,2016-11-17 11:14:53.067103298,365
-42.64361136964345,172.91965357525342,4.4,2016-12-09 05:05:01.661687385,365
-42.27622116968024,173.73513692809578,5.1,2016-11-27 03:36:16.894480880,365
-41.69992378389316,174.2154345986883,4.5,2016-11-22 04:13:25.968882402,365
-41.8303021184055,174.44029228562374,4.1,2016-11-21 11:00:28.157463080,365
-42.507384987578426,173.80734493726692,5.3,2016-11-14 17:34:05.798613634,365
-42.278710696025286,173.4707095037479,4.2,2016-11-17 02:01:53.416266865,365
-41.57776185940848,174.13428655979806,4.1,2016-11-14 03:06:11.811386716,365
-42.46766239664437,173.85727889014964,4.1,2016-11-16 00:53:30.344345955,365
-37.68228892669296,176.28635932732706,4.4,2016-12-01 20:55:51.998492,366
-41.62502631792564,174.4058253435797,4.1,2016-12-02 17:14:19.647388,366
-41.76423697570378,174.3308210712476,4.1,2016-11-26 20:43:41.011120788,366
-42.47042580290475,173.4365177696394,4.3,2016-11-29 13:31:22.314713497,366
-37.94877586513847,179.36094211886763,4.7,2016-11-22 08:43:30.641788,367
-38.36271827918934,175.8636293024451,4.2,2016-11-25 04:52:05.311451,367
-36.90066813638633,179.34563522440146,4.7,2016-11-23 17:13:51.066393955,367
-42.353498377609895,173.7545280100728,4.2,2016-11-14 07:52:24.612613220,367
-42.325645562365374,173.4394427045744,4.1,2016-11-26 09:11:22.795909175,367
-41.742645541448496,174.26538134066456,4.4,2016-11-17 17:10:32.240954326,367
-42.05024827810604,173.65082715405993,4.4,2016-11-14 02:47:46.396692909,367
-45.33219732058138,167.1899180755534,5.7,2016-11-24 18:19:31.779007,368
-36.22147286881143,177.40169169355494,4.2,2016-12-02 16:00:40.021904,368
-43.97821537474997,168.22321468884562,4.7,2016-12-02 19:56:48.540278,368
-37.41034084730026,177.59819802994426,4.1,2016-11-19 16:52:48.376099744,368
-41.732387047402014,174.05459972889545,5.0,2016-11-26 03:33:55.904969742,368
-37.22288526509529,178.83124789200855,4.5,2016-12-03 01:30:00.383790135,368
-42.68361459367868,173.08602827967636,5.3,2016-11-14 00:35:23.084605706,368
-42.59436382051732,173.20100977931114,4.1,2016-11-23 14:45:33.679386527,368
-41.556439513565536,174.26605013404097,4.1,2016-11-16 09:56:15.220897030,368
-41.70004532944841,174.31369908589684,4.3,2016-11-16 02:25:24.044824831,368
-41.848841071067255,173.98393611410677,4.5,2016-11-15 20:18:58.338625245,368
-42.4672740253285,173.21484708473082,4.1,2016-11-16 22:37:03.096115881,368
-42.271080787566646,173.68546647148173,4.9,2016-12-13 20:35:48.110462426,368
-41.69293747589697,174.2156574213614,4.2,2016-11-18 22:09:04.953556626,368
-42.77112325129573,172.762876533737,4.5,2016-11-18 10:07:17.551531896,368
-37.12556086200385,179.3349401346114,4.1,2016-12-12 01:30:56.279895304,369
-42.54958190683303,173.41820303690193,4.3,2016-11-20 05:13:23.368050664,369
-42.15248743747334,173.6405489474605,4.4,2016-11-22 11:16:20.412589312,369
-42.20350651450082,173.49737420227933,4.6,2016-11-14 08:21:19.454482613,369
-41.69978507744358,174.2370044010207,4.1,2016-11-26 02:14:04.687826515,369
-42.418570301123225,174.12742118029843,4.3,2016-11-14 06:18:57.152768504,369
-42.15892087442006,174.0541421045283,4.3,2016-11-14 23:37:48.399514162,369
-42.249450266011976,174.34332256946135,4.3,2016-11-20 13:28:11.778891980,369
-42.50007699517356,173.36433952569405,4.2,2016-11-20 10:53:33.052060984,369
-34.99739939133194,179.0882734832046,4.2,2016-12-03 13:43:06.381339772,370
-37.36141856634538,178.9167721939257,4.4,2016-12-02 13:56:07.210210691,370
-37.02484493557157,179.26231921841534,5.4,2016-11-27 19:37:00.989512225,370
-42.53530164976587,173.2554175812628,4.1,2016-11-23 12:52:02.698697705,370
-41.87325768888424,174.16493893943976,4.8,2016-11-20 08:45:47.204659902,370
-41.84513359390433,173.93859617545857,5.1,2016-11-25 01:25:56.882474728,370
-41.72119109171136,174.21356440710105,4.5,2016-11-18 20:38:43.324263830,370
-41.67085913913328,174.3045461791909,4.7,2016-11-18 02:06:16.909947849,370
-41.84097741190203,174.256631896339,4.2,2016-11-21 15:07:23.026526585,370
-38.8031468275959,175.2711622127922,4.1,2016-11-15 01:19:33.374667,371
-42.76091331478639,172.8596547420486,5.4,2016-12-03 05:10:43.572547770,371
-41.99002799952156,174.04348076613758,4.2,2016-11-17 09:10:09.034206629,371
-42.15181072129742,173.44045671632296,4.3,2016-11-14 05:45:50.039804874,371
-41.716459357028135,174.18572554289312,4.3,2016-11-15 02:24:22.876698127,371
-42.39629184768334,173.3065126780833,4.3,2016-11-19 14:50:54.474275792,371
-41.711910458773616,174.26730340921733,4.3,2016-11-20 12:29:25.832084112,371
-42.0842218695195,172.88137744544127,6.5,2016-11-15 02:05:35.149215243,371
-38.1237388933162,176.33484849016733,5.1,2016-11-24 06:32:15.357980,372
-40.57341351452308,176.9429582257569,4.5,2016-11-25 20:33:18.553189,372
-42.25667957791231,173.56937089613035,4.1,2016-11-16 04:39:45.904745115,372
-41.94539785400214,174.18140381159725,4.2,2016-11-16 14:29:41.142032852,372
-41.78189246357682,174.32506053987478,4.3,2016-11-17 18:29:43.063930392,372
-41.69998339005961,174.25602094180232,4.1,2016-11-23 00:33:58.461277123,372
-41.71663168921383,174.37878952565788,4.1,2016-11-18 14:32:21.819429985,372
-46.9460532936472,165.82340089265853,4.3,2016-11-22 06:17:43.324972,373
-38.94905566651271,175.1985006022138,4.5,2016-11-27 23:52:33.445162,373
-38.04560058563097,176.33120180142325,4.4,2016-11-29 02:04:04.995239705,373
-46.88236068858311,165.8816026127048,4.2,2016-11-14 14:29:59.139714536,373
-41.74858928129954,174.13512058769496,4.2,2016-11-15 00:22:01.579590472,373
-42.48423072140912,173.35341893139974,4.6,2016-11-15 16:15:19.454324669,373
-41.80827482891532,174.28808520755362,4.1,2016-11-27 11:19:01.067073215,373
-42.66811583795211,172.71402043039265,4.1,2016-11-25 02:36:12.006245655,373
-42.25195398365226,173.88075857564056,4.2,2016-11-23 10:39:59.863313225,373
-42.500992280555465,173.24109456086828,4.3,2016-11-17 10:51:22.234749738,373
-42.6025336071078,172.8813700295558,4.1,2016-11-19 02:04:21.049755513,374
-43.35942938417671,173.9900380652573,4.3,2016-11-14 11:29:48.747738690,374
-41.70812318394623,174.1367796016301,5.3,2016-11-14 19:02:33.431512004,374
-42.27394475864429,173.54578341425864,4.3,2016-11-21 03:21:16.175112249,374
-42.33827350044736,173.78238194163944,4.1,2016-11-18 02:19:18.535800686,374
-42.07440819633443,173.76180979873496,4.3,2016-12-10 18:01:42.362972985,374
-42.34459198606789,173.93758957443845,4.6,2016-11-22 11:29:18.247443140,374
-42.22044878465342,173.63931359659313,4.4,2016-11-20 19:55:23.101730228,374
-42.37439542321516,173.1885209206275,4.3,2016-11-15 21:44:42.214720,375
-38.26744320052445,177.47167096518,4.1,2016-12-11 07:36:12.846709,375
-39.18646702800266,175.58005108826072,4.6,2016-12-12 08:41:38.964922,375
-46.14355180208181,166.07846045803387,4.1,2016-11-14 21:15:30.977179697,375
-42.03439652711089,173.68838642579462,4.3,2016-12-02 01:31:22.887219349,375
-42.036841171864445,173.75644073950104,4.1,2016-11-24 15:20:54.329442462,375
-42.315160990099166,173.38404261424233,4.3,2016-11-14 07:40:23.017003274,375
-41.74122352641199,174.08004507202136,4.1,2016-12-05 04:39:48.174551651,375
-42.660622580381634,173.4324526379762,4.2,2016-11-27 21:05:01.333825793,375
-42.0328465673678,174.0644862001637,4.2,2016-11-14 03:54:54.357630570,375
-42.303705102548776,173.53360132993328,4.1,2016-12-10 22:34:47.206276170,375
-41.78508996583156,174.09634563817215,4.3,2016-12-03 06:47:18.430052085,375
-41.754205853548655,174.29353560898605,5.5,2016-11-14 12:59:20.572915178,375
-42.16902999027696,173.7889768224852,4.3,2016-11-14 01:18:50.692277525,375
-42.41981249716013,173.09580669261453,4.2,2016-11-23 11:31:35.850523766,375
-44.350050426711135,167.60160349471926,4.1,2016-11-21 23:18:17.335768,376
-37.41256960942691,179.1355017150014,4.4,2016-11-14 13:43:05.228038416,376
-44.83995485611592,167.3583248974725,4.4,2016-11-25 03:11:11.970335207,376
-36.99911796231973,178.9997539492333,4.3,2016-11-20 15:53:55.724407529,376
-41.777507152936224,174.03647759704663,4.2,2016-12-12 08:12:14.730717739,376
-41.86479554137415,174.23522793585244,4.2,2016-11-17 17:45:39.821840568,376
-41.99106097465605,173.75696635409884,4.1,2016-11-16 16:12:39.474711376,376
-41.704468785630645,174.23452040655778,4.4,2016-11-16 10:11:50.936508069,376
-42.301499580843306,173.65989912636374,4.3,2016-12-04 05:44:07.187332495,376
-42.01779825288932,174.04572710402573,4.7,2016-11-15 12:20:12.614101108,376
-41.97778306492774,174.06219311949667,4.9,2016-12-09 20:15:23.827708218,376
-41.72019023805665,174.2833168391577,4.3,2016-11-14 01:58:04.563121611,376
-38.896300400067744,174.88720611441903,4.1,2016-11-29 22:09:39.326200,377
-36.838917124708,177.5244624189013,4.4,2016-12-01 02:45:51.983046,377
-42.48034117469759,173.3032182578987,4.2,2016-11-16 19:30:34.218963741,377
-41.71507498138394,174.2767361669422,4.8,2016-11-14 06:02:10.206054067,377
-42.4484973034983,173.26886056114435,4.2,2016-11-14 10:04:57.853991799,377
-38.16783357054756,178.11491287429837,4.4,2016-11-27 23:34:40.292825,378
-37.94977660814354,176.04241440204495,4.2,2016-11-28 07:58:18.477046,378
-39.31570618531814,179.52216233242015,4.2,2016-12-01 17:59:55.603804,378
-42.08071083928972,173.80097966748812,4.3,2016-11-22 00:38:17.831037556,378
-42.03654801343337,173.70804778216365,4.5,2016-11-14 00:01:30.730689432,378
-42.38432392123666,173.50645349137005,4.5,2016-11-15 05:47:02.280042883,378
-41.81182179377176,174.29763529446626,4.1,2016-11-29 22:43:21.553755223,378
-38.97401501390249,175.8927557295991,5.4,2016-12-11 19:31:18.119574232,378
-41.65736737312396,174.35141860720037,4.7,2016-12-01 14:53:57.349041815,378
-42.590244547538255,172.88448424862963,4.4,2016-12-07 06:05:50.393699810,378
-41.82682537482359,174.1549060073039,4.3,2016-11-21 02:28:59.482553040,378
-42.30403287685709,173.460011164331,4.4,2016-11-20 04:32:52.228884634,378
-41.709499367023774,174.2369525214161,4.3,2016-12-09 16:02:52.406680055,378
-41.79969257735296,174.1440915467184,4.2,2016-11-14 01:11:02.946703086,378
-41.68287445114495,174.2662721394382,4.8,2016-11-14 09:42:53.784880260,378
-46.03399016716278,165.71933838438682,4.3,2016-11-24 15:26:03.227680600,379
-43.668116120659,173.91557663889338,4.6,2016-11-15 16:32:17.571629875,379
-42.10869798798654,173.6004226444238,4.3,2016-11-15 00:46:31.523270394,379
-42.38403977091441,173.38980301330747,4.2,2016-11-15 06:47:36.994701603,379
-41.78758097300418,174.39074796542505,4.2,2016-11-27 20:02:23.084666288,379
-41.46763704246489,174.0739805513918,4.4,2016-11-15 04:31:14.219678371,379
-41.92086053311149,174.1842844065082,4.5,2016-11-15 12:40:10.047854528,379
-41.72316114250302,174.2596821012635,4.1,2016-11-25 18:17:36.338460642,379
-42.20240346104124,173.81149296780595,4.1,2016-11-15 13:27:46.531469751,379
-42.4477064407332,173.28340944982767,5.8,2016-11-24 18:59:44.322646510,379
-42.5192557977627,173.13320943354685,4.1,2016-12-08 08:29:35.262283312,379
-41.900477862857976,174.19270944102715,4.1,2016-12-04 19:54:32.058589121,379
-37.1779976485769,176.7714460558141,5.1,2016-11-20 04:48:27.324994,380
-41.92675350784525,173.98207262785593,4.5,2016-11-15 04:38:24.184221698,380
-42.430354236065256,173.5117169230477,4.1,2016-11-14 13:02:00.228828750,380
-41.86907840437079,174.24345690485833,4.1,2016-11-19 01:40:00.101508063,380
-42.26023190760696,173.86942337189635,4.4,2016-11-15 18:15:50.212400163,380
-42.520649537578834,173.2344804674352,4.1,2016-11-21 08:27:08.927632729,380
-42.18226827783341,173.4381464933962,4.1,2016-11-29 00:38:48.515067226,380
-42.55951676240776,172.58601639491476,4.3,2016-11-14 16:03:52.227501835,380
-37.09461368754078,176.99818062646793,4.1,2016-12-05 10:26:38.378649,381
-39.28192397936612,174.75352739708646,4.6,2016-12-12 19:11:19.485608,381
-41.68256707232839,174.1122249528307,4.3,2016-12-09 00:51:35.123012430,381
-42.052934140168205,173.79436590095136,5.1,2016-11-18 09:46:47.720303029,381
-41.896167824090575,173.99962705086662,5.2,2016-11-14 13:00:00.604802390,381
-41.69279694171546,174.2803419776139,4.3,2016-11-16 16:16:54.555954723,381
-42.63285863029455,172.77110795244525,6.6,2016-11-14 01:21:58.886464890,381
-42.59118399462136,173.80824119317708,4.1,2016-12-12 22:23:42.205121162,381
-42.30688758456638,173.70107833427656,5.3,2016-12-03 17:29:25.164838561,381
-36.786486746877706,178.75011424244323,4.7,2016-12-09 21:38:16.050571389,382
-45.20413306393432,167.0163537673663,4.2,2016-12-02 05:34:00.436873588,382
-40.35097825634434,174.09491978706842,5.6,2016-12-05 09:47:22.979105584,382
-42.19688597297313,173.57023621283474,4.1,2016-11-17 18:02:46.104152927,382
-41.73819808475528,173.91706910273712,4.3,2016-12-08 12:10:07.157035444,382
-42.22587590008633,173.73047736219283,4.2,2016-11-26 18:42:31.029092829,382
-42.5983220994225,173.01405920193147,4.3,2016-11-14 03:19:13.487320797,382
-41.71032395882478,174.24491688755893,4.4,2016-11-18 22:10:40.046637681,382
-42.32351592093096,173.84412214676829,4.1,2016-11-15 13:42:50.569892540,382
-41.8076948534402,174.4512429353923,4.3,2016-11-23 02:28:57.723028705,382
-36.29899956555506,177.48920856516384,6.3,2016-11-17 15:19:05.476204,383
-37.54787682250815,177.0677672254534,4.5,2016-11-21 15:10:54.174665,383
-34.74557384451965,178.844300520588,4.5,2016-11-29 19:12:38.086630,383
-39.4699907534022,176.65762368978605,4.2,2016-12-01 05:03:04.939033,383
-39.05900710985894,175.17683263140322,4.6,2016-12-10 06:26:11.521717,383
-37.1379103753674,179.01125210123428,4.2,2016-11-23 12:02:01.521788502,383
-42.52971456011692,173.07548029126255,4.2,2016-11-19 20:12:50.591717696,383
-42.51032504707584,173.02579857724535,4.1,2016-11-14 07:23:08.486129784,383
-41.5048385071136,173.85274022396638,4.5,2016-11-14 04:37:59.736694681,383
-42.00819486523811,173.59679188322622,4.8,2016-11-16 01:45:12.564616657,383
-41.81291173309497,174.39499317899626,4.7,2016-11-25 22:34:10.018984672,383
-41.98738772064817,174.07474986492645,4.3,2016-11-19 16:28:44.204776625,383
-41.74442928563891,174.29227665824837,5.6,2016-11-24 15:57:04.214957351,383
-41.640290919517234,174.17044878146763,4.2,2016-12-11 07:44:09.221305809,383
-42.34957865407906,174.09762212256516,4.5,2016-11-15 08:19:20.406887615,383
-42.02728954890004,173.54702025160847,5.4,2016-11-14 04:59:33.948397450,383
-41.79977783978914,174.33706515228684,4.9,2016-11-23 21:07:15.238475421,383
-42.37512210185137,173.89273285113796,5.1,2016-12-02 01:11:00.184984108,383
-41.74787785348544,174.2937577405966,6.3,2016-11-14 01:13:58.265657457,383
-41.708571776290825,174.4044634164101,4.1,2016-11-14 13:31:06.862726484,383
-38.47752418237421,175.92724139015007,4.3,2016-11-22 21:32:57.302785,384
-37.88725661605244,179.11424313494703,4.1,2016-12-03 00:18:34.298231,384
-37.092355883628784,179.13518315803867,4.5,2016-12-12 02:40:09.178805,384
-36.97007026028919,178.88383761793918,4.1,2016-12-11 00:40:48.052330629,384
-42.13108607804141,173.78230075489788,5.0,2016-11-14 08:02:14.505904186,384
-41.69454105796773,174.13364912840655,4.8,2016-12-03 07:01:39.257927724,384
-42.94178464296208,172.88547182433672,4.3,2016-11-14 04:24:02.747700927,384
-42.47958491294506,173.27376085568122,4.1,2016-11-14 02:48:09.647738972,384
-41.80446957025037,174.2271306101352,4.5,2016-11-18 13:51:05.549676744,384
-42.54137107939621,172.64839245562217,4.8,2016-11-25 17:44:04.426886741,384
-42.4693115994148,173.57460541784195,4.4,2016-11-18 16:55:59.777514335,384
-42.39399143508933,173.5700721547898,4.3,2016-11-15 03:10:53.196380783,384
-42.119401735177895,173.8439232381411,4.2,2016-11-14 00:11:31.271692727,384
-36.91139693158359,178.86240961833994,4.4,2016-12-11 00:43:02.821332357,384
-42.11513302955662,173.76752205713535,4.3,2016-11-14 08:05:04.460917918,384
-42.1102254658856,173.75590165893937,4.4,2016-11-14 08:56:11.904978866,384
-37.36433486040254,178.86863596019165,4.1,2016-11-14 10:03:33.055699454,385
-42.071950022892906,173.8086444244441,4.2,2016-12-03 19:53:33.473776119,385
-42.541105585896005,173.49798360750654,4.4,2016-11-14 02:25:40.035648266,385
-37.998682415076416,179.23949348220933,4.9,2016-11-16 20:06:24.357139,386
-37.55524765381994,179.34537748259902,5.9,2016-12-02 06:35:13.254293,386
-42.30022326853257,173.5580599253605,4.1,2016-11-23 01:52:12.497095454,386
-42.30081889157279,173.6632702225413,4.7,2016-11-27 10:13:16.545525931,386
-42.23524639629452,173.6454137481275,4.2,2016-11-14 00:32:11.259948808,386
-41.88072222737703,173.99561360776298,4.1,2016-11-14 18:15:30.348906952,386
-42.026218669674456,173.7954258238481,4.8,2016-11-14 19:05:43.654571123,386
-41.74131634180058,174.20204587217523,5.0,2016-12-03 02:36:25.894675712,386
-42.3028290256541,173.66606374068735,4.4,2016-11-27 10:50:55.613223637,386
-36.5160738587652,177.21345775425556,5.4,2016-12-03 12:11:40.854584,387
-38.12692551650551,176.50003425512594,4.5,2016-12-03 19:50:26.621746,387
-41.6993105932903,174.19046164822345,4.5,2016-11-14 19:56:03.684892871,387
-42.033478827560494,173.64921840139516,4.6,2016-12-05 23:35:53.331249034,387
-42.653889322135306,172.80899143182705,4.1,2016-11-28 17:51:36.605630851,387
-42.44282176883656,173.87508362086965,4.1,2016-12-01 05:44:40.342104191,387
-41.757527654964335,174.0882602413242,4.1,2016-11-14 00:49:18.388878106,387
-42.36700643110708,173.84907765967284,5.4,2016-11-14 06:38:14.826003195,387
-42.47452050505538,173.2812052123073,4.1,2016-11-26 02:19:30.886845299,387
-42.63353856084043,172.84575638535028,4.2,2016-11-28 17:52:51.427479558,387
-40.3221585190613,176.0019017917106,4.2,2016-11-20 18:05:32.480218,388
-38.36490581705008,177.92420515027797,4.1,2016-11-21 21:08:19.131350,388
-40.32078154833607,174.30510298175668,4.4,2016-11-26 03:16:32.859888,388
-46.02130032395522,166.1715227241935,4.2,2016-11-29 23:27:22.465251735,388
-42.56054973214504,173.30262168184217,4.6,2016-11-18 17:57:30.142453994,388
-42.029759756559415,173.7147457165757,4.3,2016-11-14 00:15:48.452073369,388
-42.14853661219858,173.59738785836203,4.1,2016-11-22 23:07:56.962455385,388
-42.58534119471716,173.04686081409224,4.3,2016-11-16 05:44:17.777517693,388
-42.42972812108902,173.59459509164125,4.1,2016-11-14 10:59:23.813927092,388
-35.6504129610384,179.38219705169283,4.4,2016-11-30 12:12:16.496113,389
-36.65532023231041,177.6031488936372,4.3,2016-12-07 04:34:18.382520182,389
-43.513854292431006,172.6069703154524,4.4,2016-11-19 03:33:01.022652366,389
-42.01753774316838,174.34636216445918,4.5,2016-12-10 02:32:26.284251225,389
-41.78594754940305,174.24245280210852,4.5,2016-12-01 07:39:07.704258143,389
-42.27160506843134,173.47455385210125,4.3,2016-12-06 19:42:11.783864301,389
-42.1165746387543,172.90629615643468,4.1,2016-11-18 15:18:13.316827164,389
-43.39907460608717,172.64404586431496,4.3,2016-11-19 08:34:41.861149337,389
-38.0940563409368,178.57819231928983,4.3,2016-11-21 22:43:08.567134,390
-36.91565886875846,177.46299226202154,4.6,2016-11-30 05:51:40.690941,390
-42.91021503339062,173.12067673385573,4.5,2016-11-14 12:20:34.599161040,390
-42.29567743117407,173.69691958246514,4.4,2016-11-14 06:20:58.312693790,390
-41.99560108639914,173.78384454982515,4.4,2016-11-14 00:48:59.562386488,390
-41.56107484823692,174.04685736458524,4.7,2016-11-30 17:19:05.783087538,390
-41.70928337988474,174.27475773900022,4.9,2016-11-21 20:37:14.681647165,390
-41.83734637994992,174.0434305619516,4.1,2016-11-17 01:27:36.027751681,390
-41.39701245318803,173.55604361046775,4.1,2016-11-14 07:07:38.682957422,390
-42.60260567743283,172.8301124380353,4.6,2016-11-15 23:09:40.147182252,390
-35.45824527795254,178.49352688445984,4.5,2016-11-27 10:59:47.087495,391
-37.0536634284602,179.3759025811026,4.3,2016-11-15 22:09:42.912154211,391
-37.0883906821546,178.7519135036845,4.1,2016-12-13 00:04:07.363571956,391
-42.97213316666129,172.96020056985108,4.3,2016-11-14 10:01:59.330859709,391
-41.79961881932428,174.0019996203743,4.8,2016-11-17 15:59:15.828749440,391
-42.19819811161321,173.51896109657525,4.5,2016-11-17 16:22:01.346478485,391
-42.496959691620965,173.26130750133748,4.1,2016-11-22 20:30:27.351481744,391
-41.71129980537347,174.2770365427068,4.1,2016-11-14 00:57:33.770863728,391
-41.89324761320329,173.96426458730517,4.4,2016-11-14 02:43:46.933466985,391
-34.73529901736259,178.18470748476307,4.2,2016-11-20 16:17:17.895424,392
-38.51822086685604,175.80355503084323,4.3,2016-12-11 01:24:37.162180186,392
-43.51474247323184,172.73981146047183,4.3,2016-12-08 09:33:11.361081308,392
-37.270654207458335,178.8381292217679,4.5,2016-11-23 06:36:17.305692033,392
-41.89176615711472,173.93102067670492,4.3,2016-11-15 14:31:10.335488348,392
-41.76838135734172,174.27819424742307,4.3,2016-12-12 04:11:05.195655747,392
-42.26153684180476,173.89983179515582,4.2,2016-11-21 20:17:30.346470577,392
-42.25845408214965,173.8735295049297,4.3,2016-11-15 20:05:59.886547009,392
-42.40256146647737,173.57283608129217,4.6,2016-11-18 20:01:47.414182725,392
-42.52961089984148,173.99927797483852,4.5,2016-11-14 05:43:34.607311287,392
-42.70019870300807,172.80771758819827,4.2,2016-11-14 02:35:53.324252605,392
-41.95358450841868,173.8930345679144,4.5,2016-11-15 15:31:13.621599866,392
-42.2196874179274,173.78934338384337,4.6,2016-11-14 10:09:55.850204090,393
-42.59151863931228,172.96306721318535,4.7,2016-11-14 10:43:12.188449823,393
-41.78296547931146,174.16736723075516,5.1,2016-11-30 20:15:36.283462067,393
-41.77037404866173,174.08024788477047,4.1,2016-11-21 12:18:47.624066093,393
-37.45154210756839,179.47660203804088,4.1,2016-11-30 20:46:22.270921,394
-36.5955320185215,177.62181125557842,4.1,2016-12-03 15:03:38.713937,394
-39.29763152658048,173.73073359851955,6.0,2016-11-18 09:23:27.601769985,394
-42.03083217763395,175.2060854645386,4.1,2016-11-18 06:45:15.817106482,394
-42.43559693837157,173.50454101906095,4.4,2016-11-22 23:25:13.611818257,394
-42.397983892152105,173.6702344683889,4.6,2016-12-05 14:14:22.539955120,394
-42.19103913445245,173.81487578135784,4.6,2016-11-16 11:19:57.493645091,394
-41.82841886316788,174.23575025399325,4.1,2016-11-16 02:26:38.599351098,394
-42.66141855285467,172.7769033372987,4.1,2016-12-04 19:12:57.719819459,394
-42.26075638105143,173.87998237405776,4.6,2016-11-14 09:29:05.737376957,394
-41.76182864237387,174.33171593961634,4.1,2016-11-22 17:33:40.396050178,394
-42.3375748011094,173.8902625180553,4.6,2016-11-28 17:50:49.310295131,394
-41.99087980342868,173.8996172441978,4.3,2016-11-15 11:07:08.849135679,394
-42.04069297380382,173.69849086338078,4.5,2016-11-20 12:09:43.832053954,395
-42.212411338099,173.68250855922338,4.3,2016-11-15 03:26:58.293550978,395
-42.17687227683483,173.6465142333108,4.3,2016-11-20 09:14:34.337964453,395
-42.64168138037136,173.5225752557083,4.1,2016-11-25 13:19:58.706589661,395
-42.27576095677512,173.9857086185589,4.2,2016-11-18 05:33:46.260136923,395
-42.04613704458179,173.69438662904182,4.3,2016-11-20 17:40:23.814475396,395
-37.83891140382986,176.0561145607637,4.2,2016-12-09 13:02:36.044532,396
-42.67550747300102,172.78257066363145,4.1,2016-12-13 14:50:43.678507435,396
-41.91178107171051,174.05712296114842,4.3,2016-11-16 01:37:51.799495488,396
-42.4215649571448,173.10796798784958,4.6,2016-11-15 17:21:06.770531440,396
-42.5692752358374,172.7969610704458,4.1,2016-11-16 21:21:40.659449857,396
-36.801186966962746,177.40795473239115,4.1,2016-12-09 21:30:50.967078,397
-35.68263738335969,178.46334954394865,4.3,2016-12-13 00:19:31.985144,397
-37.0231515438465,179.06766409303316,4.2,2016-11-29 00:54:24.307702851,397
-41.08864174063529,174.5971740671807,4.2,2016-11-16 19:53:56.755084663,397
-42.18460863464282,173.61980898840656,4.1,2016-11-22 20:11:53.917373,397
-41.63188772088898,174.31166482551535,4.2,2016-11-14 00:12:37.347137629,397
-42.261815280674654,173.5258331521453,4.3,2016-12-05 22:37:19.248597213,397
-42.48828195261586,173.79640057396665,4.9,2016-11-15 06:46:55.703357254,397
-42.18649298611152,173.6618633875196,4.1,2016-11-15 03:20:34.611779386,397
-42.35798472482546,174.0632895058368,4.3,2016-11-14 10:35:55.135076300,397
-42.67841300196994,172.87373122154943,4.2,2016-11-14 09:53:25.942918575,397
-42.80199509569696,173.18714280113016,4.4,2016-11-15 20:26:07.629859191,397
-38.95956806724487,175.67326925338006,4.1,2016-12-04 14:52:15.785669,398
-37.84186151004079,179.38902687816295,4.3,2016-11-30 07:37:28.277564169,398
-42.76367662117342,172.94082736718312,4.4,2016-11-14 04:48:33.334230142,398
-42.44889826316848,173.20822824318182,4.4,2016-11-14 10:58:07.364403306,398
-41.84679471114236,174.00189454497948,4.2,2016-11-26 09:03:53.232882615,398
-42.30772807859484,173.7840519522591,4.6,2016-11-15 01:42:05.856806985,398
-41.68303028118888,174.2216025971157,4.1,2016-11-16 20:00:23.830102716,398
-42.36284625602961,173.4991884954447,4.6,2016-11-14 01:44:28.795680694,398
-38.1094198708837,176.32009052451238,4.9,2016-11-23 10:56:31.378679,399
-38.97118392031575,175.78041541640397,4.5,2016-12-13 19:47:53.936806,399
-42.14902552980838,173.60771449023443,4.4,2016-11-17 08:01:40.828092051,399
-41.93678033761335,173.7785874790095,4.1,2016-11-20 19:12:07.985880143,399
-41.7496350149201,174.16292160818224,4.7,2016-11-29 00:48:34.932380211,399
-42.23330375396824,173.4513948481111,4.5,2016-11-14 00:22:53.978694477,399
-41.90984506376663,174.20299970747968,4.1,2016-11-18 12:48:27.889536676,399
-42.11359424957597,173.71001117205384,4.4,2016-11-18 23:15:39.065374292,399
-42.2643962211949,173.64788717425458,4.2,2016-11-15 01:44:04.299343651,399
-42.35241981742536,173.1290307087323,4.3,2016-11-14 05:17:18.149306497,399
-42.24986794390228,173.4822822876949,5.4,2016-11-25 09:27:02.182107900,399
-40.94969776636544,174.62798503180585,4.2,2016-11-14 06:21:20.964309,400
-37.148191957958375,177.81515502613195,4.1,2016-11-16 02:22:41.372861,400
-36.96523572695142,177.42440975916506,4.3,2016-11-28 15:20:25.154562,400
-37.28055189718119,179.0638194682578,4.2,2016-11-15 02:01:59.671981294,400
-36.92415706188955,178.86061108061867,4.4,2016-12-01 04:41:36.995035144,400
-41.738134858534856,174.39457248936958,4.6,2016-11-17 08:50:28.708467074,400
-41.89627460119019,174.19894888479706,4.2,2016-11-29 06:28:32.714146319,400
-42.12464422652768,173.71888545795372,4.5,2016-11-14 01:01:37.967798820,400
-41.73289698893006,174.46834515590996,4.1,2016-11-16 10:17:37.761872331,400
-41.805491370269664,174.26920121822678,4.2,2016-11-14 16:30:56.138800547,400
-36.73520035850061,177.37813951126557,4.1,2016-11-14 09:36:36.082513,401
-36.862143094142205,177.1442537918605,4.1,2016-11-25 04:21:27.864155,401
-39.10897137071038,175.28570868399927,4.4,2016-12-01 20:33:07.538029,401
-35.93744717795384,179.57783943471784,4.2,2016-12-08 23:14:06.376502,401
-41.87431937133428,173.96324901686936,4.7,2016-11-19 10:37:28.736295159,401
-42.742452818283255,172.9837675960658,4.6,2016-11-16 22:12:58.582741293,401
-42.35161509256503,173.68615709516462,4.9,2016-11-21 12:04:54.710140363,401
-42.44714926708737,173.15897268331813,4.1,2016-12-05 11:59:04.496233109,401
-42.23732399764613,173.9025521830811,4.1,2016-11-17 23:28:52.095514466,401
-42.51956438162255,173.30471438061633,4.9,2016-11-16 03:40:16.440189517,401
-39.35794647611079,174.74964698795614,5.3,2016-11-16 22:50:20.277656,402
-37.36262839396521,176.4315224412782,4.1,2016-12-01 14:00:38.564768,402
-44.20039668919672,167.6838874130515,4.1,2016-11-22 19:53:22.800101865,402
-42.254453495242174,172.1987319190259,4.3,2016-11-15 14:56:41.341203864,402
-42.10109577318904,173.6045452624762,4.1,2016-11-15 00:09:18.675444835,402
-42.03022730522913,174.24205434885144,5.7,2016-12-02 12:55:31.369177029,402
-42.07203848677469,173.76578915378653,4.1,2016-11-16 08:44:55.504424500,402
-42.67302758015923,172.78739375561747,4.1,2016-11-14 14:04:47.086654247,402
-42.22419543785323,173.61692481496965,4.1,2016-11-14 01:07:33.798610045,402
-37.53694746157878,176.83504869117525,4.4,2016-11-21 05:04:04.764809,403
-36.85684702701737,176.30060016487823,4.3,2016-11-21 19:07:49.007244,403
-45.35314329785071,166.93122317355235,5.1,2016-11-23 17:55:48.627689,403
-37.07969191292793,179.24596108616882,4.7,2016-11-14 10:27:37.828334497,403
-41.944313265033614,173.8324068324451,4.1,2016-11-14 03:35:11.690705582,403
-42.64541698272121,172.7987758795966,4.2,2016-11-14 02:22:11.253364973,403
-42.39704908795983,174.2944105759524,4.1,2016-11-14 06:20:43.723554979,403
-42.39603856794592,173.5573635147268,4.1,2016-12-04 00:57:22.123911341,403
-41.76579556754724,174.32551971953365,4.7,2016-12-08 02:28:21.745033354,403
-36.96368340526196,176.38540814339623,4.6,2016-12-05 22:55:31.328632,404
-45.21664076937063,166.6318387717013,4.1,2016-12-12 06:14:36.663840,404
-37.79276492023098,176.32709141766875,5.0,2016-11-15 06:04:03.723833414,404
-42.08800292163243,173.30514771065037,5.0,2016-11-14 04:19:12.506397973,404
-42.58818220530632,172.92606421026858,4.7,2016-12-05 07:17:03.608962891,404
-42.57808280520789,173.00853528082268,4.6,2016-11-18 04:03:32.987005533,404
-41.72559043901664,174.16974030030656,4.1,2016-11-23 15:09:37.660588570,404
-42.50758860545052,172.9528200923316,4.7,2016-11-14 01:42:14.076313213,404
-42.29334783393234,173.6373333464676,4.1,2016-11-16 06:08:12.843175215,404
-41.67732747782767,174.219993279158,4.3,2016-12-05 13:18:48.610549408,404
-41.71779113960961,174.28101223007462,4.4,2016-11-14 01:30:27.326047648,404
-42.39279998022924,172.67965085414525,5.5,2016-12-03 13:03:31.709110,405
-43.585577773579146,172.61761618193148,4.1,2016-12-08 23:16:11.538875275,405
-42.057047462389086,173.61521690375818,4.2,2016-11-16 08:35:48.691531711,405
-42.00086636241655,174.2620879630873,4.4,2016-11-28 11:37:15.215384096,405
-41.76167831033045,174.3055119751944,4.2,2016-11-25 05:35:11.040235133,405
-41.735849594386025,174.12435977466805,4.2,2016-12-06 12:29:03.916104979,405
-41.76482447265233,174.1397691801891,4.1,2016-11-14 21:46:56.780715127,405
-42.33504902501003,173.91295470400283,4.4,2016-11-28 08:57:13.975828310,405
-36.89762354227847,179.0667726066201,8.0,2016-11-15 04:24:21.907513637,405
-42.303346401559736,173.86576360417274,4.5,2016-11-16 06:02:21.292378765,405
-41.70590477865804,174.20953630305942,4.3,2016-11-20 13:15:50.005076222,405
-37.019603076347686,176.657092208522,4.3,2016-12-05 21:43:52.094031,406
-42.69662129392348,172.95644014811649,4.5,2016-11-15 03:59:03.224960995,406
-42.04709624705585,173.75480500429222,4.2,2016-11-14 12:19:56.146788596,406
-42.27570077482767,173.92175977191897,5.0,2016-11-24 05:50:36.380210641,406
-42.43943996826303,173.10455997327864,4.2,2016-11-15 16:30:59.106349372,406
-47.16754713096987,165.44255730776337,5.0,2016-12-05 08:31:04.635951,407
-41.62650583757718,174.26574889299278,4.2,2016-12-02 14:07:08.061269046,407
-39.34453773093582,175.95263448441386,4.1,2016-11-17 05:32:17.118019272,407
-44.24881106586662,173.5355957183015,4.2,2016-11-25 19:04:29.280337732,407
-41.678206816099234,174.19202442727533,4.6,2016-11-24 08:42:31.534060911,407
-41.78127483381192,174.05814050288075,4.2,2016-11-21 06:14:18.506350467,407
-42.107423955642126,173.83747351745677,4.4,2016-11-18 16:31:23.741475624,407
-42.040797784195,173.82993918192494,4.1,2016-11-18 17:53:17.290674222,407
-41.79057523671374,172.95123708953994,4.6,2016-11-15 08:11:52.268990848,407
-41.65827978300116,174.3991737674153,4.4,2016-11-14 00:05:39.117309532,407
-45.22121489983423,167.39566734096985,4.3,2016-12-03 10:41:20.791196,408
-43.54825162825897,172.7492175790412,4.9,2016-11-16 19:50:41.027738022,408
-42.4806738516628,172.89097915061905,5.2,2016-11-15 18:55:12.534707942,408
-43.84956880955841,174.07729460386642,4.3,2016-11-20 18:25:52.249984136,408
-42.00972739838105,173.68908595427,5.4,2016-11-14 05:14:16.157991826,408
-41.69677723242842,174.235347896121,5.0,2016-11-19 23:40:44.096300525,408
-41.786742023252025,173.98873954894032,4.5,2016-11-14 05:38:31.669389306,408
-42.660693752573984,172.8121141679372,4.4,2016-11-14 23:02:55.997608179,408
-42.06419918926721,174.13708353328218,4.3,2016-11-19 01:28:24.990974098,408
-41.68193462505576,174.2502238978908,5.0,2016-11-30 07:23:55.818605072,408
-39.38034753014219,173.37846853758305,4.8,2016-11-15 16:39:18.710851,409
-37.381400734265824,179.46096271081967,4.2,2016-12-06 14:14:46.441751744,409
-42.64532541415426,172.80240922645257,4.5,2016-11-20 14:40:56.745894327,409
-41.88431696208409,173.99348381598386,4.1,2016-11-15 09:41:58.108393370,409
-42.24018116353948,173.7486294363914,4.1,2016-11-14 03:53:10.499779977,409
-42.20257842803727,173.80961109653302,4.1,2016-11-14 09:55:31.724624031,409
-42.67248273900586,172.90103828344078,4.6,2016-11-14 19:30:00.142879056,409
-42.342404802890776,174.13968273255816,4.2,2016-11-30 05:08:24.507210827,409
-41.70893679152677,174.3371043348846,4.5,2016-11-25 03:51:55.545774255,409
-44.32231179890737,168.01381800599214,4.2,2016-11-26 19:05:33.046515,410
-41.185791865858896,173.74304762499028,4.2,2016-11-27 19:59:04.446900,410
-36.798604030583626,179.43464385265673,4.9,2016-12-10 11:04:28.535160,410
-36.90400415884757,179.32588799552514,4.3,2016-12-13 22:55:52.309300897,410
-37.25762749009095,178.9238471546544,4.4,2016-11-25 21:51:43.167472167,410
-42.69023144890817,172.79386646526314,4.1,2016-11-25 09:57:43.108809202,410
-42.32838148135155,173.6809357206706,5.2,2016-11-14 00:40:52.787224935,410
-42.67682243798898,172.82284160313412,4.5,2016-12-08 12:09:21.746988021,410
-42.868097230043645,172.9227582813285,4.1,2016-11-15 02:32:51.837608628,410
-42.11541384018519,173.8891698393716,4.2,2016-11-14 13:20:16.307460127,410
-42.08833508860856,173.8793041275121,4.2,2016-11-15 05:18:54.915503903,410
-37.245128375521965,176.74018741396165,4.3,2016-11-15 18:52:49.974715,411
-43.12185725775343,171.44367445724217,4.6,2016-12-03 16:03:16.303570,411
-45.08105599771792,167.36266293685966,4.9,2016-12-01 00:32:30.863454576,411
-41.717904450267696,174.2676629747025,4.6,2016-11-17 05:20:14.527217624,411
-41.84983167946278,173.9849559984657,4.2,2016-11-16 08:22:06.374021450,411
-42.34130541393336,173.5707897009309,4.1,2016-11-23 07:16:20.022070449,411
-45.082850918173605,167.4202010393972,4.5,2016-11-29 22:20:24.796775503,412
-42.309891391371984,173.0851080797835,4.6,2016-11-25 21:56:52.657483093,412
-41.91686523908761,173.91168255910782,4.2,2016-11-16 22:47:27.844254296,412
-41.77893677504688,174.22406302073102,4.5,2016-12-01 14:39:21.566267853,412
-41.79496766030868,174.0440021535081,4.3,2016-11-25 02:40:34.875309967,412
-41.72724583607581,174.2773885196168,4.6,2016-12-01 11:11:32.991277233,412
-42.30217813272212,173.50725896173205,4.4,2016-11-17 09:50:54.953361232,412
-42.23016269003959,174.02158072717938,4.1,2016-11-24 00:13:18.209355593,412
-41.737391194209806,174.3137138890593,4.2,2016-11-16 16:48:34.199933740,412
-42.19852325281696,174.0389288097474,4.4,2016-11-16 16:02:07.526439872,412
-41.74520329715048,174.36981883200858,4.3,2016-11-26 19:12:15.451578144,412
-41.36321567009218,172.29534106619514,6.0,2016-11-15 03:35:27.818085,413
-35.72971805608783,179.5293395437743,4.2,2016-11-19 07:42:45.571237,413
-38.317152177060464,175.97062647466495,4.1,2016-11-29 12:28:51.665870,413
-37.059090973795854,179.31882977977287,4.2,2016-11-24 12:12:26.026265970,413
-40.98832721151479,174.5919126464852,5.2,2016-11-21 13:26:26.592573090,413
-42.71499534154711,173.39412995505393,4.6,2016-11-14 23:42:43.057298396,413
-42.1610624058717,173.48775073306916,4.2,2016-11-14 06:55:13.939523803,413
-41.80023420096187,174.15960750439405,4.1,2016-11-19 14:36:51.927109155,413
-41.82903368368358,173.878447631724,4.1,2016-11-14 01:29:46.921106438,413
-42.16342469556812,173.6931001217845,4.4,2016-11-15 16:08:48.476811192,413
-37.68381648992562,177.45647536884704,4.8,2016-11-17 04:07:08.123610,414
-40.630146379179685,175.63761461334406,4.5,2016-11-19 01:10:03.530473,414
-37.09727923127533,177.4271729999737,4.8,2016-12-01 09:41:02.793547,414
-38.27533483031118,175.91948525819342,4.3,2016-11-27 13:39:52.019480912,414
-37.09749499831725,179.17655458511447,4.2,2016-11-19 13:31:11.643592845,414
-41.76912298179393,174.2428272586981,5.0,2016-11-16 10:41:49.414213864,414
-36.54923110140975,177.2731782348973,4.1,2016-11-26 10:13:55.016159,415
-39.71999741124936,176.38314002435297,4.1,2016-11-30 15:36:08.340013,415
-39.48244902464496,175.41814775386504,4.5,2016-12-10 22:47:38.703371,415
-42.36984720980489,172.39524257764407,4.6,2016-11-14 11:31:18.735604184,415
-42.26424385074278,173.62444366667202,4.1,2016-11-15 15:26:42.230139801,415
-42.26432491178054,173.86449608613438,4.1,2016-12-04 10:14:29.718338232,415
-41.88999860026625,173.94717092228404,4.6,2016-11-16 07:42:51.115962148,415
-42.24611798234611,173.58142822920823,4.5,2016-11-18 01:29:31.778885321,415
-42.04831461785769,173.86280576821557,4.3,2016-11-14 01:50:45.615472820,415
-42.4755381920775,173.97038334615064,4.2,2016-11-14 02:24:48.656190452,415
-41.67874904221847,174.334364680929,4.3,2016-11-14 23:31:36.637870183,415
-38.71234979991629,175.8042531464239,4.5,2016-12-08 01:45:40.524020,416
-39.5486829303354,174.1673214510034,4.1,2016-12-13 20:19:12.300926,416
-36.61475006304106,177.38350504296156,4.1,2016-11-15 09:25:17.497207507,416
-39.65328508665879,174.26206363155822,4.2,2016-11-14 10:29:19.474505464,416
-41.91128693149728,173.88033894885854,4.6,2016-11-14 22:48:47.847625436,416
-41.88856264880279,174.00101962077767,4.9,2016-11-22 06:17:46.067324291,416
-41.65840887489306,174.22985545710517,5.6,2016-11-17 11:22:05.076303351,416
-41.72080065320109,174.28837313524417,4.1,2016-11-14 08:19:24.711285451,416
-41.73390294677719,174.27397576329713,4.1,2016-11-15 15:04:36.755997629,416
-41.77615000858697,174.15465462649098,4.5,2016-12-09 08:58:24.700266347,416
-42.119325516850814,173.70110193671752,4.1,2016-11-23 16:13:23.431995691,416
-42.12764780177653,173.03556405989215,4.3,2016-11-25 22:46:56.463844644,416
-38.16520778273607,177.047129448278,4.4,2016-11-25 10:05:21.479521,417
-37.26076970394752,178.94637354294653,4.1,2016-12-12 18:52:28.994876550,417
-42.67824268737124,172.89866324476554,4.3,2016-11-29 21:20:27.568995743,417
-42.21930551102132,173.74879172410232,4.2,2016-11-23 21:59:03.377371849,417
-41.75095610135087,174.26094341809684,4.3,2016-11-17 16:53:33.953907779,417
-42.394509169945465,173.96432186349745,4.3,2016-11-16 11:27:18.972606737,417
-42.31014635647743,173.091207457172,4.6,2016-11-28 07:51:26.968625217,417
-38.068723533671886,175.7646668762238,4.2,2016-11-23 18:34:17.720968,418
-44.590358302475735,170.87816240706582,4.3,2016-12-12 04:33:59.849337,418
-39.98941551871905,177.19524332666998,4.1,2016-11-25 16:21:02.569659824,418
-45.1096292226061,166.80211002899432,4.3,2016-12-02 09:20:19.369724803,418
-42.075609399766826,173.73811799029934,4.1,2016-11-20 08:27:38.258769442,418
-41.66912422732522,174.3468974967664,4.3,2016-11-14 05:56:47.250795598,418
-41.71842709058866,174.1271544338103,4.7,2016-11-14 13:47:35.090865416,418
-41.7250070559309,174.35828849601572,4.4,2016-11-20 04:00:53.299541270,418
-41.752457083405496,174.26789368216396,4.7,2016-11-14 07:46:23.083079323,418
-42.35116487719622,173.68859186260053,4.1,2016-11-29 04:58:55.592009216,418
-41.64867520035574,174.30070353571486,4.9,2016-11-14 20:25:40.369989762,418
-41.71308058613532,174.31440233571834,4.1,2016-12-03 02:46:45.173952459,418
-42.6924194676698,172.68226044000343,4.2,2016-11-18 23:49:58.603007209,418
-40.82554022584747,172.37317331663303,4.4,2016-12-13 22:42:46.699931,419
-37.04492551405461,179.0011582233579,4.1,2016-11-22 22:39:05.754546327,419
-37.03124129491115,179.17513116765355,4.2,2016-12-10 07:26:08.422919023,419
-42.20803205139054,173.55646926917112,4.1,2016-11-14 10:17:45.006306673,419
-41.62796877159133,174.41638149348114,5.0,2016-11-19 23:25:02.534622856,419
-42.201068653427015,173.90917740291687,4.4,2016-12-13 03:38:20.922541147,419
-42.39828543405563,172.97461835418864,4.1,2016-11-27 05:57:33.902891765,419
-42.34667094774108,174.007024518665,4.5,2016-11-14 17:47:06.521996809,419
-41.86969520305751,173.95354311622214,4.1,2016-11-14 00:14:05.365272588,419
-36.43936224924727,178.55877452141547,4.1,2016-11-18 13:09:21.362678,420
-38.75615420537282,175.84015965500208,4.7,2016-12-11 23:36:55.439676,420
-36.93792327930948,179.83379608239565,4.7,2016-11-22 10:04:57.454351308,420
-42.81469657709689,173.11492324400575,4.2,2016-11-25 10:19:00.276497950,420
-42.363175440638045,172.97190755556977,4.1,2016-11-28 07:23:10.974779536,420
-41.93627980547493,173.9083819138181,4.6,2016-11-14 05:17:48.218367797,420
-41.84385478469151,173.88560435961867,4.4,2016-11-16 15:13:39.549480822,420
-43.53215881233199,172.88028517392036,5.1,2016-11-28 13:37:56.275729,421
-37.31722744507725,177.26281205102336,4.2,2016-11-15 11:29:39.202523351,421
-36.99226019918999,178.34985803684623,4.5,2016-11-22 22:26:21.139844857,421
-42.10211718557724,172.33776042204136,4.1,2016-11-14 20:34:10.568830754,421
-42.528955280545695,173.1780783811573,4.2,2016-11-16 20:50:04.254829325,421
-42.73559689318093,172.79518633769283,5.7,2016-11-15 07:02:16.000425409,421
-42.07175243077673,172.86570907193578,4.3,2016-11-14 00:14:57.811726236,421
-42.74032954007491,172.86355572421434,4.2,2016-11-16 06:33:53.911780060,421
-41.54019618828297,174.40070622849643,4.7,2016-12-02 03:55:07.684424029,422
-42.05668534795039,173.75595347492606,4.1,2016-11-23 10:05:59.606524016,422
-41.81476857123591,174.29651610085745,4.5,2016-12-12 03:46:59.034117788,422
-41.71671227750368,174.2343723456811,4.3,2016-11-28 20:39:12.060509950,422
-41.66398931829188,174.22899220794685,4.4,2016-11-14 11:29:22.565318729,422
-41.72340739870008,174.18008643880032,4.2,2016-11-30 17:03:16.662424419,422
-42.03742622459665,173.7763312371926,4.2,2016-11-14 07:21:21.579401972,422
-41.7315445108251,174.22139098130387,4.8,2016-11-14 04:51:25.899061075,422
-41.75660360238349,174.02686903613696,4.4,2016-11-14 05:11:10.144926328,422
-41.647101105764655,174.22703706986064,4.6,2016-11-14 12:28:33.893037994,422
-44.31800006299905,173.6188052838656,4.2,2016-11-14 10:44:41.592795601,422
-42.28112813410405,173.81982593985904,5.0,2016-11-14 00:17:59.673698426,422
-37.61096885693901,176.97647226045018,4.2,2016-11-20 07:30:32.164582,423
-37.03581519716895,177.36292297711395,4.3,2016-12-01 10:54:01.129681,423
-39.49311866975363,174.6196583915276,4.1,2016-12-01 15:36:16.022576,423
-34.955242937529384,178.34068023782154,4.4,2016-12-11 01:54:01.904801,423
-43.62185974141576,172.61789063717762,4.7,2016-12-13 00:53:20.181344,423
-40.786578600815936,174.5232013495743,4.1,2016-12-13 21:32:41.944080,423
-41.58142141417323,174.25982142799077,4.1,2016-11-25 17:21:43.085198089,423
-42.4105904072886,173.365530095446,4.1,2016-11-14 13:22:42.658694072,423
-42.22559616547433,173.59289622817164,4.2,2016-11-14 13:22:10.871750649,423
-41.96694032451211,173.51763193536434,4.5,2016-11-16 09:42:12.023825346,423
-42.10095044846019,173.70839771554395,4.1,2016-11-25 18:44:45.508742519,423
-42.41273721637953,174.2671538714332,4.5,2016-11-14 05:00:06.942999937,423
-42.11559782218661,172.8376338068097,4.3,2016-11-15 04:37:56.881146872,423
-41.681749938034265,174.29767789240827,4.1,2016-11-15 15:26:33.925840748,423
-36.74611443499226,177.3957370299091,4.1,2016-11-22 14:58:22.723864,424
-38.69449135358949,175.91174656306433,4.4,2016-12-01 22:10:46.575623,424
-43.10477020333765,171.5354691091781,5.4,2016-12-05 21:22:20.435516,424
-45.417984299231215,166.80946716491587,4.7,2016-12-10 17:52:42.238762197,424
-42.77063475664465,172.53428229916346,4.3,2016-11-18 14:25:15.934202885,424
-41.7402294310567,174.3275060612768,4.8,2016-12-03 12:36:15.493931349,424
-42.59963034481033,172.8607134969683,4.1,2016-11-14 14:00:59.766277952,424
-41.71147195803705,174.21881459294943,4.2,2016-11-14 14:49:34.651514472,424
-41.96261948068805,173.95018541231926,4.3,2016-11-19 01:55:11.061811059,424
-42.38034261456139,173.41719644014145,4.1,2016-11-21 07:56:58.898182900,424
-41.7320402775677,174.18973035038735,4.8,2016-11-24 22:24:49.198385385,424
-42.52370451522319,173.28831881824655,4.2,2016-11-21 13:36:15.526769888,424
-40.53704704845499,174.59776299796127,4.7,2016-11-21 12:08:49.157760,425
-41.70538325347741,172.859225753897,4.3,2016-11-22 20:58:30.545223,425
-37.83798143013311,177.68512680977744,4.1,2016-11-29 03:43:26.251136,425
-38.17225820286209,176.01102260351834,4.4,2016-12-13 07:53:15.221198,425
-39.13314016693892,174.94351577654092,4.1,2016-12-05 19:34:13.059412514,425
-37.05220637675105,179.1565309532654,4.1,2016-11-16 22:46:54.262869256,425
-43.14680006517729,173.89221977918544,5.3,2016-11-16 16:34:02.958150118,425
-42.81167630168861,173.189374912942,4.1,2016-11-19 20:27:44.421400316,425
-41.93392043970972,174.13922300879278,4.7,2016-11-19 16:31:34.314451580,425
-42.28502973765077,173.58759206597725,4.4,2016-12-12 15:11:51.392261573,425
-41.714768580087565,174.27542377972523,4.1,2016-11-17 18:20:12.991627794,425
-41.87753956770149,174.1770532642434,4.3,2016-11-14 11:09:25.482699571,425
-42.43431147460976,173.34560795953146,4.2,2016-11-16 09:40:45.744891488,425
-42.50767823622817,173.2097566804959,4.2,2016-11-26 00:13:00.753457940,425
-42.67575325621922,172.94037232629034,4.2,2016-11-16 17:49:39.939665028,425
-42.34668068133244,173.80534000023934,4.6,2016-11-18 23:15:37.780441113,425
-42.186020626679415,173.17358370675686,4.8,2016-11-15 16:58:13.687204801,425
-42.48440244764346,173.20786182882566,6.5,2016-11-26 05:34:31.883868124,425
-42.21929522928111,173.1146694407596,4.2,2016-11-15 17:16:01.592962306,425
-37.95956541898105,178.56009839253898,4.3,2016-11-19 20:16:10.452317,426
-38.385306744617246,176.2178976501453,4.9,2016-11-29 03:27:51.492445,426
-37.96120457261512,179.58810240511514,4.2,2016-12-13 22:07:02.616353627,426
-37.28414061769812,179.00199231066094,4.1,2016-11-26 21:13:33.347229461,426
-43.50680574477184,172.68784187753658,4.3,2016-11-19 19:21:32.703303905,426
-42.13535554092109,173.6380529237684,4.4,2016-12-01 19:16:29.226166803,426
-41.78412447352832,174.26796191644476,4.3,2016-11-14 06:09:53.819067200,426
-42.22884635609878,173.66635788096994,4.6,2016-12-09 14:50:33.703879714,426
-42.03070603476576,174.03445738260942,4.1,2016-11-22 00:26:08.743668366,426
-41.57765186515925,173.88898611779555,4.4,2016-12-11 22:15:47.629258830,426
-42.60310688312598,173.03254137096116,4.1,2016-11-18 03:44:54.603460489,427
-42.698422164610086,173.10944038477106,4.1,2016-11-14 18:37:09.986238941,427
-42.23346735488814,173.64119614560016,4.4,2016-11-17 05:02:06.634378818,427
-41.86628170122562,174.2949087690298,4.1,2016-11-15 16:05:29.179694216,427
-42.54836760891777,173.40818072310822,4.2,2016-11-15 14:13:15.915813542,427
-42.400442768935065,173.29495712485036,4.1,2016-11-23 12:17:14.871860934,427
-41.69613262914566,174.27759668442224,4.9,2016-11-14 01:35:14.855225352,427
-42.524948818984335,173.3420665642581,4.1,2016-11-14 03:28:27.569260028,427
-42.40559154628869,173.24249156602696,4.1,2016-11-14 10:57:56.135953911,427
-46.92818004633007,165.66807021598424,4.3,2016-12-05 13:37:44.231402,428
-46.95053137062243,165.79936461685725,4.2,2016-11-25 09:25:48.967892424,428
-42.768368583784834,173.42791409864714,4.9,2016-11-14 17:58:33.914970126,428
-43.17598639051951,172.10034757226248,4.1,2016-12-03 19:57:47.813774681,428
-42.02066789087517,173.65486370046298,4.3,2016-11-18 14:35:38.075559672,428
-41.812355952466255,174.16995576466752,4.3,2016-11-14 08:12:09.604041077,428
-42.66054269162473,172.8017592136518,4.2,2016-11-14 04:10:29.303365468,428
-42.3000780617505,173.81353080973696,4.2,2016-11-15 16:32:38.096546502,428
-42.692035279487406,172.84019455111164,4.3,2016-11-14 09:57:27.275595178,428
-42.30962182434919,173.8033587448146,4.4,2016-12-05 23:40:51.355489326,428
-41.67499323963142,174.2932248821432,4.7,2016-11-14 01:16:42.874802248,428
-38.73069426845839,175.37771733535115,4.1,2016-11-19 10:27:32.974081,429
-35.2722249545155,179.27208506232142,4.6,2016-12-06 03:17:27.574260,429
-43.39549625134532,172.79959695141557,4.3,2016-12-06 10:53:38.255200,429
-35.2987772357506,179.1977300174555,4.2,2016-12-06 03:24:15.302382111,429
-36.89287241984086,179.2079278485336,4.1,2016-11-16 02:46:13.552886240,429
-42.06099993606722,173.46282672868327,4.4,2016-11-14 17:53:19.095292063,429
-41.950850364470114,174.09234551885163,4.1,2016-11-14 13:04:30.759813143,429
-42.16078627917791,173.56202936261252,4.6,2016-11-27 14:49:40.887441191,429
-41.85232694737988,174.01833556584063,4.1,2016-11-14 07:56:40.262295123,429
-41.69546427339577,174.20360103143074,4.7,2016-12-03 23:56:02.995792131,429
-42.22859389601764,173.6337717999826,4.5,2016-11-25 12:15:23.129592696,429
-42.33500029624801,173.16991949484287,4.2,2016-11-20 02:58:31.206234706,429
-38.746634774043656,175.64951264355864,4.1,2016-12-01 01:36:45.902022751,430
-43.50389337532316,172.82522743306944,4.2,2016-12-07 13:20:11.202575007,430
-35.36594795627564,176.1215580071717,6.2,2016-11-14 23:12:14.747709204,430
-36.86774426548681,178.72657088132888,4.3,2016-12-12 17:38:18.814182258,430
-43.31988958412033,173.0912987252118,4.6,2016-11-14 17:07:29.943964001,430
-42.60790879409493,173.1089291058181,4.9,2016-11-14 00:50:38.248996059,430
-42.33499828444307,173.69117444922557,4.3,2016-11-14 18:41:17.932380683,430
-42.3245103477917,173.7847652807924,4.5,2016-11-14 01:48:31.970658828,430
-42.34977286789661,173.41055370761333,4.4,2016-12-03 23:35:53.516495373,430
-41.59758007571432,174.26604853057287,4.7,2016-11-14 10:43:15.839908427,430
-42.24209014663696,172.81057779141065,5.1,2016-11-15 07:14:26.732783203,430
-42.493844570655405,173.23993180049317,4.9,2016-11-14 22:51:10.126352149,430
-42.36251137737313,174.03165175634672,4.4,2016-12-02 21:36:47.189516885,430
-41.782154806315326,174.2285536920596,4.1,2016-11-15 23:51:20.294733012,430
-42.11974248375446,173.78044277619426,4.6,2016-11-14 04:40:58.932236597,430
-42.36437812821922,173.9138968140628,4.1,2016-11-20 01:19:01.509142296,430
-42.18055526672581,172.86018492360304,4.4,2016-11-14 23:32:08.947502107,430
-42.31060190333077,173.6666676424869,4.2,2016-12-08 02:08:26.063092568,430
-45.49360764058871,165.8631502565954,4.1,2016-11-16 23:02:14.083890,431
-37.32872503549306,179.0663909202042,4.3,2016-11-29 02:53:43.602997166,431
-41.93201761438853,173.906507229644,5.3,2016-11-15 14:21:29.085876168,431
-41.87635873547045,174.03728131868243,4.4,2016-11-23 21:09:05.668021382,431
-41.80195165355084,174.12496124059638,4.1,2016-11-14 00:29:32.395954866,431
-41.59604119874408,174.27729176188814,4.1,2016-11-25 19:56:27.892594687,431
-42.56542082896552,172.8545888128185,4.5,2016-11-18 19:26:46.053331733,431
-42.19663967194598,173.5885971066971,5.1,2016-11-18 03:44:15.003105412,431
-41.8134327894616,174.00340442581992,4.2,2016-11-18 16:38:22.178785607,431
-41.65905051858441,174.2728648400724,4.1,2016-12-08 12:20:19.984335009,431
-42.260653963206586,173.77098496956205,4.4,2016-11-14 04:44:42.664514037,431
-42.62452070942391,172.96622220490963,4.2,2016-11-30 16:58:42.254665695,431
-42.24660367942992,173.7199554675576,4.8,2016-11-18 04:00:13.253064952,431
-38.0100378421911,176.4149007035077,4.6,2016-11-19 19:27:16.472640,432
-39.568378159621815,173.99694754070111,4.5,2016-11-24 07:55:20.061905,432
-37.49396424937615,177.17085690902303,4.3,2016-12-01 13:32:39.258875,432
-42.74010871311464,172.89084675818907,4.5,2016-11-14 05:35:35.672200637,432
-42.63503041661241,172.94870952518067,4.1,2016-11-18 02:29:48.756977934,432
-42.15233178994849,173.79689626104633,4.9,2016-12-12 23:56:01.387297638,432
-42.23193815577069,173.95188346775888,4.2,2016-11-15 04:38:16.579464989,432
-42.58238786425715,172.90847451274615,4.3,2016-11-14 19:06:49.288972497,432
-42.22753160664676,173.75590734625675,4.1,2016-12-01 17:08:05.642044844,432
-42.229889749479206,172.7875735197005,4.2,2016-11-14 02:11:50.844221812,432
-42.300109542020174,173.8327403637651,4.2,2016-12-11 04:27:45.237309336,432
-42.283449110690334,173.4733188078113,4.3,2016-11-15 19:33:12.704438969,432
-37.96197753863264,176.10156476992535,4.3,2016-11-24 01:46:57.361425,433
-45.08527675921718,167.44092957115052,4.6,2016-12-10 04:49:12.493506443,433
-41.74940836400455,174.30917797522002,4.4,2016-11-16 07:52:21.391479737,433
-41.764757882297694,174.43796802364872,4.1,2016-11-15 09:22:59.588393666,433
-43.14230427364548,172.74091045049371,4.5,2016-11-29 15:14:05.396504910,433
-42.36894692691301,173.46083429277235,4.4,2016-11-17 20:04:15.217842137,433
-41.94053303672324,174.03937850102307,4.1,2016-11-15 03:09:42.904583343,433
-42.30851231636108,173.8039980573166,4.2,2016-11-30 09:01:34.173658815,433
-42.6621192077568,172.8629071045205,4.6,2016-11-14 03:26:03.701367086,433
-37.33219229030142,177.3345235281496,4.8,2016-11-19 20:10:11.085064,434
-44.9905493156503,167.08195697726092,4.6,2016-12-08 06:03:34.532074,434
-38.00187261303255,176.27149283758382,4.2,2016-11-18 22:56:42.386338894,434
-44.25375996448838,167.9389264927896,4.7,2016-11-24 13:35:02.587361083,434
-42.02832438866253,173.99582322092684,4.5,2016-11-20 01:57:35.115580405,434
-42.55889163498129,173.10321636955206,4.4,2016-11-19 22:35:08.267595264,434
-41.74427436223744,174.31872981453478,4.4,2016-11-16 17:35:54.914324352,434
-42.26727564908867,173.41240991716833,4.1,2016-11-16 03:11:45.075856943,434
-42.11827691359274,173.8799511581596,4.2,2016-11-14 01:49:36.959647445,434
-40.377267611017,174.57116889757958,4.5,2016-11-16 22:47:48.143664,435
-43.21695602365687,171.5492447165287,5.1,2016-12-06 07:33:27.319456,435
-42.46827439082091,173.71936633347758,4.4,2016-11-22 02:25:43.474189839,435
-42.02933004140347,173.7863579092457,4.4,2016-11-22 02:21:41.182922155,435
-41.99127349734713,173.8646634178461,4.5,2016-11-18 22:23:58.453586927,435
-41.96248584805516,173.74645534524953,4.3,2016-11-15 11:02:07.826114951,435
-42.02947218379301,173.862903365157,4.4,2016-11-14 09:15:22.174048163,435
-42.34917189779094,172.93982526380984,4.1,2016-11-29 05:47:45.752194143,435
-42.231616383212,173.62521190726187,5.1,2016-11-21 07:32:50.148090941,435
-41.87159622196655,173.9856195426284,4.2,2016-12-09 11:40:12.432954794,435
-42.41785684482974,173.19823386314627,4.9,2016-11-20 12:50:13.271893018,436
-41.69648383910144,174.29741721962472,4.1,2016-11-18 11:30:02.078206937,436
-42.60710713062263,173.75776198185142,4.2,2016-11-25 11:38:04.392959799,436
-42.55750773578299,173.72497337341042,4.2,2016-11-14 02:19:06.427607901,436
-41.71530057201591,174.39625801980108,4.4,2016-12-11 06:27:25.311259742,436
-42.569786002858656,173.01943402129643,4.4,2016-11-23 04:02:57.906019684,436
-41.839466418267946,174.08211954556802,4.6,2016-11-23 23:12:01.719349697,436
-42.2955641384904,173.60795032263184,4.9,2016-11-14 16:21:01.641010114,436
-41.69969754549236,174.30247961126355,4.4,2016-11-24 01:42:43.404206120,436
-39.40019882558499,174.37639273055285,4.7,2016-11-16 14:40:10.702147,437
-42.81382730029546,171.62337249504867,4.1,2016-11-26 21:09:35.570575099,437
-41.29821524832455,172.3674452691388,4.3,2016-11-29 04:41:31.661787641,437
-42.48454658682096,173.1289274996659,4.9,2016-11-15 20:22:56.494850261,437
-41.71020891838307,174.24977898845,4.1,2016-12-02 05:25:17.607171630,437
-42.61914107347194,172.9133167356885,4.1,2016-11-14 23:02:37.938235823,437
-42.68350926548347,172.85598266353975,5.0,2016-11-15 04:24:09.988283772,437
-41.714024223258605,174.4300962306599,4.5,2016-11-16 09:43:51.100636103,437
-41.68968307927852,174.14582705549904,4.5,2016-12-09 00:17:32.963278705,437
-41.748339638256766,174.1848720262085,4.1,2016-11-20 06:58:22.800852871,437
-41.78444321763431,174.16607233662756,4.5,2016-11-14 08:24:08.150033533,437
-41.76621748845829,174.2062415210976,4.4,2016-11-26 10:05:52.758803102,437
-37.69585492378609,176.2920737547177,4.2,2016-11-16 02:34:40.120182,438
-41.35356776223819,173.35331578387525,4.8,2016-11-19 22:17:19.986483,438
-38.8419074831253,177.9507467962537,4.2,2016-11-30 23:25:31.731513553,438
-42.50603965307248,172.80026613881137,4.3,2016-11-25 08:30:01.497165067,438
-41.9860426729804,174.0550802330386,4.4,2016-11-14 03:07:20.289567368,438
-42.19094448349804,173.76957656164393,4.3,2016-11-14 04:25:04.873128548,438
-42.56942750973813,172.65730533130903,4.4,2016-11-14 07:33:00.792804068,438
-42.35899033279568,173.628726027727,4.1,2016-11-15 10:28:18.052561544,438
-42.03757278913636,174.3070029802594,4.7,2016-11-22 21:31:38.548878,439
-38.57332005421971,175.92186927284598,4.6,2016-11-25 14:14:57.604878,439
-42.22566891774992,173.72270263389274,4.5,2016-11-14 11:14:39.984936797,439
-42.40277688235585,173.42296543777937,4.5,2016-11-15 16:54:21.122900775,439
-42.518037412060735,173.1730188193287,4.3,2016-11-18 04:47:58.995270237,439
-41.78743086453917,174.24981612204135,4.5,2016-11-15 04:08:35.390349860,439
-41.698357485821056,174.21876672111787,4.2,2016-12-07 06:18:55.181654855,439
-42.19897303676419,173.84916237029563,4.2,2016-11-20 15:51:24.293573315,439
-41.929931345265146,173.97757251059002,4.5,2016-11-20 20:00:27.966059258,439
-42.36087837718379,173.4680876506741,4.1,2016-11-15 09:40:52.546919726,439
-41.9087040541257,173.91813262582042,4.1,2016-11-21 18:52:18.224746540,439
-41.68965199555774,174.2600580541449,4.4,2016-11-14 00:21:22.332647399,439
-42.38962486406557,173.36500671397926,4.1,2016-11-24 09:31:59.592420322,439
-42.06083574422878,173.6942198900553,4.1,2016-11-19 05:43:32.232992398,439
-44.03946625182054,168.6737385177709,4.2,2016-11-16 13:38:40.236364,440
-37.351531334479056,177.41167968548714,4.8,2016-12-01 11:22:21.213008,440
-40.024180473091256,173.5638227066564,4.2,2016-12-06 22:44:34.850289,440
-42.27303759499191,173.55468915003686,4.1,2016-11-14 20:36:58.043138964,440
-42.29848722711511,173.75122371239598,4.6,2016-11-18 10:47:54.802533622,440
-41.358892805300535,174.56765800616543,4.3,2016-11-14 01:17:19.095847588,440
-42.4865954162044,173.21700542001886,4.4,2016-11-14 03:01:08.753721705,440
-41.74244000080381,174.2548604647798,4.1,2016-12-02 08:52:07.687685912,440
-41.97804563167439,174.05022464344222,4.3,2016-11-19 22:55:12.879395333,440
-42.08746802114095,173.73209285589908,4.2,2016-11-14 02:14:37.915493344,440
-42.65286786154418,172.8447410273698,4.4,2016-12-04 11:27:17.524611062,440
-38.26124968725213,176.47825488927236,4.1,2016-12-06 13:18:35.328369,441
-42.44235864024643,173.27449123910307,4.2,2016-11-30 02:31:13.077760423,441
-37.43065417886968,179.11382390450103,4.1,2016-11-24 16:11:05.344092389,441
-37.12098598516935,178.89150738986538,4.5,2016-11-19 05:15:59.102318414,441
-42.759997897213495,172.86319012302317,4.1,2016-12-04 23:48:44.794157732,441
-41.889445564656704,173.93478986733996,4.3,2016-11-14 16:32:58.337848951,441
-42.31155074984476,173.8108623616177,4.2,2016-11-15 20:27:36.581290088,441
-42.21721557476233,173.10620503384456,4.3,2016-11-23 22:48:18.725024412,441
-42.21691535708212,174.14065174160916,4.3,2016-11-25 20:25:08.886111268,441
-41.90785821316507,174.04788132646104,4.9,2016-11-16 21:53:12.691972392,441
-41.95613685961214,174.02738984316483,4.1,2016-11-14 02:11:15.137214474,441
-42.75628212153436,172.85191694349993,4.5,2016-12-05 00:51:02.275559228,441
-40.66465496993585,177.34801967224584,4.5,2016-12-05 22:57:33.190822810,442
-37.22895287164265,177.94048019625015,4.4,2016-12-12 11:41:42.339974174,442
-42.27263541991106,173.0307473286636,4.3,2016-11-20 18:22:55.379593238,442
-42.3722210975519,172.49930897894018,4.7,2016-11-19 23:29:28.884326453,442
-42.4882513756005,173.11966857973133,5.7,2016-11-30 17:02:51.853995055,442
-42.27104314656128,173.7975482971624,4.3,2016-11-25 05:31:34.876191454,442
-41.55551281287214,174.78655923745913,4.1,2016-11-18 22:16:23.595880077,442
-41.19220558931271,175.03854015108024,5.0,2016-12-07 17:49:47.312473751,442
-41.89471621688829,174.1222371140128,4.9,2016-11-22 06:49:41.777649087,442
-42.21361493912044,173.7889544430666,4.2,2016-11-14 18:22:01.721756171,442
-41.64540568385843,174.29130190180845,4.2,2016-11-27 17:14:14.708016588,442
-41.710013321757714,174.36597618111588,4.4,2016-11-28 11:25:49.398496294,442
-42.414296027343525,173.11233871919066,4.8,2016-11-15 11:15:32.525603514,442
-42.205167855154095,173.80017555195886,4.1,2016-11-16 17:26:40.174249739,442
-40.41048715778425,173.37311228776068,4.3,2016-11-20 17:10:31.047832,443
-34.85798727684931,178.21931397389875,4.6,2016-11-28 08:44:12.892034,443
-42.57843927030019,172.852672996659,4.1,2016-11-14 07:25:03.123558729,443
-42.28560388740654,173.95148362216602,4.2,2016-12-12 08:21:26.451336929,443
-42.03813493004606,173.88409163932616,4.4,2016-11-15 06:11:00.155401114,443
-41.781210976258215,174.2581304733329,4.2,2016-12-02 10:01:45.829647995,443
-41.79709283902087,173.975673366105,4.1,2016-11-14 05:57:45.200755786,443
-44.50811973280637,167.58839665523465,5.7,2016-11-17 07:32:28.836004,444
-41.948300812679896,174.09727890163458,4.7,2016-11-20 22:35:45.049977,444
-38.81019995646999,175.59827175581864,4.2,2016-11-28 13:33:40.536470,444
-42.43839148329536,173.71205456339774,4.3,2016-11-25 07:18:28.548966620,444
-42.65639613979236,172.97843810892013,4.2,2016-11-14 12:35:51.282640343,444
-41.740871853523466,174.2616749493192,4.3,2016-11-15 15:33:16.227025235,444
-42.67983110462925,172.88615194272882,4.1,2016-12-06 01:31:14.397331300,444
-41.74370421024963,174.04858945703907,4.4,2016-12-05 23:55:48.618703035,444
-42.52106306945589,173.39470662005598,4.2,2016-11-14 07:46:24.104967663,444
-42.21956885725225,173.60811469966308,5.6,2016-11-15 21:33:46.358848390,444
-42.385511276521925,174.04690652391795,4.4,2016-11-25 13:04:52.510546266,444
-42.5561251163634,173.15267138842017,4.2,2016-12-07 04:23:48.867802153,444
-41.71462537604758,174.31109067192506,4.5,2016-11-15 23:42:12.358700575,444
-42.08311420699732,172.90314813254307,6.0,2016-11-21 06:16:23.334933670,444
-46.16582829919684,166.15228043511797,4.1,2016-11-24 15:02:00.601852,445
-37.03125628734054,178.71138358072858,4.2,2016-12-03 01:46:30.736329633,445
-42.77559127444233,173.14843766150784,4.2,2016-11-15 07:34:24.155169104,445
-42.89522014774767,172.90519288927854,5.4,2016-11-14 10:26:14.042004656,445
-41.95075088280549,173.66405627277922,4.1,2016-11-15 22:13:28.429738834,445
-42.11547367733367,173.606734866485,4.7,2016-11-21 13:26:09.872075166,445
-42.31462604200416,174.05027392753786,4.2,2016-11-15 05:09:04.147898139,445
-42.35418176366999,173.80058732208354,4.1,2016-11-15 04:12:41.871424321,445
-42.52994203124297,173.39893644208772,4.3,2016-11-14 00:33:26.613737068,445
-45.87789107490232,166.40846674472627,4.2,2016-11-27 19:22:36.951481203,446
-43.259134147701815,173.35616957993363,4.4,2016-11-24 19:39:46.236024821,446
-41.80715222008141,174.3107341795014,4.8,2016-11-21 00:15:53.768458199,446
-42.01041655773356,173.60414877246677,4.2,2016-11-20 15:02:16.012583412,446
-42.31711309282748,173.944759893622,4.2,2016-11-16 15:05:48.258834689,446
-41.83772976248478,174.09977841603396,4.1,2016-12-01 17:44:35.558526729,446
-41.77887875263813,174.28627755781466,4.7,2016-11-22 13:52:32.882485895,446
-42.3739536271822,173.95278465349497,4.7,2016-11-14 14:15:26.167777896,446
-42.22017903638492,173.66147413107288,4.1,2016-11-18 03:30:33.350266197,446
-41.7598675324479,171.7781565049265,4.5,2016-11-21 16:46:06.300836,447
-37.237042251796325,176.81205377352833,4.2,2016-12-05 22:17:44.830627253,447
-41.54502039220479,173.6502677718757,4.1,2016-12-11 20:54:45.287467139,447
-42.841655545439046,172.5581778940954,5.2,2016-12-11 18:39:09.290503392,447
-42.61598355566608,173.6630525014,4.4,2016-11-14 01:35:50.832409448,447
-41.91196279653892,173.89644787043,4.4,2016-11-14 02:55:53.346220772,447
-41.8812450078557,173.87342266674247,4.1,2016-11-16 05:31:05.479940810,447
-41.70279439471389,174.27085061001097,4.1,2016-11-23 10:32:41.831094109,447
-42.32473357585702,173.39903665890216,4.8,2016-11-15 14:40:36.949926400,447
-42.54516428050572,173.15476957716032,4.3,2016-11-14 11:49:10.649384296,447
-41.87777329758916,173.87137405243934,4.4,2016-11-16 06:05:38.913895320,447
-43.48736715131882,172.76350849243457,4.3,2016-11-18 10:34:58.877026,448
-41.2646080108968,172.94317175900707,4.6,2016-12-13 13:57:00.498715,448
-41.18531954650196,170.97135369110438,4.2,2016-12-13 13:57:33.124869937,448
-37.046237570254334,179.2146953832398,4.4,2016-12-02 16:41:40.038648109,448
-42.61089702575316,173.2103957544326,4.3,2016-11-14 07:43:24.467939046,448
-42.39310372773348,173.6615774691678,4.2,2016-11-19 12:04:15.836221343,448
-42.33200433720488,174.05755418916925,4.4,2016-11-30 19:40:01.969369287,448
-41.71968252852053,174.26362031712546,5.1,2016-12-02 19:00:45.150357639,448
-36.51068918047863,177.01812799787305,4.3,2016-11-23 00:27:32.533782,449
-47.63112241287654,165.66075660526514,4.2,2016-11-28 14:24:21.299168,449
-38.44612204033258,175.86066506516835,5.2,2016-12-12 12:58:03.691444429,449
-37.07506652448186,177.8622603006277,4.4,2016-11-16 17:41:24.459577936,449
-38.3323643145983,175.81198406814443,4.9,2016-12-01 10:39:44.514857775,449
-45.60150613898034,166.48181071545062,4.3,2016-11-17 22:49:52.190552820,449
-41.83993127104923,173.39657481603106,4.7,2016-11-14 14:38:21.612139391,449
-42.86135951049493,172.3980951965951,6.2,2016-11-16 02:34:10.907475433,449
-42.499150076298015,173.17308628204717,4.2,2016-11-16 06:44:00.248146608,449
-42.67699811328976,172.75857367649834,4.5,2016-11-21 05:17:00.462812569,449
-42.22325191250422,173.8824773375851,4.6,2016-11-15 17:35:34.164010008,449
-41.749642535436,174.16811677153024,4.4,2016-11-14 06:18:35.187471808,449
-42.188041002076645,173.5550001355701,4.2,2016-11-14 20:13:29.729473416,449
-41.74182035547617,174.3329314124775,4.4,2016-11-14 10:45:43.927336941,449
-38.33931548179521,175.73873946349266,4.8,2016-12-01 11:01:14.222077865,449
-39.571073504806286,173.75518693357327,4.1,2016-11-28 18:15:09.710958,450
-43.63915367408994,172.87224226103294,4.9,2016-12-07 21:24:21.054570,450
-42.43259694471445,172.88660265049688,4.8,2016-11-16 12:12:18.296998108,450
-41.95075000147418,173.73002933368977,4.8,2016-11-16 20:44:14.020680902,450
-41.643867207801925,174.4963781925119,4.5,2016-11-23 21:57:04.387329800,450
-42.60806811749349,172.85056371186815,4.4,2016-11-18 02:49:10.559652458,450
-42.38254895247693,173.24396719055255,4.4,2016-12-05 12:00:43.664900751,450
-42.682192455661166,172.73687998968808,4.6,2016-12-03 06:58:05.895866056,450
-41.836888776313984,174.22540994057334,4.2,2016-11-15 12:28:55.982112681,450
-41.69129087443185,174.3778635839154,4.1,2016-11-15 10:16:28.882922583,450
-38.49699591782242,178.75904092796216,4.7,2016-12-13 00:10:17.279758,451
-39.50865774209122,174.85324036666765,4.2,2016-11-14 21:57:24.660339162,451
-37.23898146851022,178.92166331615152,4.9,2016-11-19 08:10:54.768479141,451
-41.05572775181682,174.64683819049813,4.8,2016-12-02 04:46:42.291265897,451
-42.072843409675386,173.67002946878247,4.3,2016-11-16 23:55:23.725677740,451
-41.67586201433837,174.23649087527588,5.4,2016-11-17 02:06:36.648467803,451
-41.70661871004992,174.26585250763887,4.2,2016-11-18 03:56:24.929548288,451
-42.40360548125117,173.45626378418618,4.8,2016-11-17 23:19:09.249332355,451
-36.09630614630479,177.01933288417317,4.8,2016-11-20 15:59:15.503677,452
-37.46858238655347,176.36721799816397,4.5,2016-12-03 21:09:15.831265,452
-38.516452072524,175.82119039172525,4.3,2016-12-09 05:12:39.222934,452
-38.58042479544055,175.8262840118706,4.1,2016-12-10 02:10:03.998362,452
-37.464822072071215,176.32394661762976,4.2,2016-12-06 09:29:59.507859790,452
-41.07812176284328,172.6018230387335,4.1,2016-11-21 23:41:47.389164094,452
-42.57703438406965,172.940141337635,4.3,2016-11-15 07:51:41.457970654,452
-42.49100729984816,173.04037784750605,4.1,2016-12-04 02:29:43.488956168,452
-42.16268837740779,173.43695622015744,4.3,2016-11-14 15:54:57.854114378,452
-41.79528334476007,174.01050161571524,4.6,2016-11-23 15:14:22.702420030,452
-42.73377338607171,172.97854715451697,4.7,2016-11-18 13:28:32.064067979,452
-42.259676529111786,173.60797238743106,4.2,2016-11-23 20:15:49.444838795,453
-42.28230426658435,173.5653317368809,4.1,2016-11-14 03:49:47.162497736,453
-42.42505425008019,173.3353812954018,4.4,2016-11-15 18:38:14.063388043,453
-41.73838268794502,174.17102222430003,4.6,2016-11-20 02:11:59.590308404,453
-42.248296075576896,174.06590041709026,4.2,2016-11-14 04:32:07.765922585,453
-39.47695353935266,174.6470430596197,4.5,2016-11-20 03:12:28.443104,454
-37.439230418125554,179.3186792498378,4.2,2016-11-30 17:17:22.374488,454
-42.16183889865122,173.77809617899786,4.2,2016-11-23 15:10:11.775181833,454
-41.95331511411141,174.00053739072143,4.2,2016-11-20 02:39:00.247012896,454
-42.28014731470866,174.33622603655508,4.1,2016-11-19 18:57:32.428006972,454
-42.18445169177718,173.5875892681084,4.2,2016-12-02 02:39:47.611573208,454
-41.45770716190019,173.90169497996737,4.2,2016-11-20 19:32:01.558139253,454
-42.686545997063725,172.79199263884303,4.3,2016-11-15 22:14:12.360190909,454
-38.67151384833562,178.58212138087026,4.9,2016-11-14 07:54:01.198559,455
-43.41526885459829,172.9579132774534,4.5,2016-11-17 17:17:01.010313,455
-41.66726179784728,173.5169364536341,4.1,2016-11-23 11:24:13.389154,455
-35.53658369813829,179.06867738194336,4.3,2016-12-04 10:46:34.187747,455
-44.11837217974572,168.5246013650937,4.4,2016-12-10 09:05:33.064999,455
-42.668980220752,172.8637260004916,4.7,2016-11-24 01:04:48.199029644,455
-42.23329429420826,173.89173937875503,4.2,2016-11-15 23:16:20.261310576,455
-42.12307319316077,173.8152433829286,4.3,2016-11-27 19:54:55.606130268,455
-41.71082916971695,174.29725260322925,4.3,2016-12-07 07:08:51.682845923,455
-42.50565058927286,173.24079957058885,4.5,2016-12-03 11:42:00.939873265,455
-41.22113039849843,176.0208877832895,4.1,2016-11-15 23:13:58.214327,456
-38.88341241972312,174.9536334689841,4.2,2016-11-23 01:47:25.087162,456
-36.45535337177669,175.5308471547359,4.4,2016-12-04 22:32:05.591666,456
-39.264777376988654,173.87753122837117,4.6,2016-11-18 03:48:32.272449689,456
-41.92237622161805,173.6987489547497,4.6,2016-12-07 10:02:16.975627214,456
-41.6730650660029,174.35988882149687,4.5,2016-11-17 23:31:48.403507731,456
-42.36070325705663,172.97998771894524,4.2,2016-12-10 00:29:48.442551096,456
-41.802519167357445,174.24360408962045,4.4,2016-12-11 15:34:18.799756327,456
-42.35729969393709,173.53659983411708,4.3,2016-12-03 11:59:32.002133686,456
-42.38853920390993,174.0199166337131,5.4,2016-11-15 22:28:29.270155597,456
-42.600383919222416,173.06065480523475,4.5,2016-12-02 08:42:21.945329643,457
-42.22974451153524,173.40806636257426,4.6,2016-12-06 20:45:41.235586761,457
-41.76782648898029,173.56056058825834,4.2,2016-11-14 03:14:58.304169640,457
-42.17235440177947,173.65087175046864,4.1,2016-11-17 04:43:11.353625931,457
-42.52054982123364,173.2057370247511,4.1,2016-11-14 05:01:30.366826157,457
-42.00199683614275,174.14138875763018,4.1,2016-12-11 13:32:08.164029744,457
-41.75037229433389,174.31513022914055,4.2,2016-11-14 04:47:33.138544938,457
-42.38589860404449,173.33075421188795,4.4,2016-11-14 20:59:59.403370480,457
-41.44641017935866,174.29027332128982,4.2,2016-11-16 04:36:19.225120257,457
-42.336272332826574,173.0816423080963,5.0,2016-11-23 15:42:49.979988767,457
-41.85810460866353,174.19680123036062,4.4,2016-11-19 08:55:49.876074,458
-38.466128736512,175.96254312948122,4.5,2016-11-26 07:45:40.091153,458
-40.13800149758375,175.24807159236994,4.2,2016-11-27 11:21:54.099459,458
-40.841759991128015,172.93073068263206,4.2,2016-12-01 11:59:13.010585,458
-38.83365497437596,175.77598003348206,4.2,2016-11-26 09:13:12.204809051,458
-39.28022107713021,175.75728543604976,4.1,2016-11-14 01:08:46.350497294,458
-41.2938710526086,178.55800453839146,4.5,2016-12-02 23:11:48.373046201,458
-35.6740337477197,178.57832499777507,4.3,2016-11-18 14:09:30.866147829,458
-42.59317275077029,171.73613523442947,4.3,2016-12-06 03:54:04.297718655,458
-38.93462994737655,169.5382477008997,4.2,2016-11-17 00:52:22.127111812,458
-41.93023432100223,172.63800307574758,4.1,2016-11-16 18:38:30.272444079,458
-41.84238807089537,174.37570443314064,4.1,2016-11-23 14:58:37.571025995,458
-42.61079429169386,172.88390722119487,4.2,2016-12-13 20:36:32.158877482,458
-42.49194698030295,173.11725664068098,4.3,2016-11-16 18:51:03.448028766,458
-42.031872444429794,173.47285649806247,4.3,2016-11-20 21:28:49.777672750,458
-42.83885361565847,173.71980846889844,4.2,2016-11-30 18:48:04.331350752,458
-42.153302654819846,173.79830352334636,4.8,2016-11-15 17:32:54.299620133,458
-42.30025653112294,174.04822771131208,4.8,2016-11-14 04:02:25.882232573,458
-41.93759882383267,174.62128598494044,4.3,2016-11-14 09:51:29.198795243,458
-35.671382007507994,178.59779417472345,4.3,2016-11-18 20:14:28.705543459,458
-37.40191945642809,176.68280137301028,4.7,2016-12-02 07:15:19.318931477,459
-41.68433667279062,174.27515034343347,5.8,2016-11-14 16:54:11.567383334,459
-42.06709035279357,173.84925055505306,4.3,2016-11-17 22:15:18.420447894,459
-41.76392945190391,174.35081035691422,4.4,2016-11-25 12:42:07.002533828,459
-41.77415062822598,174.1649572031045,4.5,2016-11-21 23:23:57.732269949,459
-42.14580656259769,173.66597230052147,4.2,2016-11-14 11:31:03.354054449,459
-42.37825053390608,173.89504521797437,4.3,2016-12-13 18:07:41.899141410,459
-43.09318941975486,172.8142109318193,4.1,2016-11-27 13:47:47.120235081,459
-41.79696833444664,174.17955930042632,4.8,2016-11-21 23:26:02.786529601,459
-40.287714536545934,173.82104533686277,4.7,2016-11-29 05:42:06.007057,460
-41.772525829246,173.96188150921256,4.4,2016-11-15 18:55:51.064404124,460
-42.1305834786788,173.61403378068923,4.1,2016-11-16 01:16:52.041793211,460
-42.27704171151312,173.6483843457405,4.3,2016-11-26 01:15:52.495784664,460
-42.241603210123685,173.69889835957844,4.5,2016-11-14 19:07:10.548082132,460
-42.32705698260614,173.51822374614613,4.1,2016-11-14 00:21:46.645232867,460
-44.789029817389846,167.23934795408252,4.2,2016-11-19 21:17:34.852874,461
-36.90131034640817,177.59809387039252,4.6,2016-12-04 09:24:28.664276,461
-45.26180661952948,166.9018784409743,4.9,2016-12-12 20:57:40.797487,461
-47.55932920804934,165.87252132351344,4.4,2016-12-12 16:47:53.065573894,461
-42.685825074584486,173.6128676284544,4.6,2016-11-19 17:08:30.536374764,461
-43.8954693231353,171.31582398649476,5.0,2016-12-13 03:47:01.673734957,461
-41.92807679917184,171.0509218063588,4.8,2016-11-21 08:40:42.940102359,461
-41.99822596396614,174.19567108150488,5.3,2016-12-05 03:00:40.385119775,461
-42.43940087301346,173.67975935777005,4.6,2016-11-15 00:35:38.522162035,461
-42.57648488110916,173.03538271586874,4.4,2016-11-24 12:12:50.430752963,461
-41.74623998228861,174.32273194785583,4.2,2016-11-15 07:35:57.994586952,461
-42.041774784674,173.70101931581087,4.2,2016-11-21 23:36:32.053470772,461
-42.37924824411843,173.58446148333482,4.1,2016-11-15 04:31:35.728397520,461
-37.4233314427796,177.62845394036742,4.4,2016-11-17 00:05:06.571561,462
-46.0618576832652,165.8224048228781,4.1,2016-11-26 00:45:31.340200,462
-38.40307009900065,176.16849104751734,4.2,2016-12-08 23:00:00.693219,462
-42.07426379847728,172.88802967670696,4.6,2016-11-21 04:26:58.400519075,462
-36.90082301910244,179.36474003652134,4.3,2016-11-16 04:20:23.314277304,462
-42.10579995075396,173.70095471307977,4.1,2016-11-16 11:10:18.756546410,462
-41.68098342967232,174.2696438844971,4.6,2016-11-14 13:39:28.704175501,462
-42.13374354475019,174.14475161720011,4.5,2016-11-17 16:52:15.101700119,462
-41.9004242528185,174.14022746456965,4.6,2016-12-01 18:35:19.442885132,462
-42.35844508690379,174.00024910326184,4.4,2016-12-06 23:51:24.039792036,462
-42.35890098501019,173.79245557803227,4.3,2016-11-14 10:54:06.414953217,462
-35.01691952537165,179.88546794963398,4.1,2016-12-03 08:49:52.468698263,463
-37.13370381884089,178.78845302763187,4.9,2016-11-29 08:09:01.446318255,463
-42.20336034843615,173.68744988866607,4.3,2016-11-29 20:55:43.258272635,463
-41.74355442144434,174.27930950072138,4.3,2016-11-22 00:30:16.526898876,463
-42.412402363324944,173.30404338436074,4.1,2016-11-15 18:52:03.761679507,463
-41.99425142807445,173.83026350838193,4.2,2016-12-01 08:25:09.944790473,463
-42.15567478848399,174.10449944748257,4.1,2016-11-21 03:44:57.746631187,463
-42.64243722132072,172.80495222757455,4.7,2016-11-14 01:19:08.502384670,463
-42.7967857434908,173.3410739933912,5.1,2016-11-23 13:21:58.805969612,463
-37.2129705719414,179.15658290174807,5.3,2016-11-21 19:50:09.864179739,464
-41.74072059352668,174.17423173214712,4.2,2016-11-17 00:44:17.814994708,464
-42.33355832406726,173.36526280694972,4.1,2016-11-16 01:44:30.288833586,464
-41.93005072060184,174.18933700091972,4.1,2016-11-22 00:36:34.655764811,464
-42.22475440409891,173.77555123225514,4.3,2016-11-17 22:44:29.203767675,464
-42.11185325870668,173.81940807192453,4.4,2016-11-17 01:50:57.235759562,464
-42.62545493877418,172.85885612043148,4.2,2016-11-14 00:01:41.285427749,464
-42.20756095896881,173.66605248165524,4.1,2016-11-19 21:10:18.194837662,464
-41.854549809370745,174.08746832753175,4.1,2016-11-24 07:43:31.269846136,464
-42.37529017732668,173.50669739204247,4.1,2016-11-14 00:04:24.181599253,464
-42.602615133957016,173.38146768363774,4.1,2016-11-17 20:52:25.804018963,464
-41.65908288223451,174.29085239791812,4.3,2016-11-14 17:05:58.436859012,464
-42.34975771424264,173.83738719310784,4.1,2016-11-19 04:02:47.335117383,465
-42.55564720715107,173.8088667229719,4.7,2016-11-19 14:37:15.043333726,465
-42.3439013720119,173.8274562629028,4.6,2016-12-07 06:13:58.042025893,465
-41.81717431498669,174.27027453292197,4.1,2016-11-14 00:17:19.972536013,465
-42.74098287925603,173.17111403184597,4.1,2016-11-23 04:50:21.150997646,465
-41.702921580658085,174.2367613968118,4.5,2016-11-14 01:42:17.593157869,465
-42.09972826897159,173.83004309225393,4.5,2016-11-14 20:15:33.743822273,465
-40.90536814252435,178.71507885144342,4.2,2016-11-18 06:31:19.283157,466
-35.51195336800584,178.34720165139098,4.4,2016-12-11 06:05:39.028098,466
-37.63714134078341,179.5150878692511,4.1,2016-12-12 01:45:12.193290,466
-42.03423989627336,173.63205057768016,4.6,2016-11-28 21:42:18.784947144,466
-41.95764344796935,174.16836242844204,5.4,2016-11-18 09:07:21.868975504,466
-41.75693748743774,174.33081184929924,4.4,2016-11-14 02:58:08.701825367,466
-42.57712607338667,174.00442241836774,4.4,2016-11-15 21:05:38.888149119,466
-41.98322128587479,173.903839337312,4.4,2016-11-19 17:36:49.262847157,466
-42.311119185978576,174.02594250503347,5.0,2016-11-19 20:44:30.782285096,466
-42.42645096503191,173.98789934787243,4.2,2016-12-04 04:44:20.509326907,466
-41.71795924772702,174.3163437291427,4.5,2016-11-16 18:59:25.249760553,466
-42.06731698536897,173.7390559424853,4.2,2016-12-04 05:04:44.624821205,466
-42.08957393931868,173.6279807109231,4.1,2016-11-16 17:50:34.199325290,466
-41.91208282695744,174.0239615362682,5.1,2016-11-22 06:55:12.684633746,466
-42.106717770167656,173.76304794737624,4.1,2016-11-14 02:25:14.256653882,466
-42.32456800178269,174.01696228944567,4.1,2016-11-21 22:41:27.278939822,466
-42.31259110841882,174.01255348559192,4.1,2016-11-20 16:30:02.916260414,466
-43.28414188354289,172.06122781981722,4.5,2016-11-22 15:41:12.573954,467
-43.5403023534096,172.83594973665228,4.1,2016-11-29 21:27:53.649442,467
-38.51279320217013,177.1882590245853,4.4,2016-12-13 02:49:37.934006,467
-46.96063751605657,165.5966381870465,4.6,2016-11-16 21:31:26.367360011,467
-38.5164333977372,179.03952322778756,5.1,2016-12-03 02:35:44.060557793,467
-42.39207284162151,172.76973713473188,4.2,2016-11-14 01:14:08.420616657,467
-42.36931992096102,173.83160580657432,4.4,2016-11-14 05:22:56.645444149,467
-42.40909580605384,173.6960789990169,4.4,2016-11-14 21:03:24.429293447,467
-41.623075865387655,174.27905536845176,4.1,2016-11-15 16:44:13.833151272,467
-42.52588166166627,173.3705041712978,5.6,2016-11-26 17:20:30.960924221,467
-41.739787670903006,174.2815069585275,4.7,2016-11-14 13:53:39.574492545,467
-41.811896396608056,174.1990858586366,4.2,2016-11-20 18:13:32.786472776,467
-42.5658496867396,173.1376334901006,4.5,2016-11-14 10:59:52.512090917,467
-41.94945103689499,173.92286914830436,4.9,2016-11-20 19:43:35.405407663,467
-38.80142914040621,175.57927833266783,4.1,2016-11-14 07:20:13.950418,468
-40.31454239368134,173.4992047153353,4.3,2016-11-14 07:44:45.431846,468
-38.48929296807464,175.98366492395525,4.1,2016-11-23 05:28:19.368708,468
-42.527112631131416,173.06918307286858,4.1,2016-11-29 14:27:52.518402244,468
-42.16000617861189,173.87920826744335,4.1,2016-11-25 04:44:18.277712409,468
-42.12645922598186,173.78662913611646,4.2,2016-11-15 08:13:04.542669513,468
-42.41400116894057,174.0209279025773,4.6,2016-11-14 11:04:34.724027457,468
-42.04914608840613,174.07966969347777,4.1,2016-11-19 04:39:55.042178521,468
-36.93947308580115,176.8231288693741,5.1,2016-11-19 17:22:18.830769,469
-43.100914395629296,170.90502804297702,4.9,2016-12-06 18:20:25.959333,469
-37.09107570372679,176.6842267142301,4.1,2016-12-02 08:02:30.723883957,469
-42.01108418972439,174.11244670987762,4.1,2016-11-14 11:11:55.842945078,469
-42.23142810427401,173.59839710355578,4.7,2016-11-16 05:59:15.088790478,469
-42.35272403249732,174.06319538996425,4.3,2016-11-19 11:15:45.195785927,469
-41.846540332489866,173.919163325614,4.2,2016-12-12 14:57:26.881399226,469
-41.97796518819224,174.01563234254775,4.4,2016-11-14 15:47:46.320382624,469
-42.26703239670277,173.666214770251,4.5,2016-11-14 01:59:39.685456566,469
-42.289468001811706,173.88897655279305,4.1,2016-11-21 19:44:09.211333381,469
-42.556852935156,173.33489305416367,4.2,2016-11-17 10:22:58.223055237,469
-36.85569445908565,177.49324822092976,4.1,2016-12-02 16:48:02.227869,470
-38.444943760946565,179.44151167739955,4.2,2016-12-04 17:08:05.630673,470
-37.05867530990764,179.81148114217655,4.7,2016-11-29 15:23:47.990411470,470
-36.96335294003476,179.3229973067408,4.3,2016-11-23 02:39:44.325914702,470
-36.97566805462603,179.3197855976599,5.2,2016-11-18 18:19:07.628875200,470
-43.1585146362565,173.14515292693872,4.1,2016-12-07 19:53:36.665541643,470
-41.89512894200496,173.76883862471877,4.2,2016-12-08 02:50:36.065826818,470
-41.687594934659344,174.4082397660596,4.7,2016-11-21 07:44:36.295418684,470
-42.3456994279871,173.8913100859444,4.1,2016-11-16 04:21:30.716864435,470
-42.070640520726805,173.89545973693134,4.2,2016-11-14 08:57:41.733322568,470
-35.99291572510342,178.21687093810155,4.2,2016-11-18 04:21:09.539837,471
-37.89898673300405,178.5221566409074,5.2,2016-11-19 19:23:41.478838,471
-37.12392691611896,178.99331181606607,4.1,2016-12-04 09:03:43.787770,471
-37.88115252018007,178.48673414689782,4.3,2016-11-19 19:25:10.525321122,471
-36.96764505307725,176.88804548352832,4.8,2016-11-14 11:40:16.784035799,471
-42.17211027210139,173.82905753211284,4.6,2016-12-08 22:27:03.289063757,471
-42.15777713862983,173.50998272068873,4.1,2016-11-19 15:50:02.831448672,471
-41.79831367053988,174.1154346634914,4.2,2016-11-14 13:01:28.358570094,471
-41.78127377410429,174.2053257797982,4.4,2016-11-15 11:06:02.856345280,471
-41.82703535362835,174.02888380509202,6.2,2016-11-20 12:03:35.091064435,471
-41.8764146260099,173.99299346207087,4.1,2016-11-18 10:57:23.809688576,471
-41.83604702269105,173.9979532573098,4.2,2016-11-20 12:12:13.912525285,471
-44.46903282025483,168.30041282727407,4.4,2016-12-08 17:55:08.355154,472
-40.249721832678006,175.1803467674559,4.1,2016-12-10 15:32:55.849955,472
-45.00932376494206,167.41631128011414,5.0,2016-12-11 22:46:55.516592,472
-42.14369143737839,172.81616938086032,4.5,2016-11-15 19:31:48.220525430,472
-37.12720387104789,179.4299883390562,5.0,2016-11-17 16:04:18.325411780,472
-42.81182315005936,172.91182967466324,4.1,2016-12-08 17:52:26.794380495,472
-41.73551152140272,174.18270625778896,5.0,2016-12-03 06:47:25.479440171,472
-42.23460338532002,173.62860293490533,4.2,2016-11-20 08:34:37.653730654,472
-41.79917474485152,174.21236751875784,4.7,2016-11-26 13:59:26.999531488,472
-42.537571115703,173.70162105581065,4.4,2016-11-28 06:19:15.001075232,472
-42.25242344505437,173.8972373945698,4.1,2016-11-19 23:06:00.307108073,472
-41.70935621698854,174.26853118417165,4.9,2016-11-19 10:51:25.574007749,472
-42.25886040325263,173.7995474239928,4.4,2016-11-19 09:04:34.696620245,472
-42.32061243192763,172.97191149033162,4.1,2016-11-28 23:57:30.378244200,472
-45.06699243371246,167.8495518865988,4.1,2016-11-14 12:24:24.688991,473
-45.73587850724397,165.27224995739385,4.5,2016-12-05 01:55:33.186539,473
-45.095840806482265,167.86739937410036,4.4,2016-11-14 13:34:42.159088935,473
-37.20973668993291,179.49767905411858,4.4,2016-11-14 20:01:47.673450547,473
-41.86623157850087,174.27475737778715,4.4,2016-11-17 07:08:01.962307234,473
-42.128548887223744,173.5626353465849,4.6,2016-11-25 07:04:22.157794169,473
-41.8018067582108,174.18154982485518,4.5,2016-11-14 08:49:22.049563316,473
-41.66174321355378,174.3714748533648,4.7,2016-11-14 02:38:19.777697029,473
-42.29563757143288,173.60568716427417,4.6,2016-12-13 20:22:29.154012644,473
-41.66230793128679,174.29880477649715,4.7,2016-11-16 01:35:58.889974813,473
-42.550237897228975,173.16152134546425,4.1,2016-11-14 09:16:30.224954532,473
-42.59801380865642,173.44028604409738,4.5,2016-11-29 05:45:54.303872874,473
-42.46696748579728,173.33728175064368,4.2,2016-11-14 03:40:05.664755469,473
-41.86890255780142,174.25014333757213,4.1,2016-11-17 07:12:42.281501627,473
-37.47881220557182,177.17520949497177,4.2,2016-12-02 09:47:55.396238,474
-36.89438158107596,179.3445688881912,4.7,2016-12-07 20:58:43.800832223,474
-42.288667885677135,173.4146489515604,4.2,2016-11-26 20:57:28.277117020,474
-42.278269260050365,173.70821140757275,4.1,2016-11-17 01:15:54.000010458,474
-41.85389549773619,174.07759207326825,4.2,2016-11-21 05:12:54.818423446,474
-42.08679361479525,173.26960493249493,4.2,2016-11-22 11:33:54.186666726,474
-41.8982251356447,173.97714791820448,4.9,2016-11-15 11:25:18.602672556,474
-45.01092591562425,166.86927451038318,5.4,2016-11-20 04:41:14.562846,475
-37.14609684066138,177.63086433074454,4.5,2016-11-28 07:23:06.938111,475
-35.942525127055355,178.06070053146294,4.3,2016-11-29 13:39:07.699151,475
-38.16743066615488,178.81104805621123,4.4,2016-12-05 18:43:34.906485,475
-37.954918459243466,176.38155039389565,4.2,2016-12-09 22:31:12.310076,475
-34.80494410140631,179.9252561485857,4.4,2016-12-13 03:57:51.352667914,475
-37.112463021343125,179.29288570228627,4.7,2016-11-23 18:14:02.427011017,475
-42.89833697440808,173.61378334870736,4.7,2016-11-27 07:21:48.519065048,475
-41.75268136932502,174.15852434940888,4.6,2016-11-25 19:50:56.190659749,475
-42.50764451627945,173.1813381192567,4.2,2016-11-14 06:07:35.664049608,475
-42.57967738788786,173.35828529459698,4.7,2016-11-14 21:40:18.737345810,475
-42.36835946386918,173.69901772900235,4.5,2016-12-04 15:18:56.749722150,475
-42.296573254823215,173.70690079011456,4.1,2016-11-15 11:04:59.939727212,475
-42.25415191575798,173.64886542106748,4.2,2016-11-27 16:36:04.578729893,475
-41.71317589318002,174.3374768599697,4.1,2016-11-14 08:20:27.146489003,475
-41.78319345286948,174.3414851875136,4.2,2016-11-14 07:33:02.916194411,475
-34.825056245955054,179.9029534504608,4.1,2016-12-13 06:04:53.197956938,475
-37.247791234918616,176.8417815571713,4.3,2016-12-01 03:36:54.780944,476
-44.43322981559295,168.02475597401158,4.2,2016-12-08 23:48:26.277663,476
-43.59605598009148,172.38248880358202,4.5,2016-12-08 14:56:50.748374600,476
-36.92733228459786,178.69437521475976,4.6,2016-11-17 17:47:59.449558722,476
-42.69601402207228,173.05151391425505,4.2,2016-11-14 07:39:59.305852414,476
-42.5696168343625,172.82984070101708,4.1,2016-11-14 03:56:20.619726677,476
-41.87339818678174,174.14213022384672,5.0,2016-11-15 13:32:55.044540675,476
-41.87941985402037,174.0568920376212,4.9,2016-11-14 18:50:54.929974341,476
-42.34863931534861,174.0982667392724,4.5,2016-12-08 08:25:46.566739080,476
-42.301141175888674,173.6864382174139,4.5,2016-12-05 19:19:17.018476952,476
-41.76708056362665,174.30589471032073,4.6,2016-11-25 12:33:30.067540268,476
-42.00069502878442,174.00996031519853,4.4,2016-11-15 01:40:37.243628769,476
-42.30124557088652,174.02270437152552,4.4,2016-12-05 01:59:22.430095980,476
-42.319510292688136,174.09536335763718,5.1,2016-11-14 05:14:06.933863779,476
-42.32986802884475,173.50657025974508,4.2,2016-11-28 17:03:58.182358062,476
-42.43759607441001,173.68110704389682,4.1,2016-12-05 23:36:22.321169451,476
-42.05449566105187,173.59923982638188,4.3,2016-12-12 11:18:48.343644707,477
-41.77795289267722,174.24292790513272,4.3,2016-12-12 10:23:59.193941922,477
-41.68896121540885,174.25283838905753,4.6,2016-11-14 04:07:10.917762899,477
-41.76318560273028,174.21155201492417,4.9,2016-12-12 05:43:40.677294903,477
-42.51084656631922,173.1291014863222,4.5,2016-11-14 11:50:04.535331192,477
-41.70959462610847,174.2882966331825,4.2,2016-11-14 13:35:20.226145522,477
-41.6828956312714,174.24259225644093,4.1,2016-11-14 09:14:22.358497052,477
-38.16202114827273,178.53047587393817,4.5,2016-11-17 13:24:56.160997,478
-42.67288456139295,172.9531442262278,4.1,2016-11-16 13:26:20.672657624,478
-42.4448215574882,173.78765721201242,4.1,2016-11-15 04:42:09.251791421,478
-41.907416457248345,173.96668911437754,5.0,2016-11-24 19:12:57.024021269,478
-42.41261389151367,173.19378325591128,4.7,2016-11-15 02:17:20.609341600,478
-42.1585793233408,173.59422534745664,4.3,2016-11-15 13:21:37.737537306,478
-42.197862648929394,173.70062893503376,4.2,2016-11-14 00:20:32.858143229,478
-41.70847995180078,174.33455746873457,4.1,2016-11-15 13:11:15.584793806,478
-42.171943940098366,174.0218078551795,4.4,2016-11-14 05:23:17.240724296,478
-41.62874471245082,174.2402764430511,6.1,2016-11-20 08:03:59.342022855,478
-42.15089282246221,173.5896598588059,4.6,2016-11-15 16:09:13.543910751,478
-37.90867528181305,176.432929143045,4.3,2016-11-21 12:42:31.897378,479
-43.44430262147115,172.45229673437962,4.1,2016-11-29 22:44:38.890609,479
-37.25986423405968,177.00681896720374,4.1,2016-12-10 15:54:30.745322,479
-42.82865575994348,173.8048816581454,4.3,2016-11-14 22:23:13.984956018,479
-42.170553997098665,173.7395146098261,4.5,2016-11-21 19:12:46.220965457,479
-42.61084346818938,172.91360110535115,4.7,2016-11-16 11:32:15.211097052,479
-42.30809630677436,173.61485294671752,4.5,2016-11-21 01:33:49.180552895,479
-42.25466457686206,173.70690196695907,4.1,2016-12-01 07:32:07.777041522,479
-42.14628608057533,173.66423797743056,4.5,2016-12-01 20:36:45.194912501,479
-42.36962742813766,173.77739526251648,5.3,2016-11-17 10:35:08.729008119,479
-41.714697227148754,174.31967690631123,5.6,2016-11-24 13:40:05.142803899,479
-42.38182335807607,173.76354579918487,4.6,2016-11-17 15:35:56.499249015,479
-38.612396140789,175.6142241511147,4.2,2016-11-23 01:41:08.727979,480
-45.18035756961098,167.39427769931513,4.4,2016-11-25 14:55:25.812401,480
-36.97367376176435,179.22421985090926,4.2,2016-11-15 22:10:58.481233790,480
-41.75242813997121,173.6237378050147,4.4,2016-11-14 11:36:19.564415175,480
-42.471101748594656,173.75224154018454,4.4,2016-11-14 04:15:35.774643939,480
-41.64125572299777,174.4565596134811,5.4,2016-12-10 17:01:27.104336998,480
-41.63979251696281,173.84361370903358,4.6,2016-12-05 08:10:18.123365524,480
-42.26745651089745,174.00761850255543,4.1,2016-11-14 18:44:44.879296826,480
-42.35812445879064,173.39184488023167,4.5,2016-11-30 15:40:34.017589,481
-39.46343319087856,177.87207958608408,4.7,2016-12-08 19:34:30.680995,481
-37.90881458271182,178.36278524046668,4.2,2016-11-21 09:04:17.684112305,481
-37.10116851476869,179.13908086590402,4.6,2016-11-24 11:45:34.816486937,481
-37.0383796978434,179.012143372797,4.1,2016-11-21 02:53:02.712600829,481
-41.88464749674264,173.90650449199904,4.3,2016-11-20 21:17:52.406007635,481
-41.67434934711377,174.2928357748549,5.0,2016-12-06 09:49:41.760615172,481
-41.77935181019242,174.21926369506022,4.1,2016-11-14 13:30:15.345727029,481
-42.59020548309692,172.73938256276855,4.1,2016-12-04 10:48:59.787528724,481
-38.33880971798611,176.10030890704775,9.4,2016-11-28 11:47:50.483889,482
-38.58528974238888,177.10098710885876,4.9,2016-11-28 11:52:31.157512186,482
-38.63615907811084,175.5572958504645,4.2,2016-11-29 01:02:03.255909912,482
-42.27167518627604,173.47360097531367,4.2,2016-11-16 19:51:07.788833763,482
-42.6422110443701,172.83051159733094,4.6,2016-11-20 16:09:22.978966264,482
-42.66777449059661,172.92590054781223,4.4,2016-11-28 18:15:22.218791475,482
-41.72732911634879,174.23450341566996,4.2,2016-11-15 00:41:53.017286682,482
-42.245267237892165,173.48483270757322,4.2,2016-11-14 00:43:10.458523304,482
-42.49766525898808,173.39084483394274,4.4,2016-11-17 11:26:15.614738417,482
-42.09311665837147,173.7167444042167,4.1,2016-11-18 21:43:19.228770167,482
-38.715739180204416,175.45383278881218,4.3,2016-12-06 05:16:11.373054671,482
-42.126500743008144,173.72185686525935,4.3,2016-11-30 18:36:17.272993275,483
-41.447105034656566,174.58163030941606,4.4,2016-11-15 14:39:47.864493115,483
-42.21681898516452,173.75028446054645,4.2,2016-12-03 22:01:10.089794727,483
-41.85974982738763,174.03020665329709,4.5,2016-11-17 11:03:28.531342280,483
-42.42222281082928,174.01999827609066,4.7,2016-11-14 13:31:24.546826916,483
-39.11859454216782,174.89413035405468,4.1,2016-11-27 15:48:31.931539,484
-36.824523182885706,177.45728282292342,4.4,2016-11-16 15:57:35.526918677,484
-37.49559056871304,179.11669339587806,4.1,2016-12-13 10:39:59.923175709,484
-42.3798480983856,173.65958367148212,4.3,2016-11-20 10:50:55.454549266,484
-42.62131992948847,172.90892320517636,4.1,2016-11-21 14:03:18.152930893,484
-42.23937585192823,173.91574762133698,4.2,2016-11-20 04:08:46.838553870,484
-42.05296216481061,173.81239497305972,4.4,2016-11-14 21:23:47.059290720,484
-42.570162495493584,173.84601356446043,4.7,2016-12-02 04:12:00.186045096,484
-42.67737666720413,172.91518805747486,4.4,2016-11-17 09:31:18.348305489,484
-41.75553640967424,174.15030940002447,4.1,2016-11-25 13:43:02.466499004,484
-42.10346539070749,173.7011229479243,4.2,2016-11-14 06:37:16.048956464,484
-42.34645712439749,173.13623457094704,4.3,2016-12-07 11:17:56.898753850,484
-42.35920236113511,173.46347742194305,4.6,2016-11-17 13:23:25.258853790,484
-42.31435460341574,173.53246608852933,4.8,2016-11-17 13:23:42.834461160,484
-44.47293538523159,167.5103738940315,4.2,2016-11-14 04:35:05.207837,485
-39.36854927500784,177.04676598679603,4.2,2016-12-03 23:53:05.289406,485
-37.19316326748105,179.7461104270248,4.3,2016-12-03 16:14:45.719743760,485
-42.35938681938956,173.62245965681277,4.2,2016-11-20 12:11:46.786394472,485
-41.87672413457545,173.84508940482291,4.1,2016-12-04 09:09:41.998254460,485
-41.86777727465954,173.90501696299563,4.5,2016-11-18 05:41:48.769047539,485
-42.511192166441305,173.29345358772554,4.6,2016-11-14 05:54:41.940093935,485
-42.725109997422,172.80291584831778,4.2,2016-11-16 11:10:18.694760471,485
-42.50555863816764,173.21782345395155,4.1,2016-11-26 09:50:17.263252550,485
-42.69320201338002,172.6400219799259,4.1,2016-11-16 16:28:06.516785863,485
-47.122990043175946,167.91814898894097,4.8,2016-11-26 08:22:20.718133,486
-39.01720595855555,174.74790997459533,4.1,2016-12-12 00:31:36.668127242,486
-37.04999997758754,179.12382013769437,4.1,2016-11-20 10:09:14.081968247,486
-42.92527555495889,173.80439692867043,4.2,2016-11-16 00:46:42.157776959,486
-42.54054610906794,173.04896383993042,4.2,2016-11-21 11:40:47.966328974,486
-42.62048271693222,172.84419466975805,4.5,2016-12-09 18:20:26.715697303,486
-42.5381865194085,173.35441659710844,4.3,2016-11-22 23:05:37.837769356,486
-43.59674537550885,172.49503533950468,4.6,2016-11-16 10:48:39.823335,487
-37.56006237964849,179.16987600606862,4.3,2016-11-19 17:31:06.772466,487
-36.95735656787939,176.98978342206496,4.1,2016-11-28 01:06:01.154479228,487
-42.5865265349241,171.14395443203122,4.4,2016-11-22 16:55:34.785807286,487
-42.49088300779338,173.3256710156052,5.2,2016-11-18 10:32:53.012693804,487
-42.38953162380562,173.33196687778678,4.5,2016-11-20 17:58:03.097970600,487
-41.713439298133885,174.29521645765735,4.4,2016-11-19 11:49:39.438847590,487
-42.66248259792389,172.57945455050373,4.3,2016-11-14 04:57:16.175707950,487
-42.48157198618176,173.3356492174023,4.6,2016-11-18 10:49:43.056862968,487
-35.372478469220006,179.20252610059137,4.4,2016-11-28 18:52:55.670792,488
-47.25102223804608,165.44584164765757,4.7,2016-11-24 04:54:55.036484066,488
-42.63659130285447,172.88414855997635,4.4,2016-12-04 03:50:35.169812447,488
-42.16521065813328,173.42158343658497,4.5,2016-11-14 02:18:53.251977335,488
-42.11622340806592,173.6331540387318,4.2,2016-11-22 13:41:41.274727443,488
-42.40469706236032,173.28616212766954,4.1,2016-12-02 04:40:23.747246345,488
-42.31887531913384,173.59658083851846,4.4,2016-11-14 02:59:07.715574793,488
-41.59627234072773,174.13938770189338,4.1,2016-11-30 03:33:12.447170098,488
-41.7262993158182,174.2568685320715,4.3,2016-11-23 18:06:03.322285246,488
-41.815604790061066,174.23722595984637,4.1,2016-11-23 12:51:39.140098020,488
-41.789508547699626,174.27611081844623,4.5,2016-11-14 15:33:39.224225206,488
-41.72204864367789,174.2323298790787,4.2,2016-11-21 21:13:45.127635605,488
-41.676411439873576,174.29413903786102,4.1,2016-11-14 01:39:37.167385737,488
-42.41742880436277,173.1615404869527,4.3,2016-11-25 05:30:24.754234142,488
-42.5555472782691,172.75076708630093,5.2,2016-12-05 07:58:52.091928326,488
-41.82808588727288,174.260491395613,4.1,2016-11-14 15:34:37.463503915,488
-42.56883504693492,172.73334417582865,4.6,2016-12-09 04:52:14.139198783,488
-37.61235928122472,177.4430869419985,4.4,2016-11-18 11:28:26.835622,489
-41.50590083214761,174.08571860099593,4.3,2016-12-11 14:16:00.513276766,489
-42.40895150222988,172.92876460706933,4.2,2016-11-14 19:21:20.623548977,489
-41.82957195086235,174.1611395268486,4.3,2016-11-15 11:18:24.717682038,489
-41.76282004610879,174.24835781659286,4.9,2016-11-19 05:01:35.309765481,489
-41.73619875856223,174.28571663279862,4.1,2016-11-14 22:51:01.161512991,489
-37.84369749734576,176.17588491773287,4.9,2016-11-20 23:14:30.242164,490
-39.80946910541524,174.21385394748663,4.4,2016-12-11 14:29:27.631050,490
-42.639797665098016,173.0519769215614,4.2,2016-11-14 12:00:54.578420520,490
-41.76904157190554,174.3140130630625,4.1,2016-11-22 01:53:24.783604032,490
-42.11980569371066,174.01480249082198,4.4,2016-11-14 17:58:12.239397278,490
-42.64920669494152,172.840851810019,4.2,2016-11-14 02:09:12.284808741,490
-42.56961941710921,172.69641760644404,5.1,2016-12-08 02:24:05.178193,490
-36.68104335470138,176.91438455253217,4.5,2016-11-14 23:02:07.719497,491
-38.25142976086326,176.0608661545474,4.7,2016-11-18 15:54:11.817495,491
-43.9827105420575,168.883234342363,4.1,2016-12-12 20:50:27.290035,491
-38.194869151242514,176.33786253725015,4.4,2016-11-15 08:36:35.095776157,491
-42.649428499464655,173.04701083359043,4.4,2016-11-14 07:00:43.053823597,491
-42.037189281082846,173.75942562478002,4.3,2016-11-20 22:29:22.383198736,491
-41.83996822261078,173.91994182026465,4.6,2016-11-18 21:34:43.104978766,491
-42.620639769667626,173.02858955211278,4.5,2016-11-22 06:27:13.889702281,491
-42.59225767704275,172.86853195589907,4.1,2016-11-18 09:03:13.906262179,491
-41.8474194836304,173.8946382933864,4.1,2016-12-05 05:19:36.326161724,491
-41.91586782518123,173.89788472316474,4.2,2016-12-12 14:11:26.628330159,491
-41.63909132533917,174.28042956846937,5.5,2016-11-14 04:05:12.160944629,491
-42.004570656209,173.9560211634833,4.1,2016-11-18 06:17:53.817492102,491
-42.67717435343441,172.71465304787492,5.9,2016-11-21 07:04:10.338232433,491
-42.09650117039615,173.6313041943749,4.3,2016-11-17 00:13:25.635798991,491
-41.84627742820903,173.86599727459748,4.5,2016-11-18 23:15:43.054031313,491
-41.71428719760873,174.2243723383038,4.3,2016-11-14 14:26:56.437717416,491
-37.50445875254795,176.38814163961035,4.8,2016-11-22 11:09:26.774748,492
-38.635784660787934,175.94710835758073,4.6,2016-12-08 01:16:27.608174,492
-38.42954390385097,175.873607994409,4.2,2016-12-08 23:24:43.651646089,492
-37.29926437160957,178.9931484520844,4.1,2016-11-20 13:14:04.412419669,492
-42.62335411818519,172.85799093335532,4.5,2016-11-18 10:40:58.498434507,492
-41.99872925133709,173.78371831436584,4.2,2016-11-22 04:50:03.483836452,492
-41.95229034155283,173.6698556320802,4.1,2016-11-19 00:00:41.600558368,492
-42.39793714155756,173.74421713691024,4.4,2016-11-23 03:12:16.122728814,492
-41.51854956482334,172.1192394522613,5.0,2016-11-14 22:02:23.405800213,492
-42.36587592249562,173.60923742783334,4.1,2016-11-15 03:25:50.385549230,492
-41.8151723843709,173.98167999578848,4.8,2016-11-18 04:13:21.812657957,492
-42.26966622456658,173.5122451697232,4.1,2016-11-14 01:52:52.746954059,492
-41.82228349707817,174.0503788332933,4.1,2016-11-14 03:34:32.624729934,492
-42.3213592148018,174.09706135728567,4.2,2016-11-22 19:48:33.998301137,492
-42.642417666125255,172.7322654588004,4.1,2016-11-14 03:49:02.124812575,492
-41.90987260786538,173.60575971808444,4.9,2016-11-19 00:08:09.195572193,492
-42.70256444961906,172.79409644470638,4.3,2016-11-14 04:14:09.114175531,492
-37.96904942166399,179.39125605588922,4.1,2016-12-04 01:06:44.391395375,493
-37.503855629501736,178.95640735812538,4.2,2016-11-24 13:52:15.398695818,493
-41.85958408183948,173.7016354826576,4.3,2016-12-04 17:13:47.188092117,493
-41.86845645771887,173.94883401243305,5.7,2016-11-15 03:37:58.145769904,493
-41.797983051600376,174.23449917474284,4.9,2016-12-13 17:26:13.304949807,493
-41.954296800041895,173.97000132073748,4.6,2016-12-04 23:45:18.783754632,493
-42.27979159235662,173.4592246072693,4.1,2016-11-15 01:40:57.670288159,493
-42.376288621455615,174.0167492638538,4.2,2016-11-18 05:50:52.924767102,493
-41.728631650281095,174.1400651522262,4.2,2016-11-14 08:59:58.453243325,493
-42.452716579280775,173.23323103513374,4.2,2016-11-14 07:55:41.382223185,493
-37.35034861255497,178.9877502537969,4.4,2016-12-06 16:07:30.954137839,494
-37.34799052236437,178.97742329136614,4.1,2016-11-25 08:04:28.608338766,494
-42.4925569177345,173.3445599187389,4.3,2016-11-15 11:06:46.674460731,494
-41.75721296397447,174.0230837557032,4.5,2016-11-16 07:54:53.083153523,494
-42.26707015894338,173.80727153439213,4.4,2016-11-26 11:26:00.879197064,494
-42.47756476975047,173.29077146154395,4.1,2016-11-17 16:17:09.700785160,494
-41.66799220087483,174.1503136644467,4.1,2016-11-17 02:12:24.273779094,494
-41.69545834598408,174.11362840329136,4.1,2016-11-26 18:48:07.646618382,494
-41.7946827085146,174.15772355631128,4.2,2016-11-15 21:37:14.263084600,494
-42.130903956326286,174.08014668733384,4.3,2016-11-14 11:45:46.886294483,494
-42.23597204887968,173.72857882436773,4.1,2016-12-06 04:00:18.871597560,494
-42.31983922828358,173.4863956577159,4.2,2016-11-21 11:45:43.760526571,494
-36.842995027523855,177.1909539513997,4.1,2016-11-23 21:06:23.497628,495
-38.04833513969747,179.14331756344933,4.8,2016-11-30 18:39:58.226202,495
-37.948780731906936,179.06974344959607,4.1,2016-12-05 19:01:27.020277343,495
-37.20526125758304,177.08404234904887,4.6,2016-12-08 01:14:05.576673218,495
-37.06206415392132,179.25671988031343,4.3,2016-11-25 11:54:12.277998265,495
-41.86268008676512,173.93806835349196,4.5,2016-11-14 10:30:09.585623998,495
-41.81242785461155,173.84694385921964,4.2,2016-11-14 12:52:16.539564302,495
-42.3407930937997,173.78216003163934,4.5,2016-11-15 09:36:56.417830238,495
-42.25766707472848,173.82413547349253,4.8,2016-11-14 16:50:06.325826901,495
-42.294926097296354,173.5088560121298,4.7,2016-11-14 12:11:15.619010259,495
-41.72046052635276,174.2708664499953,4.7,2016-11-14 00:01:40.892485477,495
-41.15456235039734,172.99808875923432,4.3,2016-11-17 16:31:54.731015327,495
-37.98464958268384,176.6945379884933,4.9,2016-11-21 08:23:08.396520,496
-39.51428571054318,174.89489393045642,4.4,2016-12-03 21:56:32.173865801,496
-42.86175713474641,174.10350300647573,4.2,2016-11-15 09:01:21.852978994,496
-41.75865024421277,174.3129605891336,4.4,2016-11-29 03:55:35.425469698,496
-42.36980678706082,173.70366833595585,4.1,2016-11-17 10:52:02.970936840,496
-41.78178893259357,174.2111974073601,4.3,2016-11-22 05:29:51.662811867,496
-42.37987299867524,173.77965980689387,4.1,2016-11-15 16:59:05.927093747,496
-41.681799510443824,174.20737081456235,4.6,2016-11-14 10:08:00.326636736,496
-41.664272862008936,174.25275938045587,4.1,2016-11-21 11:33:50.581991448,496
-42.320995441590895,173.8925304794765,4.6,2016-11-23 19:45:40.798317896,496
-42.399808221187264,173.78712354298003,4.1,2016-11-15 18:49:55.041691681,496
-38.4516031517221,175.57880581751678,4.6,2016-11-16 16:43:41.248437,497
-45.23972505083161,167.3569545603301,4.1,2016-11-25 08:00:47.336327,497
-37.70698395090823,176.42550837348188,4.7,2016-12-10 04:19:40.508036,497
-42.1548981463066,173.39858112195142,5.2,2016-11-25 06:57:09.554883109,497
-42.21546397619261,173.7311470523526,4.6,2016-11-18 21:39:23.146391048,497
-41.90403067933874,173.8974085061415,5.7,2016-11-14 20:56:15.598231037,497
-41.69593617812734,174.22982000640332,6.0,2016-11-14 16:48:47.809079382,497
-42.19210052420623,173.93975270479297,4.7,2016-11-24 11:55:06.502957927,497
-41.720611774026224,174.38574682984412,4.7,2016-11-14 00:21:26.974486595,497
-41.77800110186426,174.21763041660964,4.7,2016-11-14 21:40:44.159879272,497
-41.689536382412975,174.3110646921272,4.4,2016-11-18 06:58:47.167107381,497
-41.75373971568568,174.15934908096898,4.1,2016-11-14 22:12:06.780821271,497
-40.23183262799216,175.19059696451131,4.6,2016-12-04 18:47:37.246833,498
-36.894087310403776,179.22702296383395,4.2,2016-12-06 12:22:29.920556,498
-37.22207438044094,177.21813050015686,4.1,2016-12-08 20:49:58.735368,498
-41.68186058134027,174.35783268982175,4.2,2016-11-17 05:01:33.325902766,498
-42.58590317614467,172.8710691792633,5.2,2016-11-26 09:26:13.617244211,498
-41.82048662780111,174.04262815593626,4.1,2016-11-14 06:52:42.348917244,498
-42.22413508670191,173.71560785134733,4.1,2016-12-05 18:00:43.881439894,498
-41.70773863183404,174.32529280475035,4.1,2016-11-14 22:44:48.239647549,498
-42.5697798771924,173.11541603136192,4.1,2016-11-14 04:10:01.357536739,498
-42.11041274312565,173.2011752837067,4.3,2016-11-26 10:54:10.869111435,498
-43.92564829814253,168.23041290446156,4.1,2016-11-16 22:39:35.821602,499
-38.12011794883077,176.2719437447417,4.2,2016-11-23 14:15:03.593915,499
-36.83059184500037,177.74181928761604,4.2,2016-12-05 21:39:56.504610701,499
-36.91308698827188,178.904797118476,4.8,2016-11-20 12:42:34.774158193,499
-37.31449456214485,176.9113655309571,4.8,2016-11-29 03:56:07.689207814,499
-42.14712189836864,173.82827262809766,4.5,2016-11-22 06:48:08.982953638,499
-42.59282753816225,173.05156238537637,4.4,2016-11-14 13:45:01.896143827,499
-41.94795369913926,173.93082787360967,4.1,2016-11-14 14:36:53.937890363,499
-41.7600858732853,174.32095529572683,5.1,2016-11-14 07:07:03.293295942,499
-41.69483597832989,174.194713913114,4.4,2016-11-17 11:40:51.238742735,499
-41.80010045899514,174.43772011927663,4.6,2016-11-27 10:47:07.102426568,499
-42.56804215780177,173.1287007187515,4.9,2016-12-07 06:02:45.570740582,499
-36.805355283137615,178.9716838256893,4.1,2016-11-20 12:45:10.608234556,499
-41.65032130485151,174.08207635460988,4.2,2016-11-17 11:41:55.500263081,499
-42.07719598787773,173.55432753616503,4.2,2016-11-21 06:17:28.435106135,500
-42.28015372881363,173.8303320486079,5.1,2016-11-26 11:12:33.194151059,500
-41.84146942067597,174.1005801230447,4.2,2016-11-14 05:01:44.355441753,500
-41.807609640275935,174.22523685980542,5.3,2016-12-04 13:58:18.584960926,500
-42.36928115689282,173.83349819712237,5.0,2016-11-15 17:21:09.591357245,500
-42.73258983974871,172.72505774039098,4.3,2016-11-15 01:42:53.092435918,500
-41.95352701577412,174.38508281254457,4.4,2016-11-14 12:01:35.729737377,500
-42.32235107789339,173.33452918094633,4.4,2016-11-21 06:22:40.636436684,500
-41.9573624596148,174.36665281020385,4.4,2016-11-21 19:55:47.706345367,500
-40.46346589873369,173.2076390341541,4.7,2016-11-19 20:32:13.285963,501
-36.95705271508028,176.86995967201776,4.1,2016-11-21 18:10:02.029107,501
-37.60063086284429,179.35885933208343,4.1,2016-11-30 06:10:53.496129,501
-38.0288485076262,176.1239060679683,5.2,2016-12-03 12:04:05.116275,501
-35.164022039602045,179.04572862921228,4.7,2016-12-08 07:09:03.040865,501
-38.008598176627245,176.1358144505582,4.3,2016-12-03 23:22:04.871478049,501
-47.941282480552815,166.15883442577112,4.6,2016-11-26 14:48:44.818732488,501
-37.11064687765967,179.17295765760826,4.4,2016-12-04 11:19:09.853523082,501
-45.18182375548696,167.55032731127568,4.6,2016-11-14 05:35:10.727705028,501
-41.970058700690096,173.7271158950072,4.5,2016-11-14 21:49:34.231417272,501
-42.17242618244912,173.61470421693195,4.4,2016-11-14 09:59:05.866825062,501
-41.807223548121634,174.04841422439088,4.8,2016-11-15 10:34:49.465389023,501
-42.22204061747655,173.5485920953734,4.6,2016-11-14 17:50:53.593743670,501
-41.72208934370255,174.25184869784448,4.3,2016-12-02 09:04:16.508609678,501
-42.64719092314912,172.8194682657301,4.6,2016-11-15 06:24:53.244286868,501
-42.3279526260899,173.88557982303485,4.5,2016-11-15 00:24:34.880517554,501
-42.155852291615545,173.64562798158138,4.4,2016-11-23 21:24:01.471715869,501
-41.77275406889849,174.22146396177294,4.7,2016-12-04 01:47:30.026786481,501
-41.75901804318976,174.12495549557977,4.2,2016-11-14 10:05:50.018557009,501
-42.15659859062767,173.69793495644012,4.8,2016-11-16 19:12:22.634096469,501
-42.09495600867383,173.73824513419362,4.3,2016-11-15 02:58:10.833726574,501
-42.05118272716279,173.6547048584098,4.2,2016-11-19 02:32:37.706533265,501
-37.98167529632393,176.17697623822465,4.1,2016-12-04 07:20:29.852469444,501
-45.205705635316114,167.57314594848077,4.1,2016-11-14 05:42:22.433242872,501
-37.15917183715885,177.41177187731307,4.2,2016-11-17 08:58:15.141730,502
-40.33131218702263,173.60212686513734,4.7,2016-12-06 08:55:49.380893,502
-38.7366835670785,176.4427712057742,4.3,2016-12-11 20:03:50.187999,502
-42.64112255244841,172.75747624695902,4.2,2016-11-14 03:45:01.806564568,502
-41.525649948340174,174.54366180034216,4.7,2016-11-16 02:21:16.623990257,502
-41.70735355641831,174.2123358816516,4.1,2016-12-03 00:08:25.518212726,502
-41.6102337960149,174.18612379863,4.3,2016-11-18 15:34:26.545637082,502
-42.169010020554985,173.54448038708196,4.1,2016-11-16 10:58:01.589455073,502
-42.56089850772456,173.76468585946176,4.1,2016-11-14 07:07:59.041516362,502
-42.20119175952989,173.72676888918463,4.4,2016-11-22 18:00:54.693324,502
-41.522898760043134,174.57513661207113,4.1,2016-11-16 02:37:50.108462536,502
-42.1751660650273,173.73808270845996,4.7,2016-11-22 18:05:02.998427890,502
-38.00568802357745,177.74970877678768,4.1,2016-11-18 14:13:22.030880,503
-39.315246362716685,173.41178772353464,4.1,2016-11-20 16:04:27.467165,503
-45.02471531575279,167.47530472062363,4.3,2016-11-28 20:34:58.256079,503
-38.56587684333366,175.23035616232255,5.4,2016-12-12 07:58:39.176797,503
-42.432391204963686,172.84729083575144,4.4,2016-12-08 15:13:12.464609482,503
-42.63583281252909,172.6702604894234,4.3,2016-11-18 02:38:47.922345614,503
-41.72863430102223,173.8376133968614,4.1,2016-11-23 15:09:47.104520996,503
-42.23715689714741,173.6948752073938,4.8,2016-11-17 05:22:40.697802875,503
-42.1377651289379,173.63721953149036,4.2,2016-11-15 18:58:33.470761804,503
-41.68008976208473,174.0789473253637,4.1,2016-11-21 09:25:27.499214501,503
-42.49462874747842,173.53158615769436,4.1,2016-11-18 06:04:50.614542247,503
-42.70229442712747,172.91956417221184,4.8,2016-11-16 07:01:42.724909791,503
-42.13103193203433,173.78466714170364,4.1,2016-12-02 11:36:22.531778176,503
-41.73566656113637,174.2216052431641,4.6,2016-11-18 08:37:04.213558957,503
-41.66729183728052,174.30927122354393,4.9,2016-11-27 16:36:00.346484438,503
-42.12426698040123,173.9806138477043,4.2,2016-11-20 13:45:36.097970391,503
-36.10504148160904,177.80989608164757,4.2,2016-11-20 04:42:14.478773,504
-38.23632740801625,177.49372390832997,4.8,2016-11-24 06:13:48.971179991,504
-42.60335645797295,172.93362355463634,4.2,2016-11-18 07:15:10.175229825,504
-41.67491763093088,174.4455954361158,4.1,2016-11-17 14:16:12.025316109,504
-42.2707444631688,173.60955832077977,4.3,2016-11-14 17:51:53.598594742,504
-41.74036133919638,174.29455240135616,4.2,2016-11-20 02:22:59.552143832,504
-42.64070417099115,172.70075891651328,4.2,2016-11-15 18:39:22.759510497,504
-37.54756903144506,176.67725586531904,4.3,2016-11-30 15:03:24.402569,505
-45.22963897816345,166.87928495909236,4.2,2016-11-19 16:02:06.053775285,505
-42.31929642241606,173.77682871670757,4.6,2016-11-14 22:33:36.308731856,505
-41.61954909991858,174.26683683223263,4.5,2016-11-21 12:24:03.104370798,505
-42.02184972538848,174.4531699846645,4.3,2016-11-14 08:08:55.792180620,505
-42.19335622037115,173.63282566562305,4.4,2016-11-21 11:56:31.166841116,505
-42.428637817876734,173.33152991394618,4.2,2016-11-30 03:45:03.313415515,505
-42.27553448840904,173.62992405456842,5.3,2016-11-18 01:08:34.842883069,505
-41.77116495300671,174.29906518231795,4.1,2016-11-19 05:54:59.765607132,505
-42.01193600217925,173.9578666579326,4.1,2016-11-18 21:51:26.274497719,505
-41.6269274467777,174.23085962401626,4.9,2016-11-14 00:37:44.477373652,505
-42.11198526419945,173.83411690747724,5.3,2016-11-21 10:30:06.191785863,505
-42.01643889679728,173.94983584951325,4.6,2016-11-19 11:42:56.884949138,505
-37.140338092371096,176.81397928267688,4.2,2016-12-13 04:01:09.822841,506
-35.7760934295567,178.63990404245575,4.2,2016-11-25 22:45:19.635694136,506
-42.493518457706415,173.17609200785586,4.1,2016-11-18 19:07:53.583546487,506
-41.73120072400759,174.19127905168074,4.9,2016-11-15 06:45:25.224230995,506
-41.73901213532547,174.36669083054414,4.3,2016-11-14 04:23:37.530919256,506
-42.04193655204459,173.85852969550805,4.4,2016-11-14 19:00:47.414586821,506
-41.649477047564766,174.3570820638785,4.4,2016-11-15 04:07:12.838533153,506
-42.40252075744996,174.2493291848521,4.3,2016-12-13 02:57:12.670430601,506
-37.31079662414987,177.08370456227527,4.3,2016-11-25 00:34:12.694054,507
-40.87620087178914,172.7591497309137,4.1,2016-11-25 06:27:02.425657,507
-36.99177936464763,179.37586470984272,4.4,2016-11-27 02:30:25.845190,507
-43.68889725081535,168.6393608358021,4.6,2016-12-01 19:33:59.829020,507
-41.46102153536633,174.9512916373973,4.2,2016-12-09 22:05:33.601067,507
-37.15936072268121,179.3955498351599,4.4,2016-11-22 19:44:24.050646132,507
-43.15756115158254,173.3151277930571,4.7,2016-12-08 15:13:05.213483740,507
-42.48008771572073,173.67953646755217,4.2,2016-11-14 03:44:58.260887514,507
-42.264389487835935,173.77075934559204,4.1,2016-11-20 06:28:11.536236061,507
-42.25592273283042,173.6881049643432,4.1,2016-11-19 12:29:14.342165005,507
-42.18675783454789,173.66064338663048,4.1,2016-11-25 15:17:45.697559656,507
-42.56637322104078,173.13788757179705,4.9,2016-12-12 05:19:39.247988760,507
-42.28716488072632,173.58313655750422,4.1,2016-11-22 08:53:05.489035729,507
-42.06795255366206,173.5927895555661,4.4,2016-11-14 01:20:24.524551309,507
-43.13035204468007,173.28269255070902,4.1,2016-12-08 16:58:29.337774819,507
-38.4925540311113,175.90166518328306,4.3,2016-11-14 15:21:00.049381,508
-38.63905914558829,176.092361124964,4.2,2016-11-16 12:42:19.271976,508
-38.34330437935193,178.63555301295943,4.7,2016-11-20 15:58:27.554449,508
-44.95853578552068,167.41740684196913,4.4,2016-12-12 17:23:34.513910,508
-39.323737405417525,175.28862348562504,4.2,2016-11-20 21:33:54.800254311,508
-37.358045926112446,178.9792541907033,4.1,2016-11-27 05:08:49.464451633,508
-42.295437198344736,173.99134116905924,4.3,2016-11-17 10:05:14.862776526,508
-42.28472525647333,173.76716670996686,4.5,2016-11-16 12:10:41.305536369,508
-42.285366793594974,173.47555505099507,4.2,2016-11-14 17:22:32.198271347,508
-41.74389786485544,174.31582914895745,4.1,2016-11-16 03:49:29.317934225,508
-42.42780738002054,173.75833995703303,4.2,2016-11-14 12:41:39.394172506,508
-41.72053557054597,174.31987525919016,4.1,2016-11-14 04:29:48.229378842,508
-37.67072356756331,179.8022751780452,4.1,2016-11-28 20:59:52.759788,509
-42.39020548894558,173.36171759699172,4.2,2016-11-17 09:25:04.159597281,509
-42.37441506805279,173.6299932101021,4.3,2016-11-14 00:55:26.471308846,509
-41.81340864182313,174.3420937185043,4.3,2016-11-14 07:22:40.462760664,509
-41.91423731733123,174.27399780169017,4.5,2016-11-16 09:03:24.264395682,509
-40.89616943034,174.18694060847434,4.2,2016-11-14 03:02:18.214140402,509
-41.86428324014971,173.9709626777142,4.4,2016-11-14 16:21:55.466023708,509
-41.72293432514704,174.14496754856927,4.1,2016-11-16 18:20:43.110847581,509
-42.79288187332264,173.30745974746364,4.3,2016-11-16 13:37:20.229656276,509
-42.32444053618836,173.92425980147084,4.3,2016-11-14 13:56:12.802145703,509
-42.722600080821145,172.76614616170184,4.1,2016-11-20 12:38:17.599139529,509
-42.074103665803385,173.73320884894096,4.3,2016-11-14 12:28:28.412888634,509
-42.571574946289296,173.10998422445468,4.4,2016-11-16 05:01:32.387514670,509
-41.72512183178947,174.25108970964743,4.8,2016-11-14 23:02:07.624803799,509
-41.70126701485874,174.18626999127963,6.4,2016-11-16 12:48:04.020644426,509
-42.43565322224856,174.19351748157405,4.9,2016-11-20 11:43:21.995258421,509
-42.344231537584406,173.91694865065523,4.7,2016-11-14 21:19:55.147449731,509
-41.7258268578135,174.12623912731166,4.2,2016-11-16 12:52:41.157076651,509
-37.48678103316896,176.5170709624003,4.6,2016-11-16 00:30:19.714608,510
-37.85323143835872,176.41869811932312,4.2,2016-11-25 02:06:25.244194,510
-35.87339266974467,178.43586864919973,4.7,2016-12-04 07:31:37.787176,510
-35.371081834789805,178.88099780139208,4.5,2016-12-12 14:10:00.895729,510
-36.933642309988265,179.37128958115622,4.2,2016-12-04 14:26:27.752560101,510
-42.01568381425759,173.47818134814875,4.3,2016-11-16 06:08:10.505470991,510
-42.27426829009603,173.67120803844347,4.6,2016-11-26 10:58:12.145174355,510
-41.993759462383935,173.66715162140906,5.0,2016-11-19 07:09:54.990559879,510
-41.9758690726636,173.74100059602694,4.2,2016-11-14 02:00:19.127713420,510
-42.48341949398849,173.09529034342816,4.1,2016-11-29 14:38:48.489245700,510
-41.90226238019183,173.85831008368504,4.2,2016-11-27 12:07:36.021495799,510
-41.79367545706081,174.19571903804302,4.3,2016-11-24 14:42:09.892603942,510
-44.9869971752065,167.10031738347442,4.1,2016-12-11 18:18:39.790601,511
-41.87420677655365,173.747512553504,4.7,2016-11-20 22:54:13.849621455,511
-41.65633017945049,174.27032275627528,4.1,2016-11-19 18:25:11.204480529,511
-41.879595127647136,174.16498090516592,4.1,2016-11-14 21:08:05.127947708,511
-42.55912853241595,173.2089840977168,4.1,2016-11-28 19:18:48.097571993,511
-41.79339975075565,173.99981406900736,4.5,2016-11-14 23:18:20.722523212,511
-41.93295577909569,174.2327549569523,4.6,2016-11-14 01:54:17.844467387,511
-41.72919565056585,174.31672580273803,4.1,2016-11-25 13:52:42.994397325,511
-41.79863196598411,174.05217463875826,4.6,2016-11-19 21:14:54.997155025,511
-41.7486788542332,174.1772083273366,4.4,2016-11-14 02:49:05.268163475,511
-41.70472313783941,174.32539442584354,4.1,2016-11-14 19:17:39.692543717,511
-41.68900516236006,174.36009397333748,5.3,2016-11-14 11:39:24.032540286,511
-41.80049457998568,173.99078290203718,4.3,2016-11-28 01:56:55.434959464,511
-40.517272712079496,173.2529364835166,4.8,2016-11-19 05:57:22.752922,512
-43.63259822844699,167.15728185419854,4.5,2016-11-26 04:43:20.628973,512
-37.31679231113646,179.76621797773424,4.2,2016-11-29 22:33:57.871572,512
-46.16463045953951,165.8508727221595,4.1,2016-12-08 01:16:53.439255786,512
-37.37693806474075,179.41743274857885,5.0,2016-12-03 09:41:51.768718405,512
-42.630545207457,172.93477192334555,4.4,2016-11-20 15:25:37.868898426,512
-42.6986014338088,172.92079655590382,4.4,2016-11-30 11:31:04.332929634,512
-41.951864165081325,173.98043856472168,4.1,2016-12-08 08:47:18.258044669,512
-41.77948585380068,174.2438201615955,4.1,2016-11-16 17:40:38.824377468,512
-35.82923930616733,177.9400589826909,5.6,2016-11-27 10:32:25.331415,513
-43.1951965563867,173.34518051003914,4.5,2016-12-09 15:56:00.976802,513
-37.73662118761359,179.48115485244463,4.2,2016-11-19 08:38:54.867438296,513
-43.3382987119912,172.29408418633773,4.1,2016-11-20 15:56:55.776656106,513
-41.716308002315024,174.1509469968451,4.3,2016-11-26 13:34:44.109188937,513
-42.0109641317998,173.81132476288016,4.2,2016-11-18 05:04:55.045830314,513
-42.5288539764618,173.32729557517635,6.1,2016-11-21 05:37:07.135665469,513
-36.59968818915374,179.6781346942032,4.2,2016-12-13 02:05:32.781912512,514
-42.90393440227088,172.76130971916243,4.2,2016-11-16 04:57:19.282560025,514
-42.568709923606846,172.92031232592774,4.3,2016-11-14 09:08:52.531620553,514
-42.583947293586746,172.93211747659257,4.1,2016-11-15 03:46:43.679856755,514
-41.73809304508742,173.7087658691427,4.2,2016-11-22 11:42:05.263426795,514
-41.78496652976411,174.3081870108603,4.2,2016-11-16 04:02:44.333758560,514
-42.1989553639937,173.7792706082221,4.2,2016-12-06 12:26:39.845256695,514
-41.93801412704176,174.09548949522394,4.7,2016-11-15 20:05:19.469732605,514
-42.26999976275604,173.71648244666554,5.1,2016-11-17 14:09:59.804233408,514
-42.73646045186634,172.91252945545622,4.2,2016-11-14 07:04:50.247712106,514
-41.7718557105347,174.29242814063042,4.1,2016-11-15 03:33:21.847539778,514
-42.44140236899747,174.3659328067376,4.1,2016-11-26 09:49:23.804945757,514
-42.33723102495498,173.86645297406577,4.1,2016-11-27 21:17:36.923114462,514
-42.20850018251922,172.9220381599247,4.6,2016-11-19 05:14:28.242691716,514
-41.84174472210934,174.00306650098298,4.3,2016-12-06 10:53:55.025170039,514
-38.9761040144517,177.89739738844378,5.1,2016-11-14 00:49:09.552352,515
-39.08944173236938,177.28449820043176,4.9,2016-11-17 11:05:17.672463,515
-37.14214990645336,177.5067340512089,5.0,2016-11-28 12:01:27.369247,515
-37.98479758362269,176.06649986687492,4.1,2016-12-05 01:39:43.017956,515
-38.006867165280255,176.06579054912152,4.5,2016-12-05 16:32:17.273276263,515
-42.60624207820574,172.92273009590363,4.6,2016-11-19 02:02:42.913250541,515
-42.57176401394863,172.8825447954605,4.6,2016-11-16 08:16:01.916955685,515
-42.61879388738832,172.93746541299015,4.6,2016-11-29 00:57:49.531836408,515
-42.01685075131486,173.78739102120386,4.3,2016-12-02 11:35:25.608538157,515
-41.89598582647423,174.00912465415533,4.3,2016-11-23 20:01:14.140178097,515
-42.32265242729194,173.50868477178162,4.7,2016-11-14 05:21:54.147258454,515
-42.24727746912886,173.70688775327417,4.2,2016-11-15 12:23:11.715562835,515
-42.37662055757132,173.074932830088,4.1,2016-11-22 10:24:05.889004461,515
-41.51710812583384,174.24424590499228,4.1,2016-11-14 02:11:32.612088601,515
-41.654797539742745,174.2748375829395,4.7,2016-11-17 23:30:12.732230781,515
-42.66280976012873,172.9351342957029,4.3,2016-11-23 04:39:28.177455765,515
-41.88211465586336,173.98483247060048,4.5,2016-11-14 21:33:36.806177164,515
-42.68459003689616,172.81699245126504,5.0,2016-11-15 00:35:58.315778213,515
-41.8949430860456,173.99915691373775,4.2,2016-11-23 21:24:12.852450569,515
-42.28774817925251,173.53172006316626,4.6,2016-12-03 21:08:31.214274710,515
-41.9445248414143,174.04502931055782,4.1,2016-11-15 10:36:47.927134968,515
-36.61933356937696,177.05831962256997,4.5,2016-11-16 21:25:56.433743030,516
-41.966056319979735,174.01990610776812,4.9,2016-11-20 19:35:01.565716560,516
-42.05470071652828,173.67897231309405,4.1,2016-11-15 02:10:37.135999037,516
-41.99162005502564,173.84237167166503,4.5,2016-12-04 09:15:22.592884405,516
-41.70796754344246,174.26595542375915,4.8,2016-11-14 19:18:22.532102723,516
-42.32500561101805,173.66773934111112,4.3,2016-11-16 20:01:15.314366162,516
-44.23471961150093,172.79720234290738,4.2,2016-11-19 01:35:59.847439963,516
-41.95386409085916,174.03922113704306,4.2,2016-11-18 04:49:47.918018948,516
-41.81981072282224,174.03232803330843,5.2,2016-11-15 06:23:40.630973641,516
-42.327062657438354,173.67038362963424,4.1,2016-11-24 00:28:53.769154872,516
-44.68867469377605,167.40258728696963,5.2,2016-11-26 20:44:29.441840,517
-37.36207147987657,179.1853186796491,4.6,2016-12-04 05:34:24.856959429,517
-37.36039113292224,178.92874180920322,4.3,2016-11-29 01:23:54.922003024,517
-42.97705816307428,173.1968456747193,4.8,2016-11-14 07:59:16.945883603,517
-42.70771516449546,173.06782824996688,4.4,2016-11-20 09:38:26.466000098,517
-41.87866311837241,174.18831621964378,4.9,2016-11-14 07:41:53.614025474,517
-41.79830821992971,174.27874422471473,4.1,2016-11-15 05:13:01.547914111,517
-41.61213729957181,174.32273388467917,4.2,2016-12-02 18:09:57.620374003,517
-41.768673155494376,174.3310038352308,4.5,2016-11-23 04:13:50.349539269,517
-42.49495708372273,173.29472618271467,4.1,2016-11-15 01:54:15.996993895,517
-41.91729360575109,174.17244905368926,4.7,2016-11-25 00:21:41.750106435,517
-42.053474245941125,174.05505905633436,4.2,2016-11-19 18:30:12.337694072,517
-41.69707611172259,174.24843079921166,4.3,2016-11-27 23:38:17.991894161,518
-42.47716082457935,172.86136700093255,4.3,2016-11-19 15:02:52.754320440,518
-41.75204898356376,174.1282334239692,4.2,2016-11-16 17:03:06.196500459,518
-41.73282475990806,174.2693037675173,4.1,2016-11-21 05:29:23.298854218,518
-42.14714622279856,173.45129662709232,4.7,2016-11-14 20:23:06.018815808,518
-42.525818847943,173.18545778961635,4.7,2016-12-01 04:22:33.761697233,518
-42.06203297422562,173.72220003509315,4.2,2016-12-12 10:58:55.833149076,518
-37.73656259137668,176.2335562888094,5.3,2016-11-23 02:15:18.007112,519
-40.44984462608896,174.33963051821968,4.3,2016-12-04 03:04:04.555962,519
-43.6827247417974,172.75374499205577,4.1,2016-11-22 21:20:13.783620589,519
-42.65123647843826,172.90232873726433,4.8,2016-11-17 12:01:00.831050273,519
-42.08891984687355,173.36660654037016,4.6,2016-11-26 00:05:07.879224444,519
-42.29257890086311,173.83573412541386,4.2,2016-11-15 05:39:34.962454010,519
-41.71164483794511,174.41702865416522,4.4,2016-11-15 19:20:16.575244460,519
-41.76724112300676,174.40483996710304,4.8,2016-11-15 05:52:54.242459526,519
-42.43748735186799,173.78329580094444,4.2,2016-11-18 04:34:44.745997068,519
-41.57494631877138,174.29570860430775,4.5,2016-11-15 03:36:14.942927960,519
-42.1448888408018,173.1306325177851,5.1,2016-11-24 15:05:55.613420679,519
-35.18094551980908,178.92079728349597,4.1,2016-11-27 02:10:12.780614,520
-35.13934837860063,178.8965027456462,5.7,2016-11-29 19:58:50.397919725,520
-41.8549642181397,174.03790205567162,4.1,2016-11-14 00:36:01.652775310,520
-42.014889512102165,173.67492531396084,4.2,2016-11-23 14:25:54.367047694,520
-42.21217437651252,173.75173681315673,4.3,2016-11-14 01:24:47.144566446,520
-41.71717546828363,174.3402879363717,4.1,2016-11-14 00:17:23.201685053,520
-42.257024586344606,173.5578884627458,5.2,2016-11-14 03:55:50.598018444,520
-41.81446482154745,174.15579885241496,4.2,2016-11-14 00:41:03.225841141,520
-41.754935407744256,174.23410649414262,4.2,2016-11-14 02:44:54.511859400,520
-42.35571785434893,173.8192062484857,4.2,2016-11-18 02:14:06.918912910,520
-42.361405447487726,174.04602100023104,4.5,2016-11-23 19:59:13.821096960,520
-42.548287082544384,173.34996233791614,4.5,2016-11-15 01:25:22.735363544,520
-41.79400287435579,174.45146692181086,4.2,2016-11-24 16:40:43.205802699,520
-42.141660550863456,172.85077378363775,4.3,2016-11-21 20:44:13.311995331,520
-40.908642897272834,174.35381510709408,4.1,2016-11-14 04:22:21.436121980,520
-38.21427848044473,175.614168849815,4.6,2016-11-18 04:01:13.063404,521
-34.84648798555585,179.17224249106053,4.2,2016-12-11 07:52:04.775381,521
-42.63165037042168,172.82853902228518,4.3,2016-11-14 03:58:43.805077540,521
-42.08166432988268,173.7092738393128,4.3,2016-11-15 10:03:30.747222235,521
-42.16906010861156,173.86242447987246,4.3,2016-12-08 19:12:01.740016744,521
-41.77043855505581,174.17812902160358,4.3,2016-12-12 07:33:32.695245777,521
-42.518088421624746,173.43232135986855,4.7,2016-11-16 04:35:36.530563469,521
-42.27203344613786,173.71176555063937,4.1,2016-12-08 08:00:32.196835738,521
-42.14713021342245,173.87678126627333,4.3,2016-12-10 10:07:53.697268060,521
-38.20361120021366,176.2490350643319,4.1,2016-12-11 10:42:20.227967743,522
-37.33360119678794,178.80763042209617,4.3,2016-11-19 05:01:38.588627965,522
-42.25161107101314,173.64997321948294,4.1,2016-12-09 04:49:20.079616128,522
-42.65045481948931,172.71858236422693,4.1,2016-11-27 15:59:33.560103065,522
-42.70880678856725,173.0036157786778,4.2,2016-11-14 03:12:36.016662515,522
-41.74028350591415,174.2744420910665,4.1,2016-11-16 07:46:06.979864302,522
-42.48600915212727,175.49656916268756,5.1,2016-11-17 03:26:37.058906365,522
-37.9783137042024,178.88165959292925,4.1,2016-11-21 02:49:13.102171,523
-39.94103365957521,176.65072480117732,5.4,2016-11-28 08:33:53.120904,523
-41.9723703113758,174.32835359864592,4.2,2016-11-29 18:28:04.954153,523
-38.73188327057233,176.1272708258118,4.3,2016-12-05 05:45:58.338792,523
-35.15489706386552,178.7969818979618,4.2,2016-12-05 09:29:51.752120,523
-37.18271619565734,176.57655980876632,4.1,2016-12-07 00:30:37.573871,523
-36.86760468958538,179.32568782957063,4.2,2016-11-15 18:40:35.745089701,523
-37.35133064797932,178.79792101099454,4.1,2016-11-16 20:13:51.856348395,523
-41.65810669537406,174.2812245260508,4.5,2016-12-06 21:00:15.458658468,523
-42.30257119598891,173.65067105142407,4.3,2016-11-14 23:04:33.418153279,523
-41.7369642081105,174.29860972940796,4.2,2016-11-25 20:27:12.219924389,523
-42.398265455972464,173.96331728006268,5.0,2016-11-14 12:08:38.553967660,523
-42.37384785739852,173.984799225126,4.3,2016-11-28 07:46:58.570867665,523
-42.09173052194319,173.690413738589,4.3,2016-11-14 20:31:46.152552968,523
-42.10803602180591,172.97410820979172,4.1,2016-11-26 12:03:08.231642953,523
-42.89477551499164,172.89124494549807,5.1,2016-11-26 05:22:26.962646,524
-39.35499533765614,173.75842110065048,4.5,2016-11-21 18:04:58.994802319,524
-42.6641835495993,172.8799418784762,4.7,2016-11-14 05:34:18.413425226,524
-42.00929192822465,173.68913144436132,4.5,2016-11-21 07:34:34.043968613,524
-41.961277648663376,173.9965204199045,4.9,2016-12-08 02:18:39.735400884,524
-41.70119448581257,174.24165380338383,4.3,2016-11-14 08:44:52.360600222,524
-38.34084842581865,178.81877213220525,4.7,2016-11-16 09:09:52.680491868,525
-41.67010548515666,174.3614842634162,4.1,2016-11-14 03:26:18.164195480,525
-36.81380632787031,179.15756821310546,4.3,2016-11-16 17:32:30.504480266,525
-42.36370113774419,173.64641127199783,4.2,2016-11-14 12:29:38.600225823,525
-36.25256826332501,177.96298370034316,4.1,2016-12-12 07:51:27.602739,526
-36.84733266939947,177.61818473808304,4.2,2016-11-17 21:29:24.453224403,526
-42.61713363910592,173.00265788484188,4.7,2016-11-27 16:03:26.294604694,526
-41.79902631812286,174.23111349976708,4.1,2016-11-21 13:15:57.087736614,526
-41.7674179418723,174.35095586253226,4.5,2016-11-18 08:05:35.848737679,526
-42.310546303504815,173.77576101581306,4.1,2016-11-15 22:18:31.545994810,526
-41.7772848708001,174.24128372429584,4.3,2016-11-15 22:21:30.039261550,526
-42.36796106725754,173.75975543148508,4.1,2016-11-17 19:14:23.686785396,526
-41.73339274774816,174.3751917414627,4.1,2016-11-14 03:58:21.337268134,526
-41.91600647433416,174.17026618124902,5.0,2016-11-14 07:06:02.712447672,526
-41.86343918791332,174.11059016729777,4.5,2016-11-14 11:47:13.590248301,526
-41.77062299904893,174.03648359513122,5.0,2016-11-14 00:05:51.635442308,526
-44.99660828124898,166.92353799973506,4.2,2016-11-25 15:57:34.967372,527
-37.429137520696166,179.5300739870578,4.8,2016-12-04 12:55:00.796495,527
-37.37987791753875,176.95502086129596,5.0,2016-12-12 17:04:02.162894,527
-41.928657888827296,174.24191709418054,4.3,2016-11-20 09:28:01.726192569,527
-42.67869069777581,172.80614197301642,4.5,2016-11-24 11:17:19.833911455,527
-42.47183063204499,173.80724433923157,4.4,2016-12-03 09:14:31.853936651,527
-41.77301663698879,174.1662656604444,4.2,2016-11-14 18:54:30.985201374,527
-42.34506693401366,173.91162017810123,4.1,2016-11-14 02:01:57.941401880,527
-42.32501608996031,173.89743009832523,4.3,2016-11-15 15:21:35.682598903,527
-36.844011522077054,177.85807044639105,4.1,2016-12-08 09:56:11.294719,528
-47.617868948446045,165.59854159549337,5.2,2016-11-30 03:54:13.116324654,528
-37.07722439737788,179.17425584468538,4.1,2016-11-26 17:32:32.895187687,528
-42.76345983276316,173.1720306713409,4.6,2016-11-17 12:09:14.335400664,528
-41.84587609219178,173.74630016092576,4.1,2016-11-14 08:13:30.233215633,528
-41.98783225134183,173.97345117029317,4.1,2016-11-19 16:27:55.570778089,528
-41.62135195820479,174.3344408171916,4.4,2016-11-15 02:15:34.622366060,528
-42.29694988605912,173.743654781921,4.1,2016-11-14 18:11:49.920576494,528
-41.88830210552453,174.25573959952877,4.1,2016-11-17 02:46:22.945003534,528
-41.75985111326263,174.22162494787798,4.5,2016-11-14 13:25:09.753281385,528
-42.15366016038648,173.99805345433722,4.1,2016-11-16 13:01:00.821232989,528
-41.99324172804451,173.94818865741414,4.4,2016-11-27 17:53:16.914748055,528
-40.70758567104733,176.35232336971924,4.1,2016-11-30 12:05:12.730300,529
-44.064012779843175,168.60514287925773,4.1,2016-12-01 09:56:47.001200,529
-36.82353073001792,177.04666638479472,4.1,2016-12-04 05:08:20.159525,529
-35.30266789382099,178.8375680339416,5.6,2016-12-06 03:22:57.207738,529
-45.17840698702923,166.8733117912103,4.6,2016-12-09 15:13:30.463357,529
-40.87219460398149,175.4927321537857,4.3,2016-11-18 17:05:43.250933075,529
-45.06181829795428,167.5955005647753,5.0,2016-11-27 07:35:39.464049577,529
-36.97833384341205,178.80636906543631,4.3,2016-12-11 14:28:58.126002729,529
-42.72747280229001,173.3044382212218,4.5,2016-11-30 20:03:23.298002081,529
-41.77409748147472,174.2964858411694,4.2,2016-12-08 16:41:14.601511650,529
-42.03751649847288,174.10348862578098,4.1,2016-11-15 18:58:35.163847669,529
-42.22247147462832,173.68890329248924,5.0,2016-11-14 03:49:27.684532757,529
-42.44065443281741,173.78987902432422,4.2,2016-11-28 23:07:06.930450105,529
-42.664827091983135,172.805305246125,4.5,2016-11-29 01:10:59.791982153,529
-42.27803100621402,174.0504707077116,4.2,2016-11-16 17:00:28.133570410,529
-41.62649760337639,174.25051751405798,4.1,2016-11-14 04:42:46.266871636,529
-34.35434066732977,177.59029794092493,4.1,2016-11-20 10:27:49.568473,530
-37.00984382331157,177.19819214816002,4.1,2016-12-01 13:44:18.829831,530
-38.211919947384565,176.4953503999078,4.8,2016-12-04 18:25:14.508879,530
-36.9790887517459,179.34243289391793,4.6,2016-11-18 10:59:40.022648795,530
-42.44779587238664,172.98953969874924,4.1,2016-11-14 07:57:14.437007893,530
-41.75555318028272,174.33476496699672,4.2,2016-11-22 06:31:24.441155511,530
-42.65390183694238,172.74965012270536,4.1,2016-11-17 10:38:23.951277296,530
-42.134255961909865,173.7443888297172,4.5,2016-11-17 15:24:32.688890720,530
-41.70799297441955,174.31279712347728,4.2,2016-11-17 09:28:03.415441848,530
-42.53636315881588,173.3964062805209,4.1,2016-11-18 16:04:49.650382325,530
-42.3722421483155,173.64384475652588,4.4,2016-11-16 20:04:38.167478392,530
-37.8277320310681,178.20393903057746,4.8,2016-11-15 10:16:12.669443,531
-47.34177282355558,165.2920382689327,4.8,2016-12-02 03:09:54.611973,531
-37.28186315195439,177.48772039487866,4.7,2016-11-25 17:59:40.892032599,531
-41.75777435238485,174.1928689063004,5.3,2016-11-14 09:24:07.229511566,531
-42.61920603067901,173.26842856730696,4.3,2016-11-16 16:33:18.424303651,531
-41.77797363123989,174.26560541876572,4.9,2016-11-20 23:26:33.194347121,531
-42.34457846745028,173.91240489582916,4.7,2016-11-14 02:34:23.731204353,531
-42.32052415710579,173.1454805158988,4.6,2016-11-18 04:14:04.874606973,531
-38.3121903576012,175.92828349032376,4.6,2016-11-20 03:08:52.212336,532
-35.571883863159,178.8845783219533,4.1,2016-11-24 20:55:18.558839,532
-37.83843522441056,179.51615674401822,4.7,2016-12-06 10:36:48.311660,532
-42.47890012867256,173.58533113990916,4.1,2016-11-25 09:56:51.484108271,532
-42.4263526863646,173.66540747654926,4.1,2016-11-20 23:06:35.505297255,532
-41.63937490726752,174.34083629241323,4.2,2016-11-14 08:59:01.053831330,532
-42.26114965074897,173.1372186302203,4.1,2016-11-26 06:23:40.571129256,532
-42.5540336192728,173.43886973541322,4.2,2016-12-03 14:17:51.862005407,532
-41.80722503812783,174.06315468707274,5.0,2016-12-03 13:41:56.141297003,532
-42.48734705550779,173.59501711943813,4.3,2016-11-14 20:00:22.604664755,532
-41.75539972971341,174.2823060411279,4.4,2016-11-18 21:59:17.599809327,532
-42.39164386540752,173.96663403859145,4.5,2016-11-14 01:47:39.240487160,532
-42.309199995762384,173.14022366108097,4.1,2016-11-14 00:49:37.784123637,532
-41.59061575890159,173.9924649062786,5.5,2016-11-15 07:39:12.260458315,532
-42.575486819832605,173.58357960246582,4.2,2016-12-08 20:26:45.136146145,532
-40.61469314167228,174.36946672467107,5.5,2016-12-06 09:46:27.209325,533
-37.60342335380533,171.26705061282857,4.3,2016-12-07 16:14:39.372894,533
-40.871161215077606,175.52450661275086,4.1,2016-12-02 00:36:13.862092596,533
-42.58115702157804,173.039444022449,4.2,2016-11-18 08:53:35.904707772,533
-42.16179404224403,173.76519019462964,4.9,2016-11-28 10:45:41.633991982,533
-41.20758652587729,172.48197437529822,4.1,2016-11-16 03:52:32.099403645,533
-42.57956235931211,172.87167884844504,4.4,2016-11-18 18:08:38.313806918,533
-41.732663159577605,174.27247792143257,4.3,2016-12-11 19:19:30.551607456,533
-41.7359858425175,174.33633223006072,4.1,2016-11-14 15:48:49.133788231,533
-41.79626180405668,174.12282099449493,4.3,2016-11-14 15:02:00.400967346,533
-41.72715514686579,174.28836047042842,4.9,2016-11-18 17:12:07.582050010,533
-42.131263119756085,173.73637652921192,4.6,2016-11-19 15:33:57.279744869,533
-41.731730244779,174.08442876943425,4.2,2016-11-16 07:28:25.005561392,533
-35.548953229266644,178.46636772160625,4.2,2016-11-15 11:59:40.846169554,534
-41.997563312945154,174.23345515686088,4.3,2016-11-24 21:39:56.373401322,534
-42.85612207244064,173.0832798622059,4.5,2016-12-07 23:32:56.736620045,534
-42.00742537309934,173.6433564012545,4.2,2016-12-12 08:21:37.562915132,534
-42.40292423997034,173.59755435047038,4.2,2016-11-14 03:44:23.467074184,534
-41.653582380089645,174.33686800922862,4.5,2016-11-21 12:31:19.788881365,534
-41.93615854986261,174.28014540265127,4.6,2016-12-10 06:25:48.978907442,534
-41.78080812047371,174.04385612349265,4.6,2016-11-19 23:05:23.606736018,534
-42.45908030240535,173.69510326675942,4.9,2016-11-14 17:31:40.702739725,534
-42.108648999285165,173.66889228469253,4.1,2016-11-23 20:48:34.860395961,534
-42.07226116014623,173.85140861965286,4.2,2016-12-06 21:23:57.690878599,534
-42.36768483274802,173.49450894672557,4.1,2016-11-28 11:45:08.886532710,534
-41.7151978998196,174.25749514399112,4.2,2016-11-14 07:49:44.036690649,534
-42.42594185967563,173.71461858032984,4.1,2016-11-14 11:02:49.330957930,535
-41.681019790666845,174.3347449741251,4.2,2016-11-26 00:41:01.890636502,535
-42.50520627181033,173.8007504944683,4.5,2016-11-14 00:33:38.366143176,535
-41.71880193855313,174.2923753858798,4.3,2016-11-14 03:53:13.240893606,535
-42.3593103790984,173.9066659458016,4.6,2016-11-14 01:40:29.570626876,535
-39.72548251213404,174.34381093087288,4.9,2016-11-17 18:05:54.402503,536
-38.33591234212972,176.94805423686344,4.4,2016-11-29 18:54:39.528329,536
-37.85779780404216,176.7956604801982,4.8,2016-12-03 06:32:16.298859,536
-40.63718859068176,173.4311104239764,4.4,2016-12-04 06:45:34.557824,536
-36.63688161698672,177.9351965455481,5.0,2016-12-13 21:35:35.624634,536
-42.48736928552882,173.7467300459061,4.2,2016-11-23 09:59:49.968066597,536
-41.79313829953463,174.0257037040664,4.8,2016-11-16 18:30:46.806858296,536
-41.91542119097936,174.01967610711893,4.5,2016-11-15 03:59:54.352737018,536
-41.63123974419478,174.3388239202154,4.2,2016-11-18 03:41:51.570295960,536
-42.27401324173515,173.70267459416183,4.3,2016-11-17 21:52:31.116343484,536
-41.78409670777327,174.33233429642954,4.1,2016-11-28 16:03:56.853192975,536
-41.69388946755483,174.21025806053083,4.1,2016-11-19 07:28:10.824556667,536
-42.35143222043052,173.96736840907676,4.1,2016-11-14 15:26:01.468453793,536
-42.67833374767476,172.79158394223023,5.3,2016-11-15 23:09:23.329787584,536
-43.66237717973456,172.6088589145818,4.1,2016-12-04 04:42:35.861924,537
-39.34922355667516,174.76037631729363,4.1,2016-12-08 14:44:22.259138,537
-45.34886806723698,166.7640757223239,4.5,2016-11-16 14:27:42.504453277,537
-41.61083845009179,174.46809367465912,4.6,2016-11-25 12:24:21.919839201,537
-42.623922120879946,172.9978995881411,4.3,2016-11-18 15:16:03.567096031,537
-41.70554582192224,174.33336872601788,4.1,2016-11-14 23:05:20.970966405,537
-41.725966654184965,174.35720188577346,5.0,2016-11-14 18:40:31.656756368,537
-41.86052221977807,173.9515595027615,5.2,2016-11-14 04:33:49.849215654,537
-41.68472378977575,174.3204166748576,4.4,2016-11-15 18:44:16.118941245,537
-41.71703656349943,174.35911190220048,4.2,2016-12-04 21:36:38.561787688,537
-36.49122472775623,178.09898164760483,4.3,2016-11-14 06:16:36.843931,538
-34.46624097487474,177.69528014705148,4.1,2016-11-16 18:22:38.681761,538
-40.4650070574864,175.62365125460127,4.1,2016-11-22 18:46:09.872519,538
-34.41871425227541,177.6822581953258,4.1,2016-11-16 20:08:55.048926837,538
-43.59970688122392,169.82590747031117,4.3,2016-11-15 10:29:18.547945968,538
-36.11995301116985,179.74466936541307,4.1,2016-12-08 14:35:50.238967910,538
-41.73956264699071,172.18193170010153,4.2,2016-11-23 19:18:28.313242062,538
-41.86123396325805,174.15570289753404,4.1,2016-11-14 16:09:45.540109737,538
-41.98088919684236,174.69777789665488,4.5,2016-11-15 06:53:19.933474048,538
-42.03974647299021,173.9963924840815,4.2,2016-12-04 17:10:51.996258450,538
-42.23608863510504,173.3945291907907,4.1,2016-11-21 14:09:02.346635163,538
-41.75228560938507,174.3061476833536,4.3,2016-12-11 20:36:12.954368690,538
-42.50636841999157,173.33972497099896,4.7,2016-11-14 16:20:13.357376654,538
-41.72427421756495,173.6203296509371,4.1,2016-11-18 04:04:46.084439,539
-45.44715737202642,167.12811529866983,4.1,2016-11-20 11:09:45.440636,539
-46.3732985443996,166.2077316226551,4.1,2016-12-01 00:25:18.338061,539
-37.78358565983032,176.37849106475093,4.4,2016-12-01 05:02:11.108012,539
-37.59391577768578,176.24712705900123,4.2,2016-12-07 05:12:41.493043,539
-40.5538568533552,176.99487042853073,4.1,2016-12-11 02:29:01.022374,539
-42.73134343288975,173.04771520285405,4.1,2016-12-05 08:42:42.283979568,539
-42.65401770574545,173.05352102436052,4.3,2016-12-03 15:45:11.665225770,539
-42.366100248928696,173.4674465349359,4.1,2016-11-25 18:50:43.725804440,539
-42.41968879346397,173.5489797719765,4.2,2016-11-28 12:52:56.862377294,539
-41.78824286930256,174.42915194411532,5.3,2016-11-19 00:44:57.807282732,539
-42.22209847252218,173.84879975918977,4.2,2016-12-09 02:46:11.462716875,539
-42.44005666949791,173.55435823819712,4.3,2016-11-14 04:25:04.290536038,539
-42.35993160596947,174.08597721021093,4.5,2016-11-19 15:48:00.028101783,539
-41.76871705355069,174.22220315633965,4.1,2016-11-25 16:03:52.002091961,539
-41.77724710776388,174.4384027902509,4.6,2016-11-26 13:04:23.851763994,539
-45.38194088811468,166.69482076309563,4.8,2016-11-20 01:41:52.186952,540
-42.53078877802318,173.1606232725186,4.1,2016-11-14 21:48:37.182955245,540
-41.03727446113109,174.61006789512916,4.6,2016-11-18 22:43:56.213922202,540
-41.734901519289615,174.23204744703264,4.2,2016-11-16 17:22:12.084483675,540
-41.79040977521896,174.20806119121812,4.8,2016-11-17 07:10:12.847452865,540
-42.326111098302896,173.84251228702502,5.0,2016-11-26 14:38:49.814171955,540
-41.79699970881397,174.0640819014533,4.4,2016-11-20 09:02:05.167186537,540
-41.85657642999074,173.93910269497903,4.1,2016-11-21 16:24:25.714258390,540
-41.74314190575247,174.25816294844574,5.0,2016-11-15 13:20:39.716010392,540
-41.79739202662651,174.0771884380031,4.4,2016-11-20 14:03:30.337917168,540
-41.71762264275018,174.2225479087232,4.9,2016-11-15 18:43:20.589927489,540
-42.34720338474917,173.42900696313956,4.2,2016-11-25 08:44:47.818515579,541
-42.072191033707,173.50966652423514,4.6,2016-11-15 16:50:23.166038272,541
-41.90336206986007,173.98416375815768,4.2,2016-12-03 14:10:34.242889201,541
-42.28630026404138,173.6664343814523,4.2,2016-11-28 17:30:27.726070673,541
-42.41701139117866,173.3728541560714,4.6,2016-11-16 06:06:54.298255918,541
-41.670270362257696,174.2600760751354,4.1,2016-11-17 04:28:00.171273466,541
-41.66136138342099,174.27553869073586,4.1,2016-11-14 06:39:53.400728257,541
-42.14298129840029,173.66643641492817,5.0,2016-11-14 00:15:51.641114636,541
-41.643026422254216,174.26147137619986,4.4,2016-11-17 15:00:43.141251455,541
-41.41791620242146,173.69896711829517,4.5,2016-11-15 20:56:53.940271,542
-45.47842158442268,166.73667408572712,4.1,2016-11-20 00:23:20.838228,542
-38.73691680100308,175.35916644979224,4.4,2016-12-10 03:27:18.101177,542
-37.031332938057126,178.6388083767921,4.4,2016-11-18 13:24:38.763120191,542
-42.86793947152944,173.19815052280558,4.3,2016-11-14 12:14:00.375851892,542
-41.99289269048717,174.03361796472618,4.8,2016-12-05 18:42:58.428309256,542
-42.15146143496069,173.66241330018622,4.5,2016-11-14 15:23:29.344809900,542
-41.92249749261863,173.962966336334,4.3,2016-11-14 20:45:06.835805543,542
-42.359112407609096,173.4068530591788,4.2,2016-11-16 12:00:58.989629099,542
-42.51246339990184,173.68980527597176,4.5,2016-11-14 09:57:16.788122840,542
-42.04879676448787,173.8212692779126,4.2,2016-11-22 22:27:42.890618860,542
-42.07493777920615,173.5611295744244,4.1,2016-11-16 04:11:25.388506025,542
-36.65265013819167,179.26871408498764,4.1,2016-12-02 08:15:38.973076304,542
-41.7600625736318,174.2306802228788,4.1,2016-11-14 03:08:04.907010611,542
-42.42775002540551,173.8886687322578,4.2,2016-11-15 21:59:20.512636564,542
-41.74301650340086,174.29329520035358,4.3,2016-11-22 21:10:59.926640963,542
-42.76794083631869,172.90531559075595,4.4,2016-11-17 21:34:29.750935135,542
-42.137301359459016,172.84399982095263,4.4,2016-11-14 06:56:10.022607614,542
-41.83682008972865,173.9927796511021,4.7,2016-11-27 04:19:21.196646981,542
-42.08646116709856,173.85899683743145,4.2,2016-11-23 06:33:46.377643216,542
-39.43968339600615,175.71243353208047,4.4,2016-11-30 13:45:49.413556,543
-39.564907698314975,177.5765916126942,5.2,2016-12-03 09:41:22.727629,543
-46.90537301224041,165.51039815999104,4.4,2016-12-03 00:22:42.765143388,543
-42.69470721636957,172.932189406111,4.3,2016-11-15 23:23:51.743816896,543
-42.63279667819149,172.91243078051545,4.2,2016-11-17 23:09:36.671702789,543
-41.70084796223275,174.31443470046813,4.4,2016-11-14 22:34:01.685390968,543
-41.67995512844933,174.21118310326355,4.4,2016-11-18 19:39:14.731410498,543
-42.16563838917215,173.65358940503015,4.6,2016-11-14 00:58:02.082880357,543
-41.83066953143644,174.4149236000662,4.2,2016-11-17 05:54:36.839974472,543
-41.70228434466008,174.10117727422835,4.2,2016-11-20 11:33:02.466451085,543
-42.187737746973234,173.98875486071228,4.2,2016-11-14 01:32:14.013771332,543
-37.800718541357874,176.39792374890376,5.0,2016-11-28 06:00:42.509059,544
-46.68042939040671,165.39237956496277,4.3,2016-12-09 05:25:56.247381,544
-42.46919561472162,173.03815423279192,4.6,2016-11-15 05:16:02.430030377,544
-37.39291730303044,178.83954300913683,4.2,2016-12-03 23:06:31.852815196,544
-42.43725284737284,172.8685538082505,4.5,2016-11-14 01:36:42.050580753,544
-41.73604103033895,174.44057357784914,4.2,2016-11-14 02:40:29.822524861,544
-42.27517540868944,173.902278587515,4.5,2016-11-15 01:13:55.967681048,544
-41.80462778635552,174.05824656700966,4.4,2016-12-07 09:21:48.273944379,544
-36.89079721901195,179.11920458999157,4.1,2016-12-05 21:48:18.710659490,544
-42.42265621434512,174.26311279213965,5.0,2016-11-14 08:57:13.260321357,544
-41.77684424050058,174.4715942856881,5.1,2016-11-14 17:45:41.517090578,544
-42.40806345520797,172.88626834966402,4.1,2016-11-14 05:51:57.072431257,544
-37.461069990376,179.24221322512517,5.4,2016-12-08 10:06:08.345567,545
-45.02776263502312,167.57858596351352,4.5,2016-12-13 11:57:30.990030,545
-46.67068086661141,166.11432570212534,4.3,2016-11-22 17:01:44.002383482,545
-37.98873265580912,176.16504852148293,5.1,2016-12-01 06:09:44.400432314,545
-36.79161326589023,179.44160453674212,4.6,2016-12-10 08:58:33.776083179,545
-42.58347182485428,172.60788605395763,4.7,2016-11-30 19:47:43.759891743,545
-43.00464710251438,173.13462444845973,4.5,2016-11-15 12:44:26.871546823,545
-42.03204312968769,173.7977030649379,4.3,2016-11-14 09:02:15.822788262,545
-42.23860346166135,173.80660598100508,4.2,2016-11-16 20:47:14.158319189,545
-41.7256101336234,174.31464789905326,4.2,2016-11-14 00:27:08.960978008,545
-42.04437480483967,173.00803522057788,4.2,2016-11-17 13:10:17.116118581,545
-42.07150336331036,173.70291236979938,4.2,2016-12-03 10:58:28.220656534,545
-42.36669844281344,173.4274286692682,4.3,2016-11-14 19:55:04.301644456,545
-42.24160327177416,173.5496634378303,4.1,2016-11-14 00:41:47.471156634,545
-37.29479555434065,176.79453322863466,4.2,2016-11-29 02:40:18.308947,546
-46.270874230645454,166.0788242933739,4.9,2016-12-02 21:33:56.994951,546
-45.460616964351566,166.84876197939946,4.1,2016-11-28 14:11:16.284560749,546
-37.39618986555799,179.8044622957677,4.4,2016-11-28 01:13:27.291069288,546
-37.0832003514842,179.0529496507679,5.3,2016-12-07 21:18:18.963156218,546
-37.37685478945053,178.9751894422114,4.7,2016-12-07 22:18:49.881209841,546
-42.56159562448691,173.3786242871901,4.3,2016-12-06 10:27:02.673641837,546
-41.870548601700975,174.18093239973754,4.4,2016-11-19 22:52:29.035064442,546
-42.24069834728045,173.6270435634835,4.1,2016-11-14 21:57:50.629379739,546
-41.73437381919828,174.15916055220768,4.3,2016-11-14 09:32:47.585601785,546
-42.64698641534916,172.75921116348863,4.7,2016-11-14 00:11:23.919277439,546
-41.78886097361986,174.14191611447362,4.4,2016-11-14 04:43:20.192596914,546
-37.39902035959527,179.76276833840416,4.1,2016-12-03 19:26:27.216987510,546
-46.54469222951427,165.67387650717325,4.2,2016-11-21 02:25:46.523171,547
-38.66641340028572,175.68974947608106,4.1,2016-12-07 11:57:50.233419,547
-37.22457455705601,177.39758932216623,4.1,2016-11-30 09:17:30.165522098,547
-41.4841669134266,172.41502294644752,4.3,2016-12-02 06:56:25.719156833,547
-42.77644657286511,172.87440537586636,4.1,2016-11-19 09:40:37.591265850,547
-41.791284626088576,174.39513862598608,4.5,2016-11-17 11:12:04.965773321,547
-41.83654539989935,173.83694092958558,4.2,2016-11-15 21:20:56.050304539,547
-42.30203117110207,173.51765144439787,4.1,2016-11-16 09:37:12.052813982,547
-41.826725905771575,173.9730993921028,4.5,2016-11-19 20:36:01.324342324,547
-41.8134911402496,174.07630668826482,4.2,2016-11-15 08:17:36.700849632,547
-41.77882183851594,174.15150826011774,4.2,2016-12-06 18:11:58.938487328,547
-41.72431364003917,174.31334733203056,5.8,2016-11-14 18:52:20.445980911,547
-41.77686289567399,174.1691208274214,4.7,2016-12-07 04:46:25.312738509,547
-44.39026473226917,168.6877789214118,4.2,2016-11-14 19:38:45.615584,548
-36.88417291963998,177.76369998771105,4.5,2016-11-22 01:56:53.470427,548
-40.653686826528414,176.54944819214467,4.1,2016-12-07 18:10:02.740103,548
-41.50309375494683,174.48263796114767,4.4,2016-12-10 00:14:44.284171,548
-36.967873522561575,178.92486865624952,4.7,2016-12-12 01:17:16.381836562,548
-42.63063288563999,172.8509166290238,4.4,2016-12-05 09:54:38.884931052,548
-41.760924058481606,174.28899818979676,4.2,2016-11-14 16:30:43.288183873,548
-42.55493387687705,173.9218197640314,4.6,2016-11-23 13:38:30.968920095,548
-42.36651930753837,173.892012979342,5.0,2016-11-30 23:28:49.447202280,548
-41.88462104980304,174.03842737008765,4.2,2016-11-21 06:28:57.299735132,548
-42.34658640726237,173.56346039722465,4.3,2016-12-09 04:54:52.993566043,548
-44.145396903056415,168.67569728910567,4.1,2016-12-10 19:44:14.518537,549
-40.80546968341186,174.86078894792945,4.4,2016-11-23 14:09:04.123957104,549
-42.66401571382097,172.98157536405566,4.2,2016-11-27 08:42:00.214639295,549
-42.1636374375292,173.5212115922863,4.1,2016-11-15 05:45:39.983209543,549
-42.00127424467022,173.70024645808087,4.3,2016-11-18 21:40:32.960953758,549
-41.68982125810694,174.47752556240994,4.7,2016-11-22 05:10:26.694329833,549
-41.73368356815609,174.1407064678663,4.1,2016-11-24 08:24:13.733204079,549
-41.72251829986104,174.10604229474254,4.2,2016-11-23 03:46:25.476075615,549
-41.78279787047244,174.02725561388252,4.7,2016-11-18 22:51:13.340877289,549
-42.667196134679,172.86110008119252,4.3,2016-11-14 11:49:23.230456564,549
-41.725542762153054,174.37091493891523,4.3,2016-11-14 08:53:45.099134442,549
-43.51412635149473,172.7860734455737,4.3,2016-11-19 18:33:11.482663,550
-40.84210443828624,175.50105075491575,4.9,2016-11-21 19:05:40.923868,550
-35.31197241472876,179.07974957516106,4.7,2016-12-02 17:39:25.121287,550
-37.29932915888333,178.78061584350837,4.3,2016-11-15 08:36:39.172733832,550
-42.64643886611144,172.93641775868866,4.1,2016-11-28 21:14:26.698947723,550
-42.2131842725333,173.60737360729047,4.2,2016-11-16 14:08:41.076641093,550
-41.79329771434838,174.02701597183648,4.3,2016-11-22 08:50:43.949336178,550
-42.26496545538631,173.63436957666457,4.3,2016-11-21 18:25:30.473260614,550
-42.203935196996376,173.6706376981488,4.2,2016-12-04 23:59:25.260132095,550
-42.30008758671795,173.66869417674351,4.2,2016-12-02 05:01:36.438594186,550
-42.25859134934613,173.45869264152643,4.7,2016-11-26 21:36:56.518852014,550
-41.9234384764079,174.30389430657797,4.6,2016-11-25 14:10:43.662185355,550
-41.940852581186846,173.76008412788858,4.5,2016-11-14 09:52:28.125454321,550
-36.52133978593781,177.5722404745431,4.6,2016-11-20 04:05:08.352512,551
-41.7793131455602,172.52825650741866,4.4,2016-11-17 02:26:24.621414893,551
-42.01482634768694,173.5563841360851,5.0,2016-11-28 10:05:02.250233927,551
-42.756954177890606,172.73589917631966,4.1,2016-11-16 05:50:02.197083078,551
-42.2393300656712,173.87128154056285,4.3,2016-11-18 23:57:28.202075633,551
-41.63473692895294,174.29466439370574,4.1,2016-11-15 22:08:55.721247203,551
-42.59971462818527,173.20487913956487,4.2,2016-11-16 23:26:42.405354486,551
-41.63102531998932,174.3350322586912,4.1,2016-11-14 15:09:22.280148046,551
-38.27337966711039,178.25575095558816,4.2,2016-12-01 08:39:46.488678082,552
-37.26589603221508,179.17595855891864,4.9,2016-12-13 18:33:14.302821674,552
-41.80698515103725,174.0813435789109,5.0,2016-11-24 02:04:41.935137388,552
-42.19139423355844,173.67171003558704,4.5,2016-11-14 21:37:24.770320013,552
-36.82362679995201,179.19769249221244,4.2,2016-11-22 13:59:38.859694579,552
-42.72686271246298,172.96875091606097,4.1,2016-11-25 08:09:23.947117025,552
-41.7012764360186,174.23550663069065,4.3,2016-11-15 07:06:56.374165696,552
-42.228190124854464,173.6288505790166,4.5,2016-11-14 00:25:20.185494607,552
-36.397282713456256,177.11462442672624,4.1,2016-11-21 02:28:49.457577,553
-38.9632734352446,175.12587615473652,4.3,2016-11-21 18:03:01.169424,553
-37.86560129484346,176.47820409691985,4.3,2016-12-09 15:37:28.905238608,553
-42.33469319105518,173.4348051027998,4.2,2016-11-25 06:20:43.017371747,553
-41.679671053824165,174.20350139146683,4.4,2016-11-14 02:41:45.393048866,553
-41.64818755933841,174.22917931326873,4.5,2016-11-18 00:32:14.011727715,553
-42.24090261766283,173.57378396391735,4.1,2016-11-14 00:37:51.846802853,553
-41.71691840516875,174.28658488629387,4.3,2016-11-16 12:03:31.343179872,553
-42.55141591313279,173.36919853001973,4.5,2016-11-17 06:48:55.989740381,553
-41.61010353549565,174.34138506877298,4.3,2016-11-14 00:12:00.915621361,553
-42.401019224348666,173.51379564368756,4.7,2016-11-18 02:32:51.674228822,553
-42.39527208734653,173.54217381199598,4.4,2016-11-18 03:11:06.035985956,553
-37.14506584944327,176.45876588623526,5.3,2016-12-08 09:59:52.649179,554
-42.39256913146191,173.7570363373894,4.2,2016-11-14 23:30:08.769385399,554
-41.86868583762957,174.25678779575867,4.9,2016-11-14 17:18:39.739046074,554
-41.790185188282535,173.96281753245398,4.7,2016-11-20 11:17:24.161652271,554
-42.19408790036177,173.81834301219624,4.6,2016-11-14 14:57:37.825312503,554
-41.89287056067102,173.9191564452561,4.2,2016-11-14 04:35:25.032195221,554
-42.295337492886425,173.79333215337974,4.1,2016-11-27 04:00:37.817529375,554
-42.54147472941119,174.22796870300186,4.1,2016-12-13 13:59:20.350433979,554
-40.32955948795922,175.14350181208974,5.7,2016-11-23 18:55:45.390850,555
-41.92032682672684,174.46514124394676,4.3,2016-11-16 10:43:14.794593557,555
-41.699750317448434,174.310632963828,4.3,2016-11-20 07:51:10.088185762,555
-41.90885865441436,174.1641253451086,4.2,2016-11-16 12:44:52.625244821,555
-41.67453035227924,174.11098086489275,4.1,2016-11-21 18:58:50.439722683,555
-42.02750555260098,172.7366777680578,4.1,2016-11-26 14:19:15.975290037,555
-41.15721996534399,172.37886944613996,4.3,2016-11-15 10:50:12.046863619,555
-39.66333583826262,174.50339665931685,4.4,2016-12-12 00:30:02.148005966,556
-37.31930489931168,178.8621738544622,4.1,2016-11-16 17:10:09.038662443,556
-42.152644340549806,173.58177947400958,4.9,2016-11-17 22:59:47.133386749,556
-42.31640324274495,173.85453854765922,5.1,2016-11-20 18:26:31.445772470,556
-42.27731634507138,173.5358209225559,5.4,2016-11-18 07:53:04.091081079,556
-42.936307531712025,172.73768851390466,4.5,2016-12-06 11:13:28.490979984,556
-42.25258249305125,173.60945772134875,4.1,2016-11-14 00:26:23.189673259,556
-37.27142727716356,178.97088370371566,4.8,2016-11-16 22:36:19.500471814,556
-45.01442666271437,167.782543917246,5.0,2016-11-17 09:47:27.660498,557
-37.24089761924564,179.75271215609555,4.4,2016-11-29 02:33:17.667009,557
-36.89204049692986,178.87532008670337,4.7,2016-12-04 01:13:39.828209062,557
-39.02947084287951,174.7484928383168,4.6,2016-11-17 05:29:31.746392892,557
-38.30965373688571,178.1805043531223,4.2,2016-12-02 23:09:38.382238710,557
-43.57310883990685,172.2514799699778,4.1,2016-12-06 22:24:24.383070208,557
-42.33041173582737,173.42602276260564,4.4,2016-11-15 22:14:48.610272923,557
-41.67911966609483,174.32390847063667,4.3,2016-11-21 01:42:28.375164441,557
-41.990272481563146,173.56968452217427,4.3,2016-11-14 03:07:57.071631151,557
-42.2365693046978,173.8657508744676,4.1,2016-11-15 11:32:46.392275943,557
-41.71067705863872,174.08842637774148,4.1,2016-11-18 11:33:29.372707158,557
-42.5477923978989,173.2898620945483,5.1,2016-11-18 01:56:13.024941093,557
-39.01011254401638,174.7621281787616,4.1,2016-11-17 13:21:21.360419119,557
-36.61584992743106,177.49381598983982,4.6,2016-11-21 16:46:01.175979,558
-47.18872590552797,165.36318643951498,4.7,2016-12-01 06:56:01.368680,558
-42.02454501093249,171.42776070585296,4.7,2016-12-11 02:10:04.820202,558
-38.11934115363847,179.13433724006444,4.3,2016-12-07 16:20:50.326680188,558
-37.980742865932925,178.2359001397205,4.1,2016-11-26 01:59:56.257857006,558
-37.43518332942148,178.89443976707224,4.1,2016-12-13 17:27:37.413805875,558
-41.92039752293437,173.86178800127843,4.4,2016-11-17 11:10:10.735134916,558
-42.27963178493722,173.6080440588781,4.1,2016-11-15 20:51:48.428239993,558
-41.99386677877299,174.06927654341462,4.1,2016-11-20 23:49:40.286820368,558
-41.717725579948144,174.24539071869478,4.2,2016-11-29 06:21:34.934671552,558
-42.47570020160901,173.07237917932457,4.1,2016-12-12 16:28:31.585345949,558
-42.2829503817166,173.88912087367856,4.1,2016-11-14 00:17:42.354874501,558
-41.74992622172815,174.18767081841895,4.4,2016-11-18 00:34:03.048878038,558
-41.980616223695456,174.07389345591244,4.3,2016-11-21 00:04:01.458370974,558
-47.12266992144424,166.0397968313727,4.3,2016-12-11 18:24:38.369993,559
-38.30281368916666,175.9797781515305,4.6,2016-12-13 19:40:57.385087,559
-41.75255066076098,174.2099912260693,4.1,2016-12-02 13:15:47.678808113,559
-42.515947466012655,173.19595283051103,4.4,2016-11-28 13:56:32.729867355,559
-42.69227413634692,173.47440841055,4.1,2016-11-14 04:07:43.097987917,559
-41.35985629908529,173.6552291996094,4.6,2016-11-14 09:05:11.011465424,559
-41.71708329336023,174.24476236545163,4.4,2016-11-16 05:57:04.218496755,559
-42.1935736957624,173.88417536955015,4.2,2016-11-14 11:03:11.778671687,559
-42.37273464877369,173.53569332968834,4.2,2016-11-17 03:59:27.663379851,559
-42.30638241405931,173.78403170797878,4.7,2016-11-14 00:57:37.918807504,559
-34.908111174391884,179.78810326484327,4.2,2016-11-28 04:31:41.188083,560
-44.00045292044291,167.7629624514948,4.3,2016-12-10 15:48:24.328112,560
-47.26172201207865,165.4395250472338,4.4,2016-12-11 19:30:42.557001957,560
-41.18340720160933,174.57521013175796,5.6,2016-12-07 00:36:35.548082638,560
-42.6560160644144,173.84283720598714,4.2,2016-12-06 10:52:30.727145818,560
-41.75813386317215,173.98368176507805,4.4,2016-11-26 00:16:26.736621049,560
-41.79382705049069,174.29567765086466,4.2,2016-11-24 06:51:29.164011107,560
-42.41719134055722,174.27474989688452,4.1,2016-11-14 03:09:48.184684548,560
-41.71587112692469,174.28985678299097,4.1,2016-12-03 03:12:13.323038247,560
-36.82950577612502,178.72359312254017,4.3,2016-12-11 23:30:57.248100,561
-41.56426653006499,173.93839979812927,4.7,2016-12-06 00:30:10.193416835,561
-37.281368471197695,178.81928013434447,4.6,2016-12-11 14:58:01.148974834,561
-42.027106562361546,173.67128457566216,4.7,2016-11-15 11:26:16.679949900,561
-41.9907440076956,173.86954394090313,4.1,2016-11-24 00:08:49.807516121,561
-42.53782508294304,173.0471098928232,4.3,2016-11-26 14:43:42.269652817,561
-41.67293819562389,174.4612206288338,4.3,2016-11-14 00:04:02.564326144,561
-40.47771890667112,176.07477097096404,4.2,2016-11-28 08:22:19.691440,562
-45.97621244183275,166.15918277262685,4.4,2016-12-09 04:37:37.858538,562
-43.53148242190739,172.78627955526605,4.1,2016-12-12 03:46:57.633611378,562
-45.83500066186277,170.14857292333852,4.7,2016-11-22 10:45:44.053416195,562
-41.59028274483399,174.47305788354484,4.5,2016-11-19 08:12:30.332325048,562
-41.702860984318136,174.22087217592636,4.3,2016-12-05 10:15:36.677695463,562
-41.77215095964538,174.2435576960384,4.2,2016-11-27 09:57:17.808289522,562
-42.66519126311719,172.92816936318377,4.4,2016-11-14 16:40:53.178442945,562
-42.57667570638152,172.60737310794414,4.3,2016-11-14 23:20:33.537240045,562
-42.00659230818864,171.89530171050285,4.6,2016-11-21 16:56:18.975454,563
-42.90451454049906,171.39967983400544,4.4,2016-12-11 12:25:33.037453,563
-44.70440477298052,167.94521986829514,5.6,2016-12-01 02:44:11.127108105,563
-42.62122980074342,173.02138613285328,4.6,2016-11-14 02:28:06.774281248,563
-42.00410624017217,173.80483771449576,4.1,2016-11-30 16:23:49.425356369,563
-42.33391109200692,173.79411526728228,4.6,2016-11-21 03:04:56.439131080,563
-42.70063264583475,172.77132498466614,4.5,2016-12-10 23:06:34.249806767,563
-42.62399558042576,172.81167817751088,4.2,2016-11-14 15:56:02.022640249,563
-41.72480721424781,174.24091451363722,4.3,2016-11-14 03:23:07.959369845,563
-42.31413455460604,173.3555438464797,4.3,2016-11-23 20:25:22.802857556,563
-41.73666283759198,174.30619998141424,4.2,2016-12-12 03:50:36.216125202,563
-42.25247413590458,173.56091996976332,4.2,2016-12-10 07:24:30.048480701,563
-42.39230291739304,173.87563235137438,4.2,2016-11-19 07:55:43.585865661,563
-42.34064567600235,174.06134945707782,4.1,2016-11-14 14:39:43.777111495,563
-34.37321183115285,177.50826924035005,4.6,2016-11-22 22:56:26.309727,564
-40.45186749524821,174.27340458446955,4.5,2016-12-08 07:05:42.971664,564
-37.02914111956529,176.9383297946962,4.1,2016-12-12 07:58:14.079300,564
-41.65661895909842,174.1620248196574,4.2,2016-12-09 03:58:39.314560153,564
-46.15917370349913,165.85783792724928,4.8,2016-11-23 01:19:11.163483685,564
-37.27333809440789,179.17975732039898,4.4,2016-12-04 13:22:07.397364273,564
-41.98423217032138,174.05924998800455,4.2,2016-11-16 10:29:46.932037227,564
-41.86125685513799,173.89372041585537,4.8,2016-11-16 13:56:56.419864901,564
-42.2864627395098,173.37231605590392,5.5,2016-11-15 13:47:37.606061058,564
-42.530297830587976,173.73199703359032,4.3,2016-11-18 02:11:23.994523522,564
-41.74329906432979,174.29589014904786,4.8,2016-11-16 23:05:46.515953191,564
-42.40518531325367,173.96495134396957,5.1,2016-11-14 14:22:20.286471414,564
-41.70318401143497,174.36962408956506,4.8,2016-11-19 18:38:10.999566834,564
-45.54309533015771,166.79236053570602,5.4,2016-11-14 00:13:13.923438,565
-39.91967532680451,174.61935255517164,4.1,2016-11-15 21:50:06.795571,565
-37.763101750092375,177.7537806537218,5.1,2016-11-27 23:35:18.578858,565
-38.85981776549587,177.3749331340938,4.2,2016-12-07 23:55:37.359873,565
-36.98208011827497,177.72209919635696,4.1,2016-12-12 07:49:17.309588,565
-45.58660374869888,166.7318084796537,4.2,2016-11-15 02:01:03.121491416,565
-38.227260969889656,176.0645706152351,4.2,2016-12-06 00:59:21.093874728,565
-37.2012940655313,178.7522576472008,4.6,2016-11-21 11:29:51.969916483,565
-42.51751552131465,173.13432061089864,4.2,2016-11-15 08:39:20.754807125,565
-41.86297838259628,174.2265844544473,4.3,2016-12-05 19:19:11.034537156,565
-41.71497322002757,174.2471507667416,4.2,2016-12-01 10:40:06.020389310,565
-42.70071476953684,172.96159240724288,4.1,2016-11-16 09:11:41.358724230,565
-41.06729241817398,174.6232090276415,4.6,2016-11-18 15:59:26.846980,566
-42.74059874313275,172.91992811916228,4.5,2016-11-15 20:49:00.202684330,566
-41.65466502839961,174.06606401141264,4.4,2016-12-06 19:28:42.551507925,566
-41.79258288625794,173.9858184532845,5.0,2016-12-12 03:47:20.138636621,566
-42.08003589626072,173.80376355891673,4.1,2016-12-10 12:27:26.014597675,566
-41.9828292056083,173.51954945677025,4.3,2016-11-17 12:48:04.339857296,566
-41.73378506907018,174.48743465634493,4.1,2016-11-14 09:34:47.381754379,566
-42.527136303173,173.92201284217705,4.6,2016-11-22 05:29:30.879132708,566
-41.70216508610612,174.22737976557784,4.2,2016-11-14 16:30:51.556059966,566
-42.26838116307525,173.74903560113862,4.2,2016-11-14 16:44:20.717076628,566
-42.280524793630754,173.6467457856943,4.4,2016-11-16 04:12:21.327566945,566
-41.8266707914354,174.02078967228906,5.2,2016-12-12 04:02:39.364590093,566
-41.99225689392926,174.25588896463466,5.4,2016-11-19 17:25:56.866752,567
-45.87006077764384,166.3728299742512,6.2,2016-11-21 11:48:40.684965,567
-37.343999819783136,179.0240754360074,4.9,2016-11-24 03:52:51.987551,567
-44.36017209768728,168.02270464138024,4.2,2016-11-26 08:31:27.836228,567
-43.48319676523333,172.80476948474725,4.1,2016-12-04 07:13:06.183575,567
-38.8055217926443,175.4418570714553,4.1,2016-12-03 04:04:11.438803672,567
-42.6111581399793,173.41762157789336,5.1,2016-11-15 19:16:42.428336949,567
-41.98401245708624,174.3148023985169,4.3,2016-11-30 08:09:43.724258279,567
-41.75064117132048,174.1659960140261,5.2,2016-11-15 17:09:03.386674901,567
-42.66852969286652,172.7528442770327,4.2,2016-11-17 13:31:30.277014248,567
-42.67008291944787,172.8527898689614,4.9,2016-12-09 08:46:41.584215384,567
-41.066451434890666,174.86118872558563,4.1,2016-11-20 21:51:11.525785500,567
-41.67845656291043,174.33863797251345,4.3,2016-11-14 04:48:25.196333780,567
-42.46598978804116,173.02060552915614,4.4,2016-11-14 07:24:27.763914555,567
-39.1768971637492,173.51025394141885,4.5,2016-11-25 17:39:48.637840,568
-39.226070350645,174.87887073951515,4.6,2016-12-02 03:13:13.028982,568
-38.655203836316126,175.62777342511023,4.1,2016-12-07 07:58:35.947889,568
-42.56120748606663,173.0716897825064,4.3,2016-11-14 16:37:58.606331190,568
-42.69426899567495,172.74812640996893,4.6,2016-11-29 18:07:07.250334767,568
-42.03312462533355,173.63048736736698,4.6,2016-11-14 01:49:27.574747681,568
-42.37732886512499,173.470931244464,4.1,2016-11-14 00:13:14.113504193,568
-42.279126632102695,173.6295478855089,4.8,2016-12-08 02:48:07.381357991,568
-42.23885694487902,173.82875604072868,4.8,2016-11-20 21:56:45.056491335,568
-42.379922951890265,173.4670250964622,4.2,2016-11-20 18:21:57.707307543,568
-37.85487793069864,176.10405122897654,4.5,2016-11-19 14:51:02.144405,569
-37.01259689938005,178.75307467770344,5.2,2016-11-25 01:18:37.145794008,569
-42.64702147435177,173.02607796714676,4.6,2016-11-19 15:13:19.856670099,569
-42.68225665825119,173.4083057394621,4.3,2016-11-16 03:12:55.570762903,569
-42.48627314037517,173.25409446944408,5.0,2016-11-15 12:21:38.205609910,569
-42.31818914181502,173.9221771231721,4.1,2016-11-15 22:05:51.549680016,569
-42.57641640758232,172.6600719501297,4.1,2016-11-17 16:43:35.562632780,569
-41.9648767282604,173.81037387594506,4.7,2016-11-15 07:02:00.043722869,570
-41.75840931657177,174.1664086506807,4.2,2016-11-14 03:21:05.452545946,570
-42.36954021624996,173.18609465948236,4.4,2016-11-25 14:13:59.088199720,570
-42.72292825609372,172.78648921962008,5.1,2016-11-15 09:53:29.315812221,570
-41.755086422612735,174.2808316924995,4.2,2016-12-08 12:42:54.193115879,570
-42.34711410537352,174.04666738177923,4.4,2016-11-28 16:52:34.853426748,570
-42.53181794506037,173.1886140622747,4.1,2016-11-19 02:44:01.540652284,570
-42.1447617208585,173.66201429242648,4.5,2016-11-14 12:05:19.812476725,570
-41.69276861125172,174.16991720307288,5.0,2016-11-14 02:26:55.541514596,570
-41.759166753618,174.19061574231458,5.0,2016-11-15 16:28:08.156121414,570
-42.14808275754938,173.86151552515977,4.1,2016-11-25 01:53:39.515583327,570
-42.41564661632785,173.33502630766546,4.1,2016-11-25 17:00:05.464565099,570
-42.182154129123504,173.58626895884558,5.2,2016-11-25 17:03:06.245863361,570
-37.37276453999642,176.60627120690313,4.5,2016-12-03 20:39:19.354414,571
-37.51638070197595,175.9762468582883,7.5,2016-12-01 03:46:32.542158139,571
-41.95349296410336,174.03962364165903,4.9,2016-11-14 01:10:44.671479061,571
-41.85314864311037,174.14234583298563,4.9,2016-11-14 14:53:10.856126614,571
-42.24656798943767,173.72246918615883,4.4,2016-11-21 22:44:29.688797479,571
-42.40284669625355,174.00236153078035,4.1,2016-11-16 21:53:52.650078053,571
-41.692554397140704,174.2424341301023,4.2,2016-11-14 03:09:42.131838242,571
-42.396700212170906,173.14328552002792,4.6,2016-12-01 11:22:01.375867042,571
-41.675251145827445,174.19082374927362,4.4,2016-11-14 05:02:36.380764679,571
-42.40655750958515,173.6310580844571,4.1,2016-11-20 08:31:47.330164204,572
-42.34772025461126,173.57210214851185,4.1,2016-11-15 17:18:47.568030352,572
-41.72602075435606,174.34674166054128,4.6,2016-11-19 13:26:29.919388401,572
-42.25257736875014,173.51234116803602,4.1,2016-11-15 01:48:49.670925308,572
-42.33147056875264,173.69115234948663,6.1,2016-11-17 14:30:26.037337574,572
-42.25083026090078,173.58900099174278,4.1,2016-11-15 09:30:32.892844617,572
-42.33534095054041,173.09829029676257,4.8,2016-11-14 00:26:06.176627760,572
-40.41374204919544,176.66382919303825,4.1,2016-11-23 11:06:37.127307,573
-40.08421234044641,175.11737950282807,4.7,2016-12-09 02:44:24.632371,573
-37.67443965412875,176.43118649999684,4.2,2016-12-12 04:55:17.290384,573
-40.20102544265429,175.07902183411792,4.7,2016-12-09 18:26:01.235870655,573
-41.39761693945959,174.95101562257818,4.1,2016-12-10 11:30:42.433233567,573
-41.71825852085911,174.18082806248518,4.1,2016-11-16 17:07:22.474844997,573
-42.11368872488148,173.70110638601398,4.4,2016-11-14 13:16:29.064879747,573
-42.42482534795481,173.56455342609425,4.4,2016-11-14 14:11:40.712511581,573
-37.863917379653806,179.40137282872922,4.3,2016-11-22 20:13:03.142695,574
-45.22228768976903,166.36996151594028,4.3,2016-12-10 02:21:03.026217,574
-42.65202022140242,173.21836597006742,4.4,2016-11-15 03:47:26.246859268,574
-41.61041266270195,174.3482145021162,4.2,2016-12-01 00:07:30.585856978,574
-42.38755151350615,173.324447073047,4.7,2016-11-14 23:13:29.465941071,574
-42.59879711707633,173.00768649351048,4.3,2016-11-17 23:27:07.333824938,574
-41.91740752982296,174.0385685265535,5.3,2016-11-14 02:02:55.973277012,574
-41.7293694821223,174.28105569813266,4.5,2016-11-25 08:26:00.203599319,574
-37.69419404113479,177.7849700387809,4.1,2016-12-06 16:41:56.657866185,575
-42.49298162198131,173.21850392747947,4.1,2016-11-17 18:50:29.724461437,575
-42.35664586182817,173.33223976331138,4.3,2016-11-14 05:22:25.378614184,575
-41.9376875546434,174.1958474778795,4.8,2016-11-14 01:20:42.022680120,575
-46.37003536724413,166.22183988105573,4.2,2016-11-19 05:46:27.908837,576
-42.27738853189444,173.62926903341113,4.5,2016-11-14 01:02:48.591484797,576
-42.31270024398505,173.95912460316708,4.3,2016-11-21 09:55:32.550782921,576
-42.29718264543751,173.7536071070045,5.0,2016-11-30 19:13:56.127790186,576
-36.82817417536306,179.07623577876393,4.2,2016-11-19 15:28:53.284885059,576
-42.29944854582364,173.84428153141195,4.7,2016-11-14 04:15:27.520029500,576
-41.87015738465272,173.93204203273064,5.7,2016-11-22 04:32:12.648480696,576
-39.03340517226853,174.7175472049927,4.2,2016-11-24 20:11:47.371916,577
-37.61577569269844,176.73045015146047,5.0,2016-11-24 20:50:22.195396,577
-42.28771538763201,173.6076822347145,4.4,2016-11-19 17:44:55.932857408,577
-42.18170960810206,173.6084690477294,4.2,2016-11-19 08:05:02.988615203,577
-41.74890566572511,174.2698781699936,5.0,2016-12-01 10:15:03.524035704,577
-41.77482823542155,174.1539579105706,4.1,2016-12-03 23:08:23.723173922,577
-41.77358183492416,174.22464480241806,4.3,2016-11-22 08:16:30.857953663,577
-41.75562332732097,174.1764802197076,4.1,2016-12-10 06:55:16.690523882,577
-41.67120140987412,174.33962633498913,6.2,2016-11-15 17:03:38.865589431,577
-41.65594939993856,174.2609993341664,4.3,2016-11-27 00:03:21.342934004,577
-41.99600490376928,174.2811565683043,4.4,2016-11-14 01:33:11.931172765,577
-36.64786768332909,177.33481082768932,4.2,2016-11-25 13:33:33.118454,578
-37.05240376508836,177.48659380206436,4.3,2016-12-11 03:21:56.105761,578
-37.193289429917066,176.88807626422667,4.7,2016-12-13 20:22:27.060306,578
-37.760108349758205,177.53494156327665,4.2,2016-11-23 09:53:53.082282941,578
-36.94760482647993,178.88119262923604,4.3,2016-11-25 19:23:34.099023571,578
-42.056682616801496,174.06309022710755,4.1,2016-11-15 12:14:27.640822879,578
-42.18149411806439,173.6718195781095,4.4,2016-11-20 17:23:42.828696606,578
-42.49927298973838,173.3110534913297,4.1,2016-11-16 05:59:53.669655147,578
-41.74392966019044,174.2895292416129,4.3,2016-11-15 18:10:04.690766854,578
-41.6855885188612,174.05951074182065,4.1,2016-11-14 04:07:38.744344320,578
-41.4883586741785,174.29919560263127,4.7,2016-11-19 12:15:37.570026072,578
-42.66361603628234,172.8147998395309,4.6,2016-11-20 19:48:06.034993818,578
-37.97163399296105,179.25495490915674,4.3,2016-11-17 12:19:01.519457,579
-39.02347612749428,176.2601813591067,4.4,2016-11-19 22:38:23.867822,579
-40.440375376426005,174.3750320026448,4.1,2016-11-29 21:57:59.600120,579
-37.31702088786041,177.42949904029203,4.1,2016-12-02 17:24:12.517710,579
-45.31745630034816,166.85229251201275,4.9,2016-11-23 20:23:12.752998099,579
-37.11018021845675,179.29028509089937,4.3,2016-11-19 15:00:27.933629036,579
-37.16363343034025,179.59630493395957,4.5,2016-12-11 05:09:04.637908384,579
-42.115735189505735,173.8527001844714,4.2,2016-11-14 06:35:29.947959924,579
-41.68013936456579,174.2496784722474,4.2,2016-11-19 12:46:55.384121687,579
-42.18663702433642,173.66918151987713,4.4,2016-11-15 16:55:18.295616758,579
-41.8430519711922,174.2191068621853,4.1,2016-11-15 02:30:55.962334655,579
-42.350885049488106,173.92876107697765,5.0,2016-11-16 18:29:32.094040035,579
-41.67623603520525,174.35598404668818,4.4,2016-11-14 00:07:39.380820216,579
-42.60039954142373,173.19485066358686,4.2,2016-11-15 03:00:12.579709864,579
-38.22330504511599,175.81052733602544,4.3,2016-11-15 00:09:45.044789,580
-36.47607571317673,177.89067645846058,4.2,2016-11-19 12:57:20.997532,580
-44.34020740944615,169.76615358796582,4.1,2016-11-26 15:15:06.278609,580
-36.06985701070469,177.3126988409008,4.4,2016-12-09 13:01:07.708122,580
-42.38533639512099,173.6360192351991,4.3,2016-12-11 20:27:28.203519144,580
-42.31138138578793,173.50073477788402,4.3,2016-11-14 00:57:09.431386537,580
-41.99422267518489,173.76430332788047,4.7,2016-11-15 15:26:08.826217588,580
-41.74634788834528,174.13187892685065,4.2,2016-11-26 21:57:42.260662346,580
-41.68550863118418,174.23890479780982,4.2,2016-11-14 05:24:15.338886985,580
-42.27577141183728,173.08390475485783,4.1,2016-11-20 19:23:56.361976623,580
-42.34616750608963,173.6408352030808,5.9,2016-12-11 21:50:51.305113802,580
-42.48366227416287,173.0513413961138,4.4,2016-11-14 18:23:31.140803630,581
-42.43162638543372,173.7886428272141,4.6,2016-11-23 23:36:29.431820087,581
-42.71773857730216,172.81242571927967,4.2,2016-12-13 06:55:56.852108309,581
-42.03691938767509,173.75986416156593,4.6,2016-11-15 08:59:52.272976839,581
-41.89019246481687,173.9738410777334,4.6,2016-11-16 03:13:20.783474961,581
-41.687153885050186,174.138870657367,5.5,2016-11-15 08:47:21.936948287,581
-36.70193601093311,177.63472727589323,4.2,2016-11-17 13:29:31.051875,582
-36.63276019215755,177.3325455622912,4.4,2016-12-10 21:08:50.243610,582
-38.65093948417494,172.90748962278187,4.3,2016-11-15 12:48:37.355042863,582
-42.58361534733756,172.8400065922447,4.3,2016-11-14 14:08:04.901430040,582
-41.92157739550456,174.269283511395,4.1,2016-11-17 08:00:11.232493727,582
-42.25324093210837,173.62659630554194,4.1,2016-11-17 03:17:03.660519290,582
-42.41917950794849,173.36340316709928,5.0,2016-11-20 13:34:24.296612707,582
-42.6857762449716,172.76655445807594,4.4,2016-11-15 19:43:09.739856025,582
-42.299484010606506,173.48590768032088,5.2,2016-11-21 07:35:55.354008558,582
-41.67819348459754,174.2165321338501,4.9,2016-11-17 18:39:23.343165564,582
-41.72689236660391,174.4422374757379,4.8,2016-11-14 09:30:34.749654287,582
-42.33307957377206,173.9901331990692,4.3,2016-11-14 17:44:55.998965529,582
-42.15547929488857,173.95515375764714,4.4,2016-11-18 09:43:17.478444731,582
-40.35564407302954,173.44046004429825,4.2,2016-11-19 11:22:46.474528,583
-40.24335304190781,176.50007160387287,4.4,2016-12-09 04:50:22.640266,583
-41.518180209052666,174.32513735863444,4.4,2016-11-25 03:06:51.771953500,583
-36.94725392584885,179.46120116671358,4.1,2016-11-29 23:06:26.733404288,583
-37.02928633856238,178.9186928713771,4.2,2016-11-27 04:07:55.666810575,583
-42.36132937330458,173.76196150277488,4.9,2016-11-16 06:02:52.304357117,583
-42.12816369019873,173.5178277447326,4.1,2016-11-17 01:20:50.158979624,583
-42.17170876061261,173.67023934812823,4.1,2016-11-19 11:39:07.149594631,583
-41.816255690645775,174.0524749514148,4.8,2016-11-15 20:33:35.423184888,583
-41.70812261767608,174.26891286216457,4.3,2016-11-15 15:23:38.276133756,583
-42.28404405260807,173.74430547246493,4.2,2016-12-06 18:12:12.843909108,583
-42.02202415560217,174.03007571233738,4.1,2016-11-14 08:50:40.135675474,583
-42.31649153181073,173.94386291868472,4.1,2016-11-24 13:37:11.403766311,583
-42.41394101412962,172.8447615573332,4.7,2016-11-15 03:07:37.147288,584
-43.58071594313464,170.3072352008124,4.8,2016-11-29 12:37:28.487428,584
-38.47383988723191,175.91563670133235,4.2,2016-12-01 03:53:42.734431,584
-42.6734786015683,172.82049868587566,4.2,2016-11-21 20:15:23.587087002,584
-41.78018204301377,174.05707943239543,5.0,2016-11-23 02:35:39.275500109,584
-41.70504631012202,174.22548710290494,4.2,2016-11-24 10:07:43.667501695,584
-42.50551972069925,173.25821224834033,4.1,2016-11-17 21:42:04.555558236,584
-42.502911224859446,173.86758095483788,4.4,2016-12-01 05:24:08.864134217,584
-42.34462571242223,173.53032011568203,4.1,2016-11-17 02:30:49.975966872,584
-42.12888713802933,172.86356162586077,4.5,2016-11-28 13:23:55.737660664,584
-41.73699376552656,174.2849730407462,4.3,2016-11-24 10:33:03.352326073,584
-37.159867579752266,179.0873548734251,4.3,2016-12-02 12:11:08.390747,585
-47.23284642988386,165.33508984845926,4.6,2016-12-03 05:33:51.830362506,585
-43.5732044186361,171.96425826278497,4.1,2016-12-01 05:19:40.293568263,585
-42.11443531243642,173.6893157143383,4.3,2016-11-16 06:45:03.684715337,585
-41.60709324265447,174.38606932879483,4.4,2016-11-16 10:50:26.061841035,585
-41.93140404836684,173.99474070567138,4.5,2016-11-21 18:30:35.128907895,585
-42.22636237813013,173.81588116285812,5.0,2016-11-14 16:16:37.232148655,585
-42.24687025093627,173.7591384459425,4.4,2016-11-28 19:02:06.785058421,585
-41.782249150480894,174.24846931423346,4.8,2016-11-14 06:22:53.827599792,585
-42.74848326864024,172.74346757143073,4.4,2016-11-14 00:33:32.412285146,585
-41.75900609089695,174.11539909295502,4.2,2016-12-03 22:57:41.156067100,585
-42.10755758989187,173.85000504553884,4.3,2016-11-23 20:44:17.586468260,585
-45.847495037973765,167.0992296688962,4.6,2016-11-17 16:27:12.684408,586
-45.10477285888828,167.77952533866957,5.1,2016-11-19 21:31:50.046530,586
-41.72458404352623,174.2854655171465,4.3,2016-11-19 20:38:09.465955610,586
-41.62907768030357,174.3932417295959,4.2,2016-11-21 09:52:28.509326792,586
-42.21020718130123,173.690380347591,4.2,2016-11-28 20:25:16.123124458,586
-42.73888632531477,172.88433171408397,4.1,2016-11-14 00:03:29.005037842,586
-41.82437311301036,174.08169748681095,4.4,2016-11-22 17:58:59.154340499,586
-42.341526291430895,174.06741702230036,4.3,2016-11-27 00:02:31.989071293,586
-36.2936630560514,177.81574014506128,4.1,2016-12-12 13:04:24.619399,587
-45.0143668887009,167.46848873004967,4.9,2016-12-07 05:24:09.597117215,587
-37.06538229284079,179.13211455380835,4.1,2016-11-18 06:03:09.183676493,587
-41.73286785477882,174.18971601741305,4.1,2016-11-19 12:29:55.145315793,587
-42.2042184670833,173.83704314829365,4.2,2016-12-03 05:12:39.616977621,587
-42.27115234592649,173.58816880507328,5.9,2016-11-17 06:41:47.444848619,587
-41.67914762421923,174.32405609341922,4.2,2016-11-22 05:25:59.547963988,587
-41.76054457493184,174.2989629308692,4.1,2016-11-15 09:04:13.087295451,587
-42.69024763826349,172.8886647682362,4.9,2016-11-30 20:46:57.685528077,587
-41.80728667885453,174.19820453887775,5.5,2016-11-14 05:26:09.077651823,587
-38.10842351618327,175.8683929042396,5.2,2016-11-16 20:32:27.077679,588
-38.63531329616889,175.6227672342719,4.1,2016-11-17 20:24:59.503198,588
-37.65529706826828,179.6927398532658,4.2,2016-12-09 05:10:54.576311,588
-42.23440095350112,173.85013948100126,4.1,2016-11-14 15:24:32.688831096,588
-43.13078299872958,172.48853802340253,4.4,2016-11-17 17:47:04.406352043,588
-42.64046216887729,172.9003251978266,4.3,2016-11-15 13:04:23.172147907,588
-41.783011067754856,173.85178903200153,4.4,2016-12-04 13:28:01.945164949,588
-41.78736505012378,174.21255421773435,4.3,2016-11-20 22:18:30.498048328,588
-42.51062333459959,173.26598603035137,4.2,2016-11-29 20:13:38.858199327,588
-42.14834866327954,173.821226691779,4.1,2016-11-14 11:54:05.234485555,588
-42.02282240090359,174.03560232571493,4.2,2016-11-18 04:50:46.731674962,588
-41.81413198539395,174.13569308946455,4.2,2016-11-14 01:56:14.195368695,588
-42.27636147420071,173.32683594198565,4.7,2016-12-06 08:09:04.814218030,588
-42.24693893711351,173.4528818988885,4.3,2016-11-28 18:19:38.918018894,588
-39.78971349487741,174.09691315411487,4.3,2016-11-14 06:36:36.170450,589
-35.21698599242848,177.50666257037187,5.6,2016-11-21 16:11:55.768902,589
-36.16089582041731,177.2322670089107,4.1,2016-11-26 18:23:51.831297,589
-42.48701277545728,174.3596786297802,4.1,2016-11-14 02:50:16.154715790,589
-41.82468004897137,174.27945989265086,4.1,2016-11-20 02:06:49.000593905,589
-41.68217588851123,174.2508559740474,5.0,2016-11-16 06:01:21.388728201,589
-42.34864744761124,173.1785516529359,4.4,2016-11-15 14:17:08.231717839,589
-42.44894212681777,173.63278892054063,4.2,2016-11-26 09:33:12.787315535,589
-42.41414820992275,173.33781295078958,4.7,2016-12-03 02:51:42.862576619,589
-42.38045667188637,174.06607230583205,4.2,2016-11-18 18:29:09.020022888,589
-42.43471494206104,173.31447185615562,4.5,2016-11-23 17:10:41.422855261,589
-42.69648881207619,172.79715691751124,4.1,2016-11-21 01:05:47.973063556,589
-42.22060073930496,173.707877346685,4.6,2016-11-17 04:35:24.647413126,589
-42.51435430332078,173.22543964885034,4.2,2016-11-26 12:01:34.612617710,589
-41.7578746887809,174.3494803063811,4.1,2016-11-17 03:33:56.995315461,589
-42.071931603935184,173.68012106080525,4.3,2016-12-06 07:32:59.538624160,589
-42.4930310201141,172.67851984863992,4.1,2016-11-17 12:27:26.358595210,589
-42.35786813664331,173.48889665625256,4.4,2016-12-06 00:15:20.196304501,589
-41.77065485706443,174.3424602921773,5.1,2016-11-17 03:57:26.087033063,589
-45.30324506595321,166.55983086333296,4.5,2016-11-20 20:27:14.278414,590
-38.89958468279565,175.20441476727893,5.0,2016-11-22 10:59:36.799541,590
-37.547324529069606,177.19210605104945,4.7,2016-11-29 15:16:28.124096,590
-44.84699478162962,166.8669749908133,4.1,2016-12-01 05:15:01.372491,590
-41.82337433558149,174.2387746545133,4.4,2016-12-03 01:30:36.469820368,590
-41.64567698692737,174.3550269894959,4.2,2016-11-14 08:41:14.515948058,590
-42.6569541839434,172.93212411088152,4.5,2016-11-15 17:48:03.849793360,590
-41.67888135759451,174.3839944138091,4.1,2016-11-14 23:35:58.242874685,590
-42.06745705738307,173.8064824282436,4.1,2016-12-12 06:07:54.840708558,590
-42.572106073122605,172.86534661167914,4.9,2016-11-17 01:23:57.754965744,590
-41.98480874023234,173.80557819641996,4.5,2016-11-28 00:04:09.181254784,590
-42.05290688885687,173.8369782437147,4.6,2016-11-14 22:12:15.953937332,590
-41.78099182286404,174.2815953331799,4.6,2016-11-15 17:20:15.989676233,590
-42.54981680689721,173.3260752490865,4.4,2016-11-21 06:52:30.145229574,590
-37.86227256042329,177.4194403123991,4.1,2016-11-27 09:23:10.690743,591
-37.9560052579817,176.2373707596286,4.3,2016-11-28 16:54:07.476083,591
-38.33998192651924,175.68291234223744,4.2,2016-12-01 13:15:52.499284,591
-39.43981947810011,176.01753260045464,4.1,2016-12-04 15:50:21.138555,591
-39.06981810441806,174.60140282550637,4.2,2016-12-10 06:22:03.435219,591
-37.469681991677234,179.2984555284218,4.2,2016-12-07 18:02:18.680253493,591
-41.03578654884583,174.60845295956094,4.4,2016-12-09 13:47:08.546887630,591
-42.7120788164386,172.76271653982428,4.4,2016-11-28 10:35:30.878568465,591
-43.01750258526263,174.23422887823776,4.1,2016-11-14 05:22:12.075209320,591
-42.02845634765289,173.69713976756805,4.6,2016-12-03 04:53:24.531119063,591
-41.90674400664217,174.35340349455504,4.2,2016-11-20 13:29:41.607007249,591
-41.99701981495094,174.0165181067253,4.2,2016-11-15 05:39:47.383727261,591
-42.45201084543639,173.29401694292392,4.6,2016-11-14 15:34:56.077562615,591
-38.003015066004544,176.40506097877358,4.6,2016-11-17 00:19:21.161123,592
-38.01629827005808,179.413519871195,4.5,2016-11-21 01:20:10.538947,592
-37.340263799008255,179.35551787023348,4.6,2016-11-19 11:11:36.200695525,592
-42.61076416275827,172.96359297768757,4.8,2016-11-14 15:14:09.549698681,592
-41.75032566553952,174.20676622187133,4.2,2016-11-21 04:56:28.444113900,592
-42.684108454968985,172.87456778208386,4.9,2016-11-26 20:56:42.903552585,592
-42.16037307141519,173.8826298164591,4.4,2016-11-15 18:17:52.355899514,592
-42.36965094678432,172.94593147400627,4.4,2016-11-16 08:44:05.653966216,592
-42.35714033056742,173.46571089738833,4.1,2016-11-15 12:06:38.963484051,592
-41.96027739320076,174.23022337888307,4.2,2016-11-14 05:55:04.331054995,592
-42.10001600534701,173.83795541694315,5.7,2016-11-15 14:05:57.888360346,592
-42.9266140542727,172.99114368175643,4.1,2016-12-04 02:53:03.609120575,593
-42.92271321254232,173.0712856517616,4.1,2016-11-20 21:51:55.391887541,593
-41.96767145044869,173.71706682716808,4.2,2016-11-24 04:40:13.937952798,593
-42.3507068409919,174.069914295517,4.2,2016-11-20 08:47:08.679784464,593
-41.85274797779509,173.89897669572213,4.4,2016-11-24 19:48:40.544470952,593
-42.509152382773344,173.86939737244458,4.7,2016-11-15 22:12:38.699589661,593
-42.17708433887316,173.6517321239667,4.1,2016-11-14 13:00:02.282906572,593
-42.68986332639916,173.9450374780008,4.2,2016-11-19 04:23:44.495131818,593
-42.09010705816658,173.66632355345322,5.0,2016-11-17 13:27:33.642962004,593
-42.15594920280924,172.86208565498478,4.3,2016-11-15 10:49:23.688762447,593
-37.2138173804126,176.7925646474886,4.6,2016-12-10 17:47:40.118283,594
-47.55780137662757,165.30616493173895,4.1,2016-11-30 04:35:18.115620977,594
-38.811735092674176,175.88950608747737,4.4,2016-12-11 10:29:01.823973573,594
-37.1198243943238,178.97126025349223,4.1,2016-11-23 13:52:37.289192552,594
-42.44746343232258,173.19548984497962,4.1,2016-11-14 02:17:07.717961096,594
-41.73678333817868,174.39976806750002,4.3,2016-11-16 04:05:08.566690344,594
-41.70324784364357,174.2271953732966,5.1,2016-11-14 08:41:19.239717106,594
-44.77471622077081,167.35275034204872,4.4,2016-11-17 02:07:40.908186,595
-43.0212085884694,171.43535118867663,4.6,2016-11-28 09:25:00.527468,595
-37.47606086239073,179.1977606625614,4.4,2016-11-29 14:22:56.955211,595
-36.65052519349344,177.5346644030208,4.1,2016-12-03 15:09:19.875943,595
-42.54685447331144,173.0856150916954,4.2,2016-11-23 23:05:17.849974714,595
-42.01072080262955,173.8006207399639,4.1,2016-11-15 10:50:02.405541754,595
-42.2950443662159,173.74801384788788,4.4,2016-11-14 09:50:30.466354808,595
-41.95662196740275,174.00746078156135,4.3,2016-11-28 01:43:24.620333406,595
-41.63386285770419,174.29342160289676,4.4,2016-11-15 12:12:23.413590127,595
-41.758093162043295,174.00899404929203,4.3,2016-11-19 21:00:13.628905110,595
-41.97217730239327,174.03086244388456,4.1,2016-11-14 03:54:49.995341660,595
-42.34867661901527,174.0723394608086,4.1,2016-11-16 04:49:29.122652054,595
-42.53605592647424,173.21898741771813,4.4,2016-11-15 05:22:48.776009273,595
-42.06300100421641,173.67340043418304,5.9,2016-11-18 06:41:52.547232498,595
-45.07637759130597,167.6044964612244,4.5,2016-11-29 13:28:52.185663,596
-38.03884333716497,176.40093447830867,4.2,2016-12-01 09:25:01.062132,596
-42.58725783703003,172.93431648659887,4.1,2016-11-14 20:51:52.634346736,596
-42.70863452365505,173.29753145311426,4.4,2016-12-08 08:13:00.815945249,596
-42.61456104679063,173.1300839062889,4.4,2016-12-06 05:51:03.715059749,596
-41.98314882367684,174.05574618124515,5.7,2016-11-16 05:22:16.158631598,596
-42.1669254423954,173.9053290371568,4.2,2016-11-14 12:59:18.241048662,596
-41.872211656841095,173.93399936027205,4.1,2016-11-18 15:10:53.592286463,596
-42.22292020484825,173.5342157595392,4.6,2016-11-14 06:10:40.020295091,596
-42.25477046147864,173.82117866867907,4.3,2016-11-29 04:22:03.909981814,596
-36.92709267510737,179.1201839060231,4.6,2016-11-19 21:06:34.724898640,596
-41.7803379559888,174.21978808518634,4.9,2016-12-07 18:11:10.366802411,596
-41.77832085648442,174.14382716905843,5.0,2016-12-01 21:15:17.082347933,596
-42.63803556193093,173.14558811259053,4.2,2016-12-06 06:21:55.718269847,596
-44.87940816136853,167.64422248992577,4.3,2016-11-21 20:50:58.905336,597
-38.485260618459264,176.1995611624477,4.5,2016-11-22 05:18:55.062381,597
-38.301603339779824,176.03927638851437,4.2,2016-11-25 02:44:19.060374730,597
-43.60767369807794,172.64402206398665,4.8,2016-12-01 21:45:02.648003593,597
-42.571672751561074,173.08364001791293,4.5,2016-11-19 18:38:04.888218337,597
-41.76450478323068,174.3023619831413,4.1,2016-11-16 01:04:16.250445151,597
-41.96359510666837,174.01621281013573,4.2,2016-11-14 01:41:48.507922509,597
-42.15191213554263,172.83794650188776,4.1,2016-11-16 00:37:25.875485077,597
-42.04467748085162,174.04590435432638,4.1,2016-11-22 15:40:29.418765678,597
-41.41901543770385,173.16541377472072,5.4,2016-12-01 10:58:32.177919297,597
-38.48042569424211,175.99347439371573,4.1,2016-11-14 08:19:37.274391,598
-41.476522054085294,172.91572778307665,4.4,2016-11-27 22:46:48.317511,598
-45.20554230550859,167.6156252655755,4.1,2016-11-28 02:59:11.500326,598
-36.16095464842773,177.76144519644492,4.2,2016-12-10 12:02:25.451470,598
-37.93221524882821,177.35442702549918,4.4,2016-12-11 17:26:54.394402,598
-36.390073007446944,177.32030232784345,4.5,2016-11-18 09:57:18.549738856,598
-41.92054049033064,173.67057601484726,4.2,2016-12-11 05:35:16.690089735,598
-42.66564114878408,172.98063484976137,4.5,2016-11-15 01:02:15.542088330,598
-42.62561418321484,172.8424541150184,4.4,2016-11-15 07:00:19.547331839,598
-42.58196256010133,173.10689779437402,4.7,2016-11-14 00:06:28.055530162,598
-42.67011701780071,172.78617639169588,4.1,2016-12-09 07:06:35.538808332,598
-38.51805365813283,175.73273220211777,6.1,2016-11-25 02:57:06.751660,599
-37.26515100190658,178.95611587269264,4.1,2016-12-05 17:59:43.718295970,599
-42.49177125172656,173.2264609510738,4.7,2016-11-15 22:36:48.970232887,599
-42.233588881507146,173.5868711822281,4.2,2016-11-14 19:02:23.082084064,599
-42.1086133671181,173.5649425884074,4.3,2016-11-15 16:59:34.863924949,599
-41.88136720927727,173.95965051672118,5.1,2016-11-18 15:55:49.601444675,599
-42.25095563104525,173.49602425335277,4.2,2016-11-14 19:27:51.629042384,599
-41.1976190863938,173.45777931119494,4.2,2016-11-17 14:12:03.628356,600
-35.99441894079043,177.78961217891333,4.3,2016-11-28 18:29:32.705835,600
-37.67954678765846,176.63023502860486,4.3,2016-12-07 17:50:18.132157,600
-41.873215376117045,174.13625261026834,4.3,2016-11-19 04:39:29.963236608,600
-41.641853617337226,174.23235268684408,4.3,2016-11-15 20:26:18.303824198,600
-42.4742042294118,173.25920607823224,4.8,2016-11-14 00:17:09.621550255,600
-42.49296974872411,173.513495823916,4.5,2016-11-16 22:15:55.347070516,600
-41.81590931443328,174.0397545942323,5.0,2016-11-20 00:37:59.481785800,600
-42.063263545691,173.67396311773416,4.5,2016-11-17 14:49:20.355493335,600
-42.74027396154704,172.9095279355713,4.4,2016-11-15 23:55:03.829751279,601
-42.25228855579255,173.999539315847,4.3,2016-11-18 21:59:12.637849981,601
-42.5337999837848,173.20714302018567,4.2,2016-12-08 06:33:19.621658897,601
-42.44736832426021,173.7468087647668,4.1,2016-11-20 14:08:48.630398672,601
-41.95771450768903,174.0512140295696,5.6,2016-11-16 02:41:09.922804981,601
-41.989146733241625,174.11108157560858,4.8,2016-11-17 07:07:11.498990352,601
-41.726203430366354,174.18750513277766,4.2,2016-11-24 07:24:01.619708242,601
-42.44177120160027,174.06602498827866,4.2,2016-11-18 12:26:32.868936780,601
-38.399708461932825,174.33316919998836,4.5,2016-11-20 02:45:52.926204,602
-36.95348636095911,177.40017767833373,4.2,2016-11-25 19:32:45.044728,602
-42.37184596370764,173.75631230268516,5.0,2016-12-03 18:55:58.002147420,602
-42.47204744466349,173.247335327674,4.1,2016-11-14 10:36:32.926557073,602
-41.70130252244202,174.24332824887856,4.1,2016-11-14 01:14:04.261085274,602
-42.328312365064015,173.85775861900845,4.2,2016-12-05 22:49:15.152825785,602
-42.11240235132074,173.15490895069104,4.7,2016-11-14 20:46:34.554303700,602
-43.36873002614294,172.18641521651486,4.2,2016-11-25 11:38:50.204527,603
-39.05789320325877,175.01174351269012,4.2,2016-12-13 20:05:49.809510,603
-40.61471936784715,177.19768856984402,4.4,2016-12-02 03:19:51.747507337,603
-40.40727070269164,174.19090352859223,4.5,2016-11-29 05:04:27.630138441,603
-41.38487376663065,175.80180944210673,4.4,2016-11-17 21:08:04.775075503,603
-35.27054621537077,179.0258059626683,4.4,2016-11-30 07:59:38.052536196,603
-37.15912028851174,179.63961232091788,4.1,2016-11-14 08:24:32.926911758,603
-37.61595273726775,179.1432947590988,4.7,2016-11-26 07:52:22.902433859,603
-42.84752359793696,172.7500137558217,4.3,2016-11-14 06:23:51.007577104,603
-42.61126457836156,173.0113927602116,4.1,2016-12-01 23:53:09.974157522,603
-42.61333493328437,172.89470047767924,4.4,2016-11-28 03:38:14.382691635,603
-42.26535634883755,173.8832769613706,4.8,2016-11-24 23:29:15.977317868,603
-42.64871511727242,172.73548988100538,4.5,2016-11-14 03:25:47.966130772,603
-41.72834331485634,174.34731016338486,4.3,2016-11-14 00:55:02.293640632,603
-37.48417501306071,179.27269481095422,6.7,2016-11-29 20:16:58.993488791,604
-34.31287285647985,179.60898016645731,5.4,2016-12-10 17:41:11.888126136,604
-37.43337661111888,179.06986535016003,5.6,2016-11-23 08:28:31.543926717,604
-42.578210745196046,172.83247507410528,4.2,2016-11-14 01:23:11.172018714,604
-42.018424091689184,173.724294358691,4.2,2016-11-20 10:12:30.258172049,604
-42.07351324488058,173.45181215010555,4.1,2016-11-22 14:49:09.280287875,604
-42.63354386664221,172.85617687783298,4.2,2016-11-17 00:42:33.259488986,604
-41.776149379160046,174.1916793912459,4.1,2016-11-17 04:48:03.219496073,604
-41.77708825786861,174.04538370799938,4.7,2016-11-29 11:59:11.742542770,604
-41.792826424871215,174.16992610903094,4.7,2016-11-17 00:49:52.888267685,604
-42.232974445735934,173.95381667726818,4.7,2016-11-14 11:36:19.975442623,604
-42.13242219282236,173.66160878227876,4.3,2016-12-04 07:26:44.343745166,604
-42.21088133656453,173.63342311997633,5.7,2016-11-25 20:16:46.996671208,604
-42.26251351607587,173.6551739276208,4.2,2016-11-14 03:11:56.425825546,604
-42.61992500590832,172.79791168951758,4.4,2016-11-22 03:56:19.010802479,604
-34.2813176987442,179.5306549269421,4.3,2016-12-10 19:09:20.764856242,604
-42.55839461913668,172.6312080220511,4.6,2016-11-22 04:08:17.914379996,604
-35.007466884247584,179.4831761427079,4.2,2016-11-24 07:12:09.708229,605
-36.873408469058674,179.2490688470185,4.2,2016-11-25 15:13:45.229629,605
-37.16836529536582,176.58959290110712,4.1,2016-12-08 00:26:32.658066,605
-39.86629117550562,173.91386288208898,4.3,2016-11-28 17:32:35.082858224,605
-37.24123134135903,176.82796738123375,4.9,2016-11-27 22:24:07.305105248,605
-42.67859696418343,173.63012590133846,4.6,2016-11-14 20:10:36.569017026,605
-41.79216577692749,174.18677332471822,4.6,2016-11-27 20:06:06.799661815,605
-41.790021461158254,174.03043570737944,4.1,2016-11-14 11:22:02.786747286,605
-41.78945191065603,174.08853022385318,4.3,2016-11-16 20:51:00.437711836,605
-42.394202747571455,173.77176325045713,4.2,2016-11-14 13:52:01.461309793,605
-41.8115055509927,174.11747341737305,4.5,2016-11-27 20:08:12.925584006,605
-44.05698565778298,168.90443278081565,4.9,2016-11-18 17:50:48.845635,606
-37.2271947411876,179.16944572381806,4.9,2016-11-21 08:45:20.948253302,606
-42.03938010464483,173.6699526869559,4.9,2016-11-18 21:14:39.124195536,606
-42.19726063971362,173.55212192622372,4.9,2016-11-17 20:48:24.690887312,606
-42.61959238839546,172.87759629166715,5.1,2016-11-30 09:48:17.115578020,606
-41.86629656099168,174.2155335073285,4.8,2016-11-19 14:48:09.401675680,606
-41.8084755443457,174.25263047506328,4.1,2016-11-25 19:08:11.885574808,606
-42.5270657825232,173.35065900107102,4.1,2016-11-14 01:05:12.706502036,606
-42.51276382362358,173.36212903347828,4.2,2016-12-03 07:32:50.330111087,606
-38.073106570598206,179.19222129836632,4.9,2016-12-03 06:50:18.943362,607
-41.14411071831362,172.7261996995958,4.1,2016-12-03 13:41:00.723682,607
-37.45255984383351,179.45175493544147,4.2,2016-12-01 20:33:27.456409076,607
-37.068711341335664,178.8856981496819,4.2,2016-11-28 08:18:55.072814869,607
-42.10869499597162,173.6471614625059,4.6,2016-11-15 19:54:59.377927057,607
-42.53264790792967,173.13527185491247,4.7,2016-11-19 07:12:04.630500270,607
-41.6941147029539,174.2068566593395,4.6,2016-11-14 01:29:09.976445574,607
-42.28835924931948,173.61490580497252,4.2,2016-11-16 09:06:16.101745832,607
-41.75442656418132,174.28576018143474,4.4,2016-11-15 20:31:31.373082607,607
-42.26115414674196,173.72010001404237,4.5,2016-11-16 21:21:41.823199867,607
-42.49644467598947,173.2468790251283,4.7,2016-11-25 08:29:28.577946559,607
-41.70155971819837,174.30046956394082,4.1,2016-11-25 12:06:54.334698406,607
-42.68796443741071,172.79647905315724,4.2,2016-11-28 09:26:39.050128255,607
-41.74219625637825,174.24493090214025,4.1,2016-11-16 14:34:41.071726416,607
-36.30397693262041,177.51610864568875,4.3,2016-11-22 20:57:03.187542,608
-37.4884954809621,176.49489276854288,4.2,2016-12-07 12:47:02.956184,608
-37.00216183546237,177.27588407987602,4.6,2016-12-08 23:04:24.423975,608
-44.67597230915816,167.76030448091137,4.4,2016-12-13 08:14:26.832133,608
-39.8424268026432,176.74068208015117,4.2,2016-12-05 08:43:58.161503533,608
-42.5748653615923,172.86175155959637,4.1,2016-11-15 13:15:14.197865726,608
-42.5259786290289,173.63081095320288,4.2,2016-11-15 01:33:06.095006613,608
-42.396718066998616,173.88570309228095,4.5,2016-11-16 05:19:02.124868350,608
-42.285333870954,173.4132037729699,4.1,2016-12-02 01:45:25.245005788,608
-42.50718341519606,173.92010729258308,4.1,2016-11-17 20:22:53.695009885,608
-42.14373927249882,173.87900061238665,4.5,2016-11-28 20:47:42.120278529,608
-42.323448582004566,173.926808195504,4.2,2016-11-16 23:11:28.369181716,608
-42.01200545269239,173.6163335092426,5.3,2016-11-25 02:28:53.235117960,608
-42.45867822769298,173.32653786109069,5.1,2016-11-18 11:41:56.155638323,608
-42.28308459062047,173.4155519671004,4.1,2016-12-02 02:17:32.343374266,608
-36.34508449064121,177.94995208666427,4.3,2016-12-10 00:14:51.549621,609
-45.22352601517809,166.97906883253526,4.5,2016-12-12 16:44:25.037085,609
-42.79412109663991,172.89467914277904,4.2,2016-11-16 05:52:14.486369678,609
-42.5287785206847,173.16281114236537,4.2,2016-11-22 23:59:52.427568623,609
-42.49189613696606,173.23103846522085,4.4,2016-11-29 21:26:42.159864386,609
-42.13217666834138,174.0252100258882,4.5,2016-12-04 19:37:16.956340280,609
-42.41416731951124,173.8387456376321,4.4,2016-11-14 00:16:52.947096,609
-41.92257665921891,174.06995919123196,4.4,2016-11-14 07:30:25.627854942,609
-41.69695472479269,174.33672009400394,5.7,2016-11-14 03:50:04.737102806,609
-42.57225903683484,173.174448786903,4.1,2016-11-23 02:33:10.946909550,609
-37.12517120589861,179.16211651142362,4.1,2016-11-23 10:23:05.500821882,610
-37.14589910823838,178.92297279862925,4.1,2016-11-18 18:20:39.964441568,610
-37.41802336866208,178.87755837693598,4.3,2016-11-30 00:03:12.861750164,610
-41.71343252128091,174.33172302027663,4.8,2016-11-28 11:09:17.804747134,610
-42.591365320684055,172.83685337568627,4.3,2016-11-14 09:46:56.512697308,610
-42.17494870758476,173.68828289580046,4.5,2016-11-20 08:48:11.947051600,610
-41.82718714352711,174.2643086751169,4.4,2016-11-15 22:09:27.497850563,610
-42.44039317296468,173.53539276311517,4.1,2016-11-18 18:53:25.810553369,610
-42.39874947450816,173.8823511284816,4.5,2016-11-14 02:26:25.161304571,610
-42.31714327956615,173.60012188789264,4.1,2016-11-14 11:02:01.715128480,610
-42.42112145663386,173.21519540417887,4.2,2016-12-10 16:05:01.923361,611
-47.618472628951736,165.56053024902008,4.1,2016-12-11 19:53:51.296233150,611
-42.53790983619473,170.97418857780812,4.2,2016-11-24 17:40:49.176553624,611
-42.65969922523605,173.064480509117,4.1,2016-11-15 19:24:08.314161411,611
-42.19668543311502,173.6514428468627,4.1,2016-11-16 07:50:50.382847184,611
-41.71264943663181,174.22102359289832,4.4,2016-11-17 09:18:01.623974823,611
-42.24511921466959,173.58618611165366,4.5,2016-11-25 08:47:09.342781620,611
-42.27625319516476,173.75886006361355,5.3,2016-11-15 15:10:26.198204673,611
-42.16290970340849,173.6709780096283,4.5,2016-11-15 09:32:15.967178761,611
-42.379052813888045,173.5638105977158,4.1,2016-11-15 11:06:33.063065187,611
-35.687724395650115,179.76181561736666,4.2,2016-11-21 05:26:04.928875931,612
-41.69772857142958,174.3347179787784,4.3,2016-11-26 19:36:37.113144923,612
-42.44365385954583,173.8494355514155,5.3,2016-11-14 15:27:42.979051099,612
-42.011701053605705,173.76065417291767,4.2,2016-11-26 19:22:27.847921919,612
-42.15341233092283,173.49049835756892,4.2,2016-12-03 09:51:27.310183598,612
-41.81618559251868,174.38282717894762,4.9,2016-11-22 14:22:07.514549782,612
-41.72889876828409,174.1641105343237,4.6,2016-12-10 13:57:27.761343529,612
-41.66730849040854,174.4080433013856,4.1,2016-11-16 01:27:26.463979622,612
-41.81630824074173,174.18930051466924,4.4,2016-11-14 00:01:56.253402400,612
-42.82653925012698,172.91887449986478,4.5,2016-11-15 13:05:54.504733632,612
-37.75086253731205,179.07668343115336,4.4,2016-11-19 02:21:10.010504,613
-35.22392203864442,179.01118853716622,4.5,2016-11-21 03:22:18.537645,613
-41.78835323609421,171.73025336106156,5.4,2016-11-25 17:42:22.760441,613
-40.39648302905617,176.41676360740533,5.6,2016-11-27 05:21:02.069195707,613
-40.77449235447995,167.9692065891394,4.7,2016-11-16 19:53:04.567010657,613
-41.7544770749335,173.97519659305013,4.3,2016-11-16 00:37:22.962166662,613
-42.289022163869376,173.67387040700692,4.2,2016-11-16 07:51:11.152093376,613
-41.85633869845023,174.16393192549577,4.3,2016-11-14 19:08:53.463013692,613
-41.99933724573229,173.98486093748798,4.5,2016-11-14 08:02:12.080014261,613
-41.66757950482432,174.39967735274192,4.1,2016-12-09 22:05:08.684195871,613
-41.81336743214648,174.26904191253132,4.2,2016-11-18 18:35:20.521897876,613
-42.148218681409006,174.03876253385477,4.5,2016-11-15 12:29:51.386150481,613
-42.31575180738631,173.82167870384836,4.3,2016-11-17 13:43:25.339285427,613
-42.66068442864675,172.795434557352,4.3,2016-11-18 02:28:05.935551826,613
-36.09306051295931,178.24785955279245,4.1,2016-11-20 19:51:26.161241,614
-37.712172928879845,176.98950816974687,4.1,2016-11-30 19:03:54.047620,614
-41.7377615362114,174.36873704755723,5.4,2016-11-14 00:39:36.875604844,614
-42.63094414928146,172.75801701108713,4.1,2016-11-14 16:40:58.796769656,614
-41.78336774697788,174.04954173580668,4.2,2016-11-16 00:17:00.640698998,614
-42.4192788999792,173.7422596305014,4.6,2016-11-15 11:03:22.304546908,614
-41.66230074923975,174.20433305206762,4.5,2016-11-25 17:29:57.734519536,614
-37.33114361375793,178.52463038913484,4.2,2016-11-18 11:01:55.796741,615
-36.210364314609045,175.93297546164763,4.2,2016-11-19 06:31:00.199269,615
-45.84739159242969,166.28429234016969,4.7,2016-12-08 09:53:10.773099,615
-42.01612800529394,173.73640416149252,4.4,2016-11-20 20:36:41.820714033,615
-42.26966429282078,173.7642936530932,4.9,2016-11-14 08:52:45.869839065,615
-41.75181195001686,174.19473584052994,4.7,2016-11-18 07:19:06.493029870,615
-41.78602043799923,173.97033095740014,4.1,2016-11-16 14:28:41.331465442,615
-41.74934059821732,174.32223687629605,4.6,2016-11-15 18:30:28.982668543,615
-41.84803096087777,174.42726129173988,4.4,2016-11-21 10:16:57.843696781,615
-42.428191896634026,173.73957008580757,5.2,2016-11-14 07:34:05.848312371,615
-41.74903996451037,174.17527680150656,4.6,2016-11-22 09:54:08.782112837,615
-42.24138847794308,173.66343907508258,5.1,2016-11-14 03:49:09.712023541,615
-41.72791623448136,174.30525736946404,4.3,2016-11-19 15:35:39.291829454,615
-41.714515603989625,174.28581934092642,4.1,2016-11-19 09:48:25.393366836,615
-41.78043006467053,174.1884210692615,4.2,2016-11-23 05:54:34.606553794,615
-45.331662200985726,166.87760184060085,4.2,2016-11-18 14:36:22.458114,616
-38.1334504790343,176.36986105147096,4.5,2016-12-04 07:14:34.669836,616
-40.41075880366667,173.46927120079292,4.1,2016-11-23 18:57:50.797307163,616
-45.22410413397876,166.94042461519155,4.4,2016-12-10 05:23:27.784891427,616
-42.220298615607504,173.69340678837344,6.4,2016-11-15 03:33:32.001529205,616
-42.59289792633009,172.9747033013545,4.2,2016-11-14 01:54:37.521864355,616
-43.28448736331371,170.99490529883644,5.0,2016-11-19 04:13:36.066530,617
-39.25098034741328,174.88404820075544,4.2,2016-12-03 23:53:41.763005,617
-34.99070258847427,177.77316786976832,4.5,2016-12-10 04:14:58.310445,617
-37.1070200791635,177.30006873728232,4.2,2016-12-11 13:27:27.855214,617
-37.01499257548753,177.29648646995415,4.6,2016-12-11 14:37:15.838498155,617
-41.67913532541209,174.1291674650734,4.8,2016-11-18 22:28:42.323804589,617
-41.66580032526414,174.35201235714314,4.4,2016-11-19 00:18:03.376210147,617
-41.67901164563411,174.32200346229737,4.1,2016-11-16 19:51:18.086856903,617
-42.67266298760234,172.72127284349438,4.3,2016-11-14 05:31:07.033926840,617
-41.80442058028248,174.17980704244144,4.8,2016-11-14 01:19:53.038940221,617
-42.19689252014064,173.6119294133324,4.6,2016-12-01 08:04:49.940749422,617
-37.4613422490619,176.78508578532887,4.5,2016-12-12 15:43:05.112070,618
-37.02536387890815,179.1572626341235,4.2,2016-11-30 10:40:07.688792710,618
-42.751290465404246,173.00609154633426,4.2,2016-11-14 19:57:16.368890008,618
-41.97934285499323,173.65812568414682,4.7,2016-11-22 23:25:06.537208269,618
-41.71073585622307,174.2715399970124,4.5,2016-11-14 22:36:34.619627183,618
-41.08135367774341,175.01820368281642,4.1,2016-11-14 10:25:23.530142912,618
-42.59508703449297,172.70142633928242,4.2,2016-11-15 00:19:25.304985785,618
-41.92489528686892,174.18081889922368,4.4,2016-11-16 09:23:43.346380772,618
-42.47605694649572,173.500765798267,4.1,2016-11-22 02:11:10.553376612,618
-42.566241213481405,172.62462001264203,4.2,2016-11-14 05:34:05.627125452,618
-47.404792476020056,165.77775607429336,4.3,2016-11-14 17:36:44.467122,619
-42.62620759564901,172.90527928806645,4.1,2016-11-29 03:23:39.284578927,619
-37.326419504958,179.05656983354984,4.1,2016-11-25 23:35:02.694898196,619
-37.30616751556583,178.84723356410086,4.2,2016-12-04 07:28:24.353587904,619
-41.79927364510951,174.4396868333483,4.9,2016-11-24 07:46:34.337813718,619
-41.84404737684338,174.12708485581456,5.8,2016-12-10 19:30:45.867279282,619
-41.71782110144691,174.2382382077003,4.3,2016-11-14 05:39:33.206594751,619
-38.49689998985673,175.87875820485775,5.5,2016-11-22 10:49:36.163138,620
-36.34976232991466,177.8795322302687,4.6,2016-11-29 06:35:27.229803,620
-45.66430741616215,166.6556185845308,4.2,2016-11-28 03:43:50.825704961,620
-36.84621726776373,179.40483694022433,4.1,2016-12-13 08:11:28.961252144,620
-37.330370814911504,178.89602921589258,4.5,2016-11-27 17:46:59.269224700,620
-41.815127734644015,174.16055152914691,4.9,2016-11-15 18:15:16.855323200,620
-42.02364542581815,174.1165250153703,4.6,2016-11-17 17:01:42.694091593,620
-42.27086410785792,173.59565100017093,4.1,2016-11-15 21:44:29.232431733,620
-36.98691140797246,177.14157613899744,4.3,2016-11-14 19:03:15.987516,621
-36.9463918855304,177.20723291352346,4.2,2016-11-14 20:24:35.718524566,621
-37.35651709476621,176.64994586837284,4.3,2016-11-30 09:00:24.148014794,621
-37.95099659110449,176.3508515610394,4.9,2016-11-15 21:44:05.972164721,621
-36.394470832373294,177.901279032996,4.4,2016-12-11 23:53:50.497202400,621
-41.17693172915334,171.4406672767571,4.2,2016-11-15 00:03:04.797617527,621
-41.96611468033398,173.7519308491081,4.4,2016-11-15 01:44:26.371736470,621
-41.785346757766,174.0735976597773,4.4,2016-11-20 00:31:48.248357086,621
-42.59945271117757,173.07595219895427,4.4,2016-11-20 17:42:12.716974055,621
-41.71418224595092,174.3071579786753,4.6,2016-11-17 14:52:10.770646538,621
-41.72668263675433,174.28027723326613,4.1,2016-11-15 17:11:46.978637794,621
-43.25162035333375,171.39912712064896,5.3,2016-11-25 13:54:53.316129941,621
-42.67041120951108,172.77467801729836,4.5,2016-11-27 10:48:17.154548847,621
-42.25701034415221,173.43409463766153,4.2,2016-11-22 09:45:53.087377081,621
-41.68102159164322,174.27501715567223,4.1,2016-11-14 19:46:40.655873484,621
-42.02159663079394,173.72445421888042,4.1,2016-11-18 19:56:16.260696287,621
-41.74989344730079,174.17043847615503,4.6,2016-11-21 09:55:40.318597204,621
-39.96761764373254,175.84133065850787,4.2,2016-11-14 12:11:37.656027,622
-41.99299905809678,174.20371215736347,4.1,2016-11-16 21:39:56.022211,622
-38.285529266682246,179.47535705115402,5.3,2016-11-17 01:57:38.692900,622
-38.13016545879073,178.42535252630145,4.1,2016-11-30 09:14:56.965240,622
-36.9459879554034,177.5474952381152,4.2,2016-12-09 16:51:10.975299033,622
-37.50314962749199,179.84197711048094,4.3,2016-11-29 00:01:07.758548614,622
-43.48207488193215,172.81891292071455,4.5,2016-11-14 05:55:26.318588176,622
-37.16406229805862,179.10423875673462,4.2,2016-12-13 00:34:02.579589231,622
-41.97755961830599,173.69057164297325,5.0,2016-11-15 13:44:16.617838735,622
-42.00921949700657,174.11274779786953,4.4,2016-11-15 12:44:09.854267070,622
-41.86510480896171,174.2852690049815,4.5,2016-11-15 02:13:17.895054632,622
-41.90989819121764,173.96977751650775,4.5,2016-11-16 06:55:08.960768191,622
-42.60309567125216,173.27273288162036,4.1,2016-11-14 10:52:45.307321984,622
-41.754254924862416,174.2972864200003,4.3,2016-11-29 16:14:57.856219855,622
-42.27660242469292,174.1568729478794,4.2,2016-11-15 20:01:49.454151958,622
-42.05170726145168,174.12109067780915,4.2,2016-11-14 07:32:27.769127124,622
-42.94243121829976,171.7775773286356,4.9,2016-11-25 17:36:27.383157,623
-36.60352926975595,178.06952729840063,4.1,2016-11-28 06:26:15.252601,623
-41.8431959139506,174.35810043463678,4.1,2016-11-20 06:03:16.379455761,623
-41.93255832376421,174.37119720178342,4.2,2016-11-14 01:32:09.247806022,623
-41.75638120289408,174.0640543929345,4.1,2016-11-16 04:14:30.048189463,623
-41.81810807628624,173.63677478558654,4.3,2016-11-15 11:24:10.049573478,623
-42.61808765230133,173.1413532289417,4.4,2016-12-09 11:05:51.155416295,623
-36.85975140178198,179.10870496102052,4.1,2016-11-25 04:54:10.947160565,623
-42.21988952846168,173.5518598123069,4.7,2016-11-15 09:08:51.329670851,623
-42.35146374340192,173.8765774894802,5.1,2016-11-17 01:29:53.199170484,623
-43.44139056500683,172.9042437572182,5.0,2016-11-15 22:30:06.866989,624
-39.09163075114914,178.64523242557686,5.2,2016-11-19 18:22:37.210110,624
-47.34738378791397,165.2444413443004,4.1,2016-12-11 02:23:17.164834,624
-35.65669308236475,177.25699780912197,4.6,2016-12-13 15:17:50.735229,624
-41.98046401025615,173.69715086667438,4.2,2016-11-19 08:01:15.631683078,624
-41.98590449042835,173.97099720379765,4.1,2016-11-17 23:11:50.950161579,624
-42.12999500810614,173.94020390444427,4.1,2016-11-15 22:28:45.625770436,624
-41.94521177112116,174.07141579148143,4.4,2016-11-22 16:20:43.171391083,624
-41.72086756365633,174.25580910744546,4.2,2016-11-16 19:15:10.687246700,624
-38.77694272421941,176.00764778518985,4.1,2016-11-17 23:48:33.028235,625
-43.52954023752258,172.78520389200216,5.8,2016-12-09 07:03:41.012843290,625
-42.88531903483733,173.18273499464686,4.1,2016-11-16 20:03:59.063573554,625
-42.42668499331264,173.7860469404856,4.2,2016-11-24 04:13:28.815450832,625
-42.405708471748376,173.73671537166535,4.3,2016-12-05 17:50:24.554092930,625
-42.646104209626,173.06561061834526,4.2,2016-11-14 02:15:13.886698231,625
-42.2624638892253,173.9763889620094,4.5,2016-12-09 19:49:15.114505246,625
-42.18566459679476,173.6818967271891,4.3,2016-11-22 19:30:56.886177697,625
-41.6868343501737,174.23596870768336,4.2,2016-11-14 09:23:58.165721521,625
-41.53019508151532,174.2573878638147,4.7,2016-11-22 03:14:10.471685980,625
-42.59943110858154,172.86616033125745,4.1,2016-12-10 13:00:09.155571272,625
-41.77414464232394,174.24250260089184,4.4,2016-11-15 17:26:06.041324516,625
-42.532294775024496,173.47468947780817,4.1,2016-11-14 16:37:47.106610712,625
-41.740799350628414,174.29191864717723,4.5,2016-12-09 23:55:40.578541245,625
-41.70680132981882,174.32379494087505,4.3,2016-11-14 00:25:02.040023464,625
-42.42301007360411,173.7455027110797,4.3,2016-11-24 04:20:27.713227031,625
-43.052076133869534,171.96866829871172,4.2,2016-11-16 09:56:22.418956,626
-37.45922356784247,179.35213652701407,4.3,2016-11-19 08:23:35.632119,626
-36.93912703619818,177.0160736689834,4.3,2016-11-30 05:04:52.193206,626
-41.66601120504749,174.25978930527438,4.7,2016-12-05 17:32:12.634303377,626
-42.58976997826717,172.8732713639883,4.2,2016-11-27 19:42:37.901668632,626
-41.81693503512114,174.14691775441503,4.5,2016-11-16 10:28:49.794864185,626
-41.78829252214887,174.1538730970028,4.4,2016-11-16 22:09:25.263014161,626
-41.64398059646258,174.3118405301728,4.6,2016-11-14 01:27:39.736440607,626
-42.10949243333615,173.71167873522214,4.7,2016-11-15 08:27:46.533263663,626
-38.16155979062729,176.5383057149752,5.0,2016-11-16 18:03:57.622542,627
-38.908894473328175,175.82090304759026,4.1,2016-11-25 18:10:14.160046768,627
-40.615738056214695,175.8427096138238,4.6,2016-11-29 14:34:26.408435955,627
-41.6993142955018,174.29898916383348,5.2,2016-11-15 00:38:22.352556246,627
-42.64554681380955,172.87618981648777,4.4,2016-11-19 21:04:03.979942120,627
-41.7641788492865,174.1824291175436,5.2,2016-11-15 05:41:00.341673090,627
-41.92284523790112,174.03534456368067,4.1,2016-11-15 22:04:46.919284419,627
-41.736525377833935,174.30277041413368,4.6,2016-11-17 23:43:13.349832462,627
-42.36172376950342,173.51304169152706,4.4,2016-11-27 16:13:00.681762331,627
-42.28670620855991,174.00579440924258,4.9,2016-11-14 02:23:53.331276338,627
-42.3532534219892,173.9278825317029,4.7,2016-11-16 14:00:50.178833328,627
-41.79518394354012,174.19425143104223,4.2,2016-11-18 12:12:32.513567218,627
-42.30288708288376,174.02151357676445,4.2,2016-11-22 12:31:40.553741688,627
-39.79348793826971,174.01452620360396,4.6,2016-11-19 00:00:01.217413,628
-37.26150549569035,178.926631639853,4.5,2016-12-02 21:37:32.205670210,628
-37.45505239358402,176.85936614830908,4.6,2016-11-20 23:08:19.173523712,628
-39.319223543917815,173.77143603104295,4.7,2016-11-25 06:29:53.850099181,628
-41.87251328676444,173.996076395798,4.4,2016-11-14 07:14:54.034360979,628
-41.80824169028018,174.2875216461257,4.9,2016-12-10 15:27:50.598678430,628
-42.54028386773056,173.22719103327182,4.3,2016-12-07 12:53:47.609081034,628
-37.26685728818847,178.9403242625679,5.0,2016-12-03 02:30:30.276245386,628
-39.48635422533448,174.48476885130137,4.2,2016-11-18 03:38:39.470680,629
-46.80048886474404,165.41905021900916,4.1,2016-11-22 06:49:43.688082,629
-39.94556762381228,173.73365081180498,5.1,2016-12-01 09:39:16.622186,629
-38.15556939519683,176.96265728178798,4.6,2016-12-07 23:02:47.265592,629
-36.77904021877036,179.5589971785095,4.3,2016-12-07 23:22:23.091182410,629
-37.36155403354256,179.077822830474,4.1,2016-11-24 02:40:20.990303039,629
-42.5864672584631,173.13880829184484,4.2,2016-11-18 20:06:05.328482223,629
-41.78916742712569,174.27665239184805,4.2,2016-11-17 05:54:19.203330561,629
-41.621410239152695,174.24676842092632,4.3,2016-11-27 09:05:43.578368883,629
-42.49577498662948,173.19972095589512,4.6,2016-11-14 22:29:38.759107902,629
-42.46609197302909,173.35224052365206,4.4,2016-11-20 07:53:21.835351937,629
-41.78608400467503,174.09104409565856,4.4,2016-11-15 10:35:02.659469482,629
-42.22260006540003,173.79594121578438,4.2,2016-11-14 08:16:01.395230472,629
-42.02802968512599,174.00630083677146,4.4,2016-11-14 03:23:27.324019508,629
-42.70000310374824,172.82502994184728,4.8,2016-11-24 11:24:07.901770099,629
-41.97038166577927,173.88747975937298,4.1,2016-11-15 04:46:18.655128503,629
-42.39922579882858,173.2755280789108,4.8,2016-11-14 00:37:06.286226867,629
-42.28895732715334,173.86880447430994,4.5,2016-11-29 14:58:50.426470167,629
-40.95214258919878,174.8863130299008,4.2,2016-11-14 12:59:56.661212018,629
-42.256697008681456,173.85963312257775,4.5,2016-11-29 15:20:49.761544089,629
-46.080527312643184,165.1588147869381,4.6,2016-11-27 19:59:51.860645619,630
-41.08276601115604,174.5914492364681,4.1,2016-12-03 00:27:53.394676942,630
-41.707190248163926,174.35320816169485,4.2,2016-11-14 20:55:08.291579130,630
-41.815500524985175,174.03318635626212,4.3,2016-11-22 17:15:04.920626935,630
-42.236504486193816,173.67913714458385,4.2,2016-11-28 08:26:37.859555153,630
-42.089913589931335,173.68333107778193,4.2,2016-11-14 09:49:21.145422113,630
-41.727404814920206,174.38320778036714,4.3,2016-11-14 21:06:32.632390620,630
-37.25608419405764,176.7885276294639,5.2,2016-11-17 03:20:16.061564,631
-43.70915755257762,172.44270991836171,4.6,2016-12-08 16:07:48.524104,631
-43.04451838744526,172.97518841379986,4.3,2016-11-15 06:24:35.963790488,631
-42.14301542073369,173.76653698442365,4.6,2016-11-17 12:24:40.105183067,631
-42.148337973860976,173.645769533429,4.5,2016-11-16 01:14:09.454932696,631
-41.70228210775507,174.23235516139027,6.0,2016-11-20 09:28:06.745639105,631
-42.31170547817423,173.80510782400333,4.4,2016-11-14 02:39:37.105828430,631
-42.72695774159472,172.65587682216776,4.4,2016-11-15 07:29:26.398360609,631
-42.3567960241886,172.9491974624359,4.7,2016-12-06 16:03:35.671653727,631
-42.473807665097645,173.829339453802,4.8,2016-11-16 21:48:46.573675914,631
-42.50161542023704,173.8095763929709,4.1,2016-12-08 03:01:41.076675023,631
-41.71031018619047,174.2405155095642,4.4,2016-12-07 10:38:09.626215011,631
-42.48714531873578,173.2297974140819,4.7,2016-11-14 01:43:45.861174268,631
-41.8483215018994,174.18538708258157,4.2,2016-11-20 09:44:55.889042996,631
-37.99624602163866,175.72629765414246,4.6,2016-12-04 20:06:58.481678,632
-37.13106607385912,176.85732950674003,4.6,2016-12-07 02:06:11.069749303,632
-36.973144878407226,177.31637036476752,4.2,2016-12-04 01:52:48.492769193,632
-37.15578777090001,179.25472782126462,5.3,2016-11-23 22:26:02.303989859,632
-43.34262332807004,173.81088047969337,4.5,2016-11-18 04:18:47.794896962,632
-42.31127118451555,173.80660296717775,4.2,2016-11-25 05:46:51.461186785,632
-41.87025984843432,174.14365272766565,4.6,2016-12-12 04:57:32.597593683,632
-42.66298453382575,172.74368678259015,4.2,2016-11-14 09:00:31.264771274,632
-42.28901087692639,173.45876720188855,4.4,2016-11-18 01:44:48.096469616,632
-41.7452731919112,174.29186144718207,4.2,2016-12-12 14:14:12.432286931,632
-42.879657624751786,173.54383309600124,4.9,2016-11-14 02:56:46.651065245,632
-41.70532565542477,174.33201796872132,4.6,2016-11-14 00:04:39.550941327,632
-37.08178718040504,176.77857170537476,4.1,2016-12-07 02:10:04.611059182,632
-47.65684090211873,165.12008898730264,4.2,2016-11-16 09:29:33.059075,633
-45.12080486191597,170.50052632718507,4.4,2016-12-06 19:59:06.370303,633
-36.981849645250286,177.1177919316225,4.6,2016-12-07 23:18:42.173810,633
-42.06870971234904,173.51832685372142,4.1,2016-11-24 04:15:28.212198275,633
-41.72269480734938,174.26021051586156,4.3,2016-11-16 17:10:35.163338782,633
-41.55593225074657,174.57516841631715,5.1,2016-11-18 16:40:50.824926314,633
-42.30852149609957,173.9231250211201,4.8,2016-11-30 15:51:45.168815242,633
-42.26260150772375,173.96118722860908,4.6,2016-11-18 00:28:41.204231918,633
-41.77532105850113,174.0093549229627,4.3,2016-11-16 17:53:18.797525577,633
-40.357389219057936,176.53652449874937,4.1,2016-11-14 13:22:29.039753,634
-43.55779975715948,172.9935438759245,4.5,2016-11-26 17:01:56.133596,634
-38.159879584476855,176.04198649668626,4.7,2016-11-29 00:59:51.555188,634
-36.46525548009311,177.68703767134946,4.2,2016-11-30 04:16:02.336630,634
-42.598906863090015,172.73996210159513,4.5,2016-11-18 03:19:17.364752618,634
-41.88083241779831,173.7867563254737,4.1,2016-11-23 21:57:58.923336207,634
-41.77799209019379,174.0332531911251,4.2,2016-12-11 17:32:43.291093256,634
-42.174728857851576,173.97351705632872,4.1,2016-12-08 03:40:36.934730921,634
-42.335196062542245,173.71243973563426,4.5,2016-11-14 05:27:51.763349940,634
-41.93440265506778,174.01233625082327,4.3,2016-11-21 13:07:43.371907088,634
-41.76886193455402,174.14835308677578,4.4,2016-11-14 01:25:09.775769927,634
-41.65745409112712,174.29568417610355,4.3,2016-11-19 02:35:36.867479279,634
-41.737510759258974,174.3145686987477,4.3,2016-11-14 01:37:47.277205498,634
-41.65343677522463,174.2622725916962,6.1,2016-11-28 02:44:10.713055446,634
-42.936890575373184,171.5919599141477,4.3,2016-11-15 09:38:34.301420,635
-38.94564631597782,175.4767252954254,4.1,2016-11-21 03:35:11.904364,635
-41.84140510982037,174.19023149717634,5.2,2016-12-04 15:38:04.499817,635
-38.36008383503156,175.8776843403974,4.1,2016-11-27 15:01:04.691568865,635
-37.1180355754891,178.89615985981655,4.8,2016-11-20 02:48:11.034053760,635
-37.143951030104674,179.00986297675715,4.3,2016-12-04 04:56:28.673866465,635
-42.15143145802263,173.60981702503153,4.2,2016-11-19 21:54:46.275826569,635
-41.67175178892756,174.32836546811498,4.3,2016-11-16 17:39:11.189450397,635
-42.34607539437874,173.9274975134402,4.1,2016-11-14 09:18:12.144184006,635
-41.62799523085688,174.33679591364532,4.3,2016-11-21 16:21:17.109065451,635
-38.995007260799376,179.76098632272405,4.2,2016-11-21 13:08:54.658368,636
-44.1050817477517,168.59643574139997,4.3,2016-12-10 11:52:46.158475,636
-36.91672222390469,178.71418920006042,4.5,2016-11-28 14:20:15.873119167,636
-41.94910665015232,173.5750886568146,4.2,2016-11-19 05:39:33.330695652,636
-36.88859233051812,179.07727893325313,4.1,2016-11-14 04:44:47.783986432,636
-42.14137729327387,173.86602847952597,4.8,2016-11-27 22:59:47.862060018,636
-42.30486238574251,173.93369076723693,4.7,2016-11-24 20:20:12.408554152,636
-42.73340760358983,172.67341615174573,4.5,2016-11-16 04:11:36.454581642,636
-36.940058124442864,178.7058655370797,4.4,2016-11-28 15:16:57.531285973,636
-37.386604187121215,179.3855044341839,4.9,2016-11-18 13:04:52.611165,637
-37.050041968522684,179.21223547358537,4.1,2016-12-01 05:07:47.483539914,637
-42.1007040667409,174.9207789026385,6.0,2016-11-14 08:11:55.384709783,637
-42.26977910717282,173.4644569606013,4.2,2016-12-02 08:29:53.421858759,637
-41.64679058675837,174.23799969779105,4.2,2016-12-08 17:40:51.742461026,637
-41.76452100204419,174.27890566399833,4.1,2016-11-17 05:42:23.550636140,637
-42.28893642801636,173.80996735194847,4.3,2016-11-24 02:35:53.094549199,637
-42.30033683805191,174.08052358468103,4.2,2016-11-16 13:59:25.950360222,637
-42.63772324654895,172.65683860836234,4.7,2016-11-22 15:17:34.032664753,637
-42.04372257591491,174.03383018986372,4.5,2016-11-21 19:28:08.472298213,637
-42.08869241672605,173.7298225037334,5.5,2016-11-28 09:50:42.954497126,637
-42.06276403301204,173.65454370860962,4.7,2016-11-28 11:35:41.388407711,637
-42.193462909230576,174.72569158704354,4.2,2016-11-15 21:33:26.143118682,637
-35.5243478984073,177.88173515830542,4.1,2016-11-24 08:46:23.111775,638
-43.190221999757775,175.24175081736888,4.5,2016-11-30 07:24:18.363151468,638
-42.01804977206525,173.67257886244337,4.1,2016-11-14 17:33:21.009185278,638
-42.138943718720256,173.77946621657884,4.2,2016-12-13 15:13:44.186042859,638
-41.97418834611175,173.66101547793517,4.3,2016-11-18 07:44:11.988595180,638
-41.929846594421136,173.69779712700904,5.5,2016-11-16 05:31:32.618648921,638
-41.70656876986104,174.42279984622212,4.5,2016-11-17 01:40:31.109922330,638
-42.42575728525205,173.28549001432756,4.6,2016-12-06 08:54:52.138090081,638
-42.56788255583263,172.96687151064816,4.5,2016-11-15 06:19:44.228567258,638
-41.767568397637206,174.20195327375492,4.2,2016-11-18 05:32:46.238259547,638
-41.73299442387497,174.38820979915732,4.1,2016-11-15 05:57:24.271355388,638
-41.78424506920921,174.3632582794738,4.1,2016-11-15 04:58:42.737314698,638
-41.710177866571016,174.3822302642558,4.1,2016-11-23 09:51:09.006825790,638
-42.32570728683973,173.7844702404461,4.4,2016-11-18 02:53:22.792568160,638
-41.78828911692889,174.23316315525057,4.3,2016-11-14 05:01:21.382232363,638
-42.52509320161259,173.25017107145683,4.4,2016-11-14 08:21:59.284758342,638
-42.079581119926495,173.68481181465938,4.2,2016-11-14 01:52:34.180099361,638
-41.881998128692565,173.99916566581803,4.5,2016-11-19 18:22:14.507613111,638
-41.55987871593469,173.74133031441488,4.7,2016-11-15 18:24:47.023559,639
-44.21609040912697,166.30673778271202,5.3,2016-11-25 08:53:59.928277,639
-45.16427373044322,166.9652735965119,4.1,2016-12-11 01:12:02.444928999,639
-37.33367594609933,177.41822139318262,4.2,2016-11-22 11:05:16.716918442,639
-42.8242692478391,172.9555213581958,4.2,2016-11-14 04:32:13.709773729,639
-41.59880618066574,174.36399271432714,4.5,2016-11-15 01:35:29.423495365,639
-42.515213116491495,173.14601002293205,4.6,2016-11-14 08:24:38.335057147,639
-41.778622429605946,174.19023591565576,4.1,2016-11-14 11:14:34.063334668,639
-41.73550113385996,174.2909008127007,4.7,2016-11-18 08:10:59.410333231,639
-42.40681047638008,173.7538088854001,4.2,2016-11-14 05:35:40.597755602,639
-42.53391306247108,173.34931474262658,5.1,2016-11-14 00:58:14.235686176,639
-41.6785853671844,174.30169272695076,4.9,2016-11-20 08:21:43.872806157,639
-42.815287482448525,173.10963095530866,4.5,2016-12-07 11:55:25.046889724,640
-41.76723556643355,174.07963385054563,4.1,2016-11-14 03:04:18.468936126,640
-42.29787035955343,173.6703047203802,4.4,2016-11-17 14:50:59.061978578,640
-42.3382376902616,173.45942534873942,4.8,2016-11-18 13:56:19.924435486,640
-41.92607349532116,174.12426647595106,4.9,2016-11-24 19:13:03.342953054,640
-42.123551376326496,173.6521330516377,4.2,2016-11-26 18:54:43.380219101,640
-37.87598502337615,179.5117971252792,4.1,2016-12-01 13:05:57.223894,641
-36.67205117326993,177.55944184628666,4.5,2016-12-09 02:38:23.160222282,641
-42.73869158933744,173.0734943385841,4.1,2016-11-27 03:56:17.302326225,641
-41.68537560187308,174.24955155920966,4.9,2016-11-14 00:55:38.342717192,641
-42.274987984615,174.2433902566543,4.8,2016-11-16 17:57:43.619256197,641
-41.63318481597954,174.15147970593355,4.5,2016-11-14 00:17:00.771307298,641
-42.28553459654766,173.63194059437228,4.4,2016-12-13 15:02:49.179659348,641
-42.6707193486309,172.801368753404,4.2,2016-11-15 07:40:32.637112499,641
-38.77483887088838,175.932663448919,4.6,2016-12-06 23:35:49.448234,642
-42.64475467678009,173.60147548600364,4.3,2016-11-23 04:52:28.849279579,642
-36.93360033181168,178.70741552817327,4.3,2016-11-15 14:51:59.503588696,642
-37.27117458100656,178.83067786445258,4.3,2016-11-15 05:56:53.656940566,642
-42.42333997047423,172.44804458329966,4.3,2016-11-14 11:10:58.316941802,642
-42.36808347771142,173.9619555807784,4.7,2016-11-21 20:06:23.254812841,642
-41.70563187135922,174.1632438016583,4.2,2016-11-16 22:58:38.239662263,642
-41.852413191218446,174.0032570098462,4.1,2016-11-14 22:51:26.472349668,642
-41.72571596769048,174.2572401254571,4.1,2016-11-19 09:42:56.965584765,642
-42.55007441645086,173.0975589322234,4.1,2016-11-30 03:27:47.351735897,642
-41.7294656716841,174.3038777465236,4.7,2016-11-14 04:49:41.447541206,642
-41.69567673942321,174.18574998370036,4.1,2016-11-14 01:48:34.260497851,642
-41.73956037776905,174.31356176034507,4.1,2016-11-14 01:54:52.490875948,642
-42.51876553062784,173.39935027427626,4.3,2016-11-15 00:26:42.333477181,642
-41.764058015631775,174.33046760794178,4.1,2016-12-11 11:00:08.647256229,642
-42.12605207735304,172.90398893501438,4.5,2016-11-14 03:33:41.747374120,642
-42.57875678678448,172.63439534761233,4.2,2016-11-14 00:43:07.457921176,642
-42.051439198118,173.6836036446642,4.3,2016-11-21 07:33:23.410374115,642
-38.83195165724114,175.93948921019071,4.1,2016-11-30 19:13:40.553971,643
-39.18562561905284,174.99350173446334,4.4,2016-12-04 00:16:22.168383493,643
-42.26554179826783,172.45801910015535,4.2,2016-11-15 08:04:56.636152964,643
-41.96057764367585,173.9587121277359,4.7,2016-11-17 14:17:46.285153967,643
-41.84771828837144,174.00709026314274,4.2,2016-11-14 15:43:12.361669096,643
-42.18755620909211,174.25763584486972,4.1,2016-11-14 01:50:20.210679350,643
-42.10148322853139,173.6742912349173,4.3,2016-12-05 16:06:14.289676032,643
-41.9689715071335,174.00112603662703,4.1,2016-11-19 17:21:37.993029975,643
-42.44194457381232,173.524618649216,4.3,2016-11-14 17:12:29.269607726,643
-42.72786942832699,172.92375178245635,4.3,2016-11-14 17:27:04.891984607,643
-42.09777669007658,173.68210440837746,4.2,2016-12-05 17:07:15.265063282,643
-37.142107361018006,177.00962148406902,4.2,2016-12-01 09:38:45.381902,644
-42.93209795263529,172.9507496938174,4.6,2016-12-01 01:41:25.599868437,644
-42.543611391398464,173.42790044150306,4.4,2016-11-16 05:03:00.124761857,644
-42.6476866982448,172.7786084024985,4.6,2016-11-14 14:10:58.801143351,644
-42.25531208508498,173.4574206842505,4.6,2016-11-16 10:16:50.390506923,644
-41.80257339693885,173.9819213010811,4.1,2016-11-17 08:59:34.692592376,644
-42.67481236022767,173.03497249273823,4.9,2016-11-14 01:53:46.352209207,644
-37.20818675889802,177.92468389961746,4.2,2016-11-29 03:21:23.845095,645
-35.90027680031353,178.74057331814458,4.9,2016-12-11 03:33:12.991057,645
-47.49976361040017,165.91087008813764,4.1,2016-12-09 12:56:14.723382440,645
-42.18117130060784,173.6313376289699,4.8,2016-11-19 18:15:08.068128666,645
-42.23669621733593,173.5578814344389,5.4,2016-12-08 16:54:32.276653891,645
-42.37343392438069,173.36067451514478,4.1,2016-12-02 05:05:51.015739128,645
-41.80238578187552,174.0543255618857,4.1,2016-11-20 08:39:18.665723095,645
-42.30381958575868,173.68173601425823,4.7,2016-11-14 11:35:05.955587578,645
-41.73079864487995,174.24150573268508,4.4,2016-11-24 05:26:55.596206077,645
-42.664865276643184,172.81765051871866,4.7,2016-12-06 05:36:29.911983520,645
-42.28958785086333,173.3912566383673,4.6,2016-11-21 09:46:17.427785134,645
-42.32633288112465,174.04019769879724,5.0,2016-11-14 01:40:53.774807369,645
-39.628281991737246,179.78158600450627,4.4,2016-12-06 13:08:03.727822,646
-42.54058889223551,173.86221841023976,4.3,2016-11-14 01:27:23.409780070,646
-41.76551572661912,174.1590421556334,4.1,2016-11-14 00:26:32.107356190,646
-41.86193073847924,174.11792682119705,4.2,2016-11-16 18:37:15.257310019,646
-41.88741287887869,174.2917973355999,4.4,2016-11-14 01:13:22.456347843,646
-42.06250767294366,173.610717679298,4.3,2016-12-01 22:45:28.635351501,646
-41.96325211592633,174.05696529948332,4.2,2016-11-14 01:13:04.322394381,646
-36.56011053812732,177.2099650617198,4.9,2016-11-14 18:23:36.464210,647
-36.65257362114266,177.57718360616013,4.1,2016-12-01 12:00:50.178306,647
-46.95378481286866,165.34959007990437,4.2,2016-12-11 03:56:54.290417,647
-46.94801899304072,165.391301690232,4.3,2016-12-11 04:11:12.742682236,647
-39.3515494696757,173.73790079487733,5.4,2016-11-27 20:28:38.043846662,647
-42.54734680786765,173.42390277260557,4.7,2016-11-15 04:13:07.812849559,647
-41.98512295373608,173.85302223591015,4.4,2016-11-14 22:09:20.168421856,647
-41.73613695373566,174.20907775467015,4.4,2016-11-24 13:06:59.265942087,647
-42.11412034475635,173.53298481478168,4.1,2016-12-08 13:06:23.871963424,647
-41.95682707189947,174.23155223212666,4.7,2016-11-14 01:16:13.666426198,647
-41.74938285283496,174.16239496059703,4.3,2016-12-04 14:29:50.574332934,647
-42.63889975509548,172.7733108217056,4.1,2016-11-21 14:54:42.647196821,647
-41.774334815892246,174.2940773979596,4.3,2016-11-15 00:56:58.590033677,647
-42.67261258955324,172.80527251180348,4.5,2016-11-14 01:46:29.148000480,647
-38.326182488606776,178.360327484316,4.2,2016-12-01 01:30:19.176349,648
-37.8227491438997,179.4181695574552,4.2,2016-12-01 06:38:06.791775,648
-34.377461159973606,177.48013092512053,4.1,2016-12-05 14:14:41.141046112,648
-39.055749508412845,175.02080487142624,4.9,2016-12-02 20:54:30.212241965,648
-42.606894476349744,172.9498465140377,4.3,2016-12-13 16:02:15.928749247,648
-42.014417796986585,173.73251055525412,4.1,2016-11-21 11:31:48.645884535,648
-41.96534859096073,174.45203559430055,4.3,2016-11-18 06:42:14.408438064,648
-42.24619877905333,173.91530362351864,4.2,2016-11-18 00:38:16.306741389,648
-41.78764825875015,174.248605654541,4.2,2016-11-18 00:39:47.431049928,648
-42.42478226854061,173.82196184402633,4.2,2016-11-16 00:05:49.539169630,648
-42.4981491571392,173.4145709529255,4.6,2016-11-14 20:48:12.393700368,648
-41.829362425610974,174.1850798627506,4.2,2016-11-14 15:49:46.079511970,648
-41.66831516553555,174.25290982516628,4.2,2016-11-30 05:25:16.448673043,648
-38.93701464729831,178.41932505038773,4.7,2016-11-25 11:13:34.309456,649
-41.68536607313925,174.373533274592,4.1,2016-11-28 10:55:58.149071,649
-41.82409804157687,174.06846565862585,4.3,2016-11-30 22:30:14.016082632,649
-41.7882543358597,174.23067174254552,4.3,2016-11-16 15:06:17.981723261,649
-41.27738139193328,172.59819385298542,4.5,2016-11-14 22:46:10.147759142,649
-41.716961133056365,174.200354408124,4.1,2016-11-18 01:57:06.729362540,649
-41.72433570701513,174.18375206246304,4.2,2016-11-14 18:52:25.539176547,649
-41.79777805301001,174.2359671541146,4.1,2016-11-17 23:48:17.626510401,649
-42.67281312599295,172.76475744911082,4.1,2016-11-14 01:22:07.713841589,649
-46.03913080671516,165.8599262674522,4.8,2016-11-14 21:23:23.701166,650
-37.82851716011037,179.34505155902522,4.3,2016-12-10 06:31:44.476306,650
-41.84299917636927,172.00254766682394,4.5,2016-11-26 04:08:57.476753460,650
-37.10364811099336,179.323601331216,4.2,2016-11-23 07:13:23.319559740,650
-37.37194149234997,179.05768677863065,4.5,2016-12-07 08:04:03.247622264,650
-42.77019252284582,172.75631578546316,4.2,2016-11-16 02:58:23.866410253,650
-42.14460033299018,173.49004488383073,4.3,2016-11-19 23:00:09.270695788,650
-42.67096756190647,172.87810540215546,4.5,2016-11-18 22:23:12.917681020,650
-42.52092636110908,173.2257988084294,4.3,2016-11-14 12:35:22.094365155,650
-43.25171197265121,173.69746962286692,4.5,2016-11-15 17:58:25.158813838,650
-42.58458126959682,172.65425489530213,4.7,2016-11-14 04:56:47.911358735,650
-42.75152985965575,172.74400124529478,4.2,2016-12-10 17:22:44.222497322,650
-38.89270478177298,175.87334820804733,4.1,2016-11-25 22:16:10.462358993,651
-42.53943704001093,173.05985970542852,4.7,2016-11-27 06:06:33.605388774,651
-42.62956956562825,172.9459286695647,4.8,2016-11-25 08:52:59.377967378,651
-42.228392271538205,173.8954726719308,4.8,2016-11-14 12:51:52.826855200,651
-42.51053580587324,173.2118004764679,4.1,2016-11-14 19:23:05.074446865,651
-42.50483905640707,173.75709785076086,4.1,2016-11-14 06:10:19.401243719,651
-41.69239701612069,174.30916181823892,4.1,2016-11-29 04:31:57.350332854,651
-41.851871390418815,174.2363785114081,4.1,2016-11-21 18:33:46.864781035,652
-41.63275160126196,173.83434779351026,4.2,2016-11-14 01:48:40.040384340,652
-41.93495882347865,173.94811975878488,4.9,2016-11-14 15:51:54.770833003,652
-41.705427315558346,174.39152103606375,5.1,2016-11-20 09:20:52.874891536,652
-42.34458099835359,173.85956878458606,4.2,2016-11-15 03:11:20.166287652,652
-42.54820381011274,173.1282314261881,4.1,2016-11-14 17:59:05.038586579,652
-42.55817048762153,173.21484497670193,4.2,2016-11-14 09:56:43.230125914,652
-41.84631553920121,174.0384415605656,4.2,2016-11-14 00:51:20.632907673,652
-42.00084423359491,173.56970723220428,4.6,2016-11-15 04:25:25.336609233,652
-41.57434350239498,174.30196836943492,4.5,2016-11-14 01:52:16.659152500,652
-36.3119477527149,176.57491668105098,4.8,2016-12-05 12:12:01.820645,653
-36.28209825254216,176.6113169378117,4.2,2016-12-05 15:39:42.011523373,653
-41.7223118932011,174.16996608883767,4.6,2016-11-15 17:21:50.420951481,653
-42.31282005290952,173.8559919206285,5.8,2016-11-20 17:50:55.646160264,653
-42.3093325215768,173.55409298302013,4.1,2016-11-16 06:00:39.091452434,653
-42.6138298400064,173.29820020391523,4.7,2016-11-26 10:04:50.754100305,653
-42.335885447314034,173.8493715472977,4.7,2016-11-28 05:41:36.768157958,653
-41.767908358480426,174.14336846159634,4.4,2016-11-15 18:57:24.208704244,653
-44.63747598353274,167.84145693094953,4.4,2016-12-03 10:18:39.437343,654
-46.93059356673497,165.72876425621808,4.1,2016-11-26 06:14:30.593056528,654
-42.60623510669245,172.98958902157318,4.3,2016-11-14 02:03:01.091292324,654
-41.7784067116508,174.21788506580896,4.8,2016-11-23 02:26:12.080866352,654
-42.476026492640585,173.25110460734513,4.1,2016-12-10 17:31:54.718767149,654
-42.12429332340355,173.67171896142085,4.4,2016-11-14 03:16:33.224366443,654
-42.344784820207344,173.86395699898088,5.1,2016-11-17 06:12:01.865222474,654
-41.86014439593865,173.93398728841058,4.5,2016-11-14 05:12:26.304944307,654
-45.62881015558533,166.71223406635104,4.1,2016-12-05 01:42:42.670498950,655
-41.65165965818616,174.29026020909654,4.1,2016-11-22 22:10:15.674251136,655
-41.60568543358109,174.22637805622205,4.2,2016-11-14 00:06:10.969321256,655
-42.09546603997904,173.50555814400974,4.4,2016-11-15 06:02:23.304656756,655
-42.57993440092908,173.39546714217045,4.1,2016-11-14 19:23:55.158454812,655
-41.82483031006057,174.24538789304108,4.1,2016-11-14 17:57:38.802856943,655
-42.42462246143086,173.79440007262622,4.5,2016-11-23 17:04:39.609598005,655
-42.81449533117724,173.76343923884275,4.2,2016-11-14 01:24:18.504812634,655
-41.61932117110755,174.28778602086567,4.4,2016-11-28 06:53:32.959054998,655
-39.55149397184357,175.8306343688709,4.3,2016-11-21 13:16:18.342187,656
-37.01592621035624,178.91601790965746,4.3,2016-11-25 21:00:23.282173,656
-38.628119739189366,176.05614408759968,4.2,2016-11-30 18:35:21.656753,656
-37.64521588039225,179.42083440535623,5.1,2016-12-10 08:47:52.215783,656
-39.556284453153225,175.84197341808687,4.1,2016-11-21 20:24:38.482394146,656
-36.70765582004604,178.3442219979151,4.9,2016-12-01 12:53:19.416504912,656
-46.93690995086544,166.1972261360699,4.4,2016-12-04 02:57:59.891187053,656
-38.1272950176953,177.86267706209452,4.2,2016-12-03 04:25:05.157846456,656
-42.47540081970942,173.1437432419793,4.4,2016-11-29 16:14:01.593436108,656
-41.98082646951976,173.6068378375349,4.2,2016-11-16 18:58:04.168474566,656
-42.49618303531672,173.08880659272012,4.1,2016-11-14 13:54:38.672733536,656
-42.50243048387137,172.87452439932417,4.4,2016-11-15 13:11:45.198370684,656
-42.01513073472857,173.65423668300846,4.8,2016-11-14 01:46:35.527819844,656
-42.5414410199087,173.15999333817737,4.1,2016-11-30 04:59:57.841765257,656
-42.28231414485071,173.91961788065433,4.2,2016-11-20 09:30:51.261437610,656
-42.68491268011309,172.65798502963366,4.4,2016-11-18 12:51:23.536940983,656
-36.70220969643063,178.3654793312875,5.1,2016-12-05 03:36:35.071965789,656
-38.74064459248386,175.88610819544462,4.2,2016-11-21 08:01:35.987988,657
-37.48943023223261,177.60908065150954,4.2,2016-12-03 13:21:45.832091,657
-44.16933265307258,168.6340987390961,4.1,2016-12-05 04:23:15.852994,657
-45.28058422015904,166.8583676168457,4.3,2016-12-10 07:03:21.279497,657
-45.12401228260869,167.5768654948507,4.3,2016-12-10 16:09:27.853729,657
-37.11448438392722,178.8605581612239,4.1,2016-11-23 19:25:05.195087454,657
-37.15778298141509,178.9329330806615,4.2,2016-11-27 04:36:56.655501607,657
-42.17973375964527,173.51354270670487,4.2,2016-12-01 17:43:23.448965033,657
-42.41436102042513,173.138146195321,4.7,2016-11-14 08:11:37.039255436,657
-42.30884659960457,173.73846061859535,4.1,2016-12-08 18:40:53.028911232,657
-41.73544578360379,174.1149970478731,4.5,2016-11-14 15:54:54.680973503,657
-41.798399555035175,174.29653469154388,4.4,2016-11-20 22:02:46.689063026,657
-42.64655879530688,172.73683585370688,4.3,2016-12-04 11:12:44.028906752,657
-38.25828678144019,176.27647337115127,4.4,2016-11-26 16:10:09.287156,658
-37.22951135029172,177.03628185017462,5.0,2016-11-22 20:29:04.951516403,658
-43.01537240057479,173.28751266181584,4.4,2016-11-14 22:34:44.715061738,658
-41.78005669290849,174.28539952336973,4.2,2016-11-16 23:47:05.806067317,658
-42.14628862317871,173.57242637082624,4.5,2016-11-30 05:49:58.139818610,658
-42.496018478384485,173.33136971078952,4.1,2016-11-16 11:40:20.753933065,658
-42.51817324911873,173.93970426588228,4.9,2016-11-23 05:14:18.334548916,658
-42.20455592845952,173.62292699147514,4.2,2016-11-15 16:15:12.994897306,658
-42.1190366778527,173.75169629451096,4.9,2016-11-14 14:39:46.893068974,658
-42.32870136218556,174.07038377491875,4.3,2016-11-14 09:02:54.597884213,658
-42.408426963601045,173.5375797240567,4.4,2016-11-14 20:49:17.783799867,658
-41.800027760849446,174.29744557889674,4.3,2016-12-06 14:52:40.821020909,658
-42.35800739416854,173.4897911968782,4.3,2016-11-15 03:21:41.240205791,658
-38.25822815650618,177.92074479348005,4.7,2016-11-27 03:05:57.398943,659
-42.77976082066503,173.6887742680101,4.1,2016-11-14 13:44:51.946243034,659
-42.16230312251821,173.92738583568337,4.1,2016-11-24 17:26:16.266523412,659
-42.35731985137844,173.49943465062702,5.8,2016-11-17 23:16:26.686048983,659
-41.9819559894335,174.06636446272032,5.2,2016-11-17 04:41:37.359782992,659
-42.62619165460403,172.86161585706586,4.3,2016-11-22 16:21:12.902086121,659
-42.34035193999624,173.8058566980512,4.9,2016-11-14 06:52:27.674362235,659
-42.65407648013305,172.77086240084884,4.8,2016-11-15 04:15:53.665486470,659
-42.53634122864031,173.29836379225557,4.2,2016-11-16 17:09:50.487317681,659
-37.19139766991819,177.02747851244118,4.1,2016-11-15 06:58:36.793339,660
-41.82989267015115,173.99499841406055,4.2,2016-11-28 13:18:22.391491,660
-41.47963618601756,173.17082693329675,4.4,2016-12-02 21:56:15.553955,660
-35.25072074227571,179.1519625367722,4.2,2016-12-04 23:38:57.410764,660
-37.0894369326968,179.03494422521837,4.9,2016-12-01 13:39:29.877883169,660
-42.42209590020675,173.11400980305535,4.9,2016-11-16 01:38:39.344405023,660
-41.740417978139,174.0812004065511,4.4,2016-11-14 23:59:00.763616751,660
-42.74573468313351,173.06819962776595,4.2,2016-12-02 11:50:36.370893383,660
-41.92879408081142,174.30940200920344,4.4,2016-11-15 08:03:20.708078540,660
-41.77266489293394,174.16524887447912,4.1,2016-11-14 01:33:26.909464629,660
-41.712847849777496,174.26535340795562,4.6,2016-11-15 06:20:41.982447831,660
-42.09500796582336,174.44942679727615,4.2,2016-11-14 09:22:32.903797624,660
-38.830207918499255,178.43095761667144,5.2,2016-12-04 02:25:38.611058690,661
-41.66632500955214,174.23753170346674,4.3,2016-11-29 02:34:31.426739294,661
-42.53871039858929,173.32640541017352,4.1,2016-12-10 22:13:12.963697611,661
-42.54821623165827,173.1467300787503,4.3,2016-11-14 09:45:08.412682112,661
-42.65884087287848,172.77568809739344,4.1,2016-11-14 17:11:21.656011959,661
-42.24234886387733,173.72483830826005,4.4,2016-12-04 20:58:34.662172455,661
-42.12945703005127,173.6917053282385,4.1,2016-11-15 12:50:06.130909766,661
-41.823587250621394,174.14264460895347,4.6,2016-11-14 04:31:20.419234220,661
-42.39776484506719,173.64009580940117,4.1,2016-11-20 00:33:22.747911506,661
-41.72990966794087,174.29932208617876,4.8,2016-11-14 04:27:47.498699266,661
-45.14318387691309,167.47827106838758,4.2,2016-11-29 07:12:26.479210,662
-42.54112422959632,173.07132638990885,4.1,2016-11-14 10:13:08.802907933,662
-41.82134705346929,174.26713506206133,4.4,2016-11-14 18:25:54.894047424,662
-41.74811079721628,174.1256326259705,4.1,2016-11-16 03:09:14.716425470,662
-42.72640674291415,172.8914241771236,4.3,2016-11-16 08:36:39.017123206,662
-42.18780655858869,173.5796975380181,4.2,2016-11-21 02:31:57.841460221,662
-42.01196670984518,173.78766711228926,4.2,2016-11-14 23:56:41.305696996,662
-42.61517096885392,173.00770771606167,4.3,2016-11-16 02:38:28.024817511,662
-42.75363993464185,172.77445187007555,4.2,2016-11-14 08:15:25.911908739,662
-42.51617103508407,173.24497031351228,4.4,2016-11-14 18:19:23.860528398,662
-42.51888173883879,173.2566863729144,4.2,2016-11-14 09:05:22.717215339,662
-41.649981400437206,174.4558236800706,4.2,2016-11-27 14:40:40.457660447,662
-42.5805463132998,172.59530260073132,4.1,2016-11-14 21:52:39.951745512,662
-42.67732737449429,172.79005933909394,4.6,2016-11-14 01:51:13.486795120,662
-42.32583060350551,173.6683209531153,5.0,2016-11-16 04:26:18.927243840,662
-40.945915721997366,174.7881950654718,4.2,2016-11-21 02:48:45.363808,663
-38.10183642181139,179.4956423702915,4.1,2016-11-23 20:05:41.911856,663
-41.153697394940906,172.6764949302677,4.9,2016-11-28 17:06:30.508253,663
-38.70213730993868,175.1839026258051,4.1,2016-12-13 04:18:42.156383,663
-37.03762551617874,178.74921127116926,4.5,2016-12-03 04:09:19.847040243,663
-41.84457922697394,174.02628242108307,4.2,2016-11-14 08:03:30.604896087,663
-42.18546618523379,173.99810823404954,4.3,2016-12-01 23:04:02.080051456,663
-42.57454082590961,173.16204611850657,5.0,2016-11-15 00:28:39.808612513,663
-42.271509730444166,173.8617872324865,4.6,2016-11-14 08:35:38.097988191,663
-41.72183743996342,174.27200705294518,4.3,2016-12-06 15:00:29.711926789,663
-42.66688112896081,172.78209406094862,4.4,2016-11-21 23:17:46.398592486,663
-34.96822733422511,178.61679963044287,4.1,2016-11-18 16:49:23.942487,664
-38.383118740935686,175.9311346936366,4.7,2016-11-30 07:28:38.163530,664
-47.61540827740923,165.30882252578178,4.7,2016-11-26 04:09:29.068540112,664
-41.04457904737136,174.57476021329165,4.1,2016-11-15 15:18:32.669834802,664
-42.62242437116937,172.95590875098938,6.1,2016-11-14 13:08:33.229436270,664
-41.89207946927774,173.98160199136694,4.2,2016-11-14 17:46:47.413831477,664
-41.62688761148388,173.6362247030715,4.8,2016-11-14 16:08:55.091576365,664
-41.73044424609552,174.21892755135153,4.6,2016-11-14 19:51:40.235280176,664
-42.18408798457119,173.7005654051997,4.1,2016-12-13 23:51:03.049361876,664
-41.87124855560089,174.20295200315417,4.4,2016-11-14 14:28:09.599181249,664
-42.51391723467224,173.37270238097392,4.1,2016-12-03 08:00:23.542862963,664
-42.662069438909256,172.78936235250143,4.2,2016-12-08 23:40:13.410400511,664
-41.73437669562687,174.1366696775421,4.1,2016-12-04 00:28:42.179928928,665
-42.19150826066073,173.77315443315257,4.9,2016-12-06 09:13:13.320859602,665
-41.79255777918119,174.1054680176399,4.5,2016-11-25 16:12:12.322558731,665
-42.28263403200904,173.69852025927585,4.7,2016-11-20 16:52:51.548391481,665
-41.68074555565467,174.3198073363911,5.3,2016-11-15 13:48:41.282463516,665
-42.67106933841662,172.8997699804914,4.1,2016-12-01 04:59:29.158174571,665
-41.71346884654467,174.32129436386376,4.1,2016-11-21 20:43:20.303602905,665
-42.16440898304791,173.72483937931602,4.9,2016-12-06 09:21:14.627587755,665
-45.154182751185175,167.6572138767911,4.3,2016-11-26 00:58:45.728746,666
-37.372599184202464,178.11489563115344,4.7,2016-12-09 05:31:34.021286,666
-37.393712391735015,178.09067211268132,4.2,2016-12-09 06:05:41.856782067,666
-37.16608714188911,179.15988344765785,4.3,2016-12-02 00:08:56.578086206,666
-42.52427034409737,173.7829640823431,5.3,2016-11-28 11:24:09.118535382,666
-42.07925439576389,173.64257841721468,4.1,2016-11-26 12:57:19.051537431,666
-42.039969164395735,173.7104413384386,4.1,2016-11-14 01:45:26.986765970,666
-42.41170057956387,173.22959727881147,4.1,2016-11-17 11:52:36.461002620,666
-41.72738747047572,174.07138497514262,4.3,2016-11-19 03:24:43.762009714,666
-41.812488540964175,174.00733715310704,4.1,2016-11-21 18:27:10.401090132,666
-41.73981063071676,174.2927934272551,4.3,2016-11-15 14:29:36.417726470,666
-41.73158238338487,174.29130137297315,4.8,2016-11-14 10:58:35.591263259,666
-41.67033041695972,174.40709370473274,4.7,2016-11-14 00:40:33.155891423,666
-40.06703413576591,175.291478981943,4.1,2016-11-27 02:50:57.557114,667
-42.268932677289406,174.11414009271138,4.4,2016-11-27 23:33:44.442350901,667
-42.36916266607878,173.31048774966123,4.1,2016-12-11 06:04:38.870416720,667
-41.78786061041557,174.46091521234925,4.8,2016-11-28 10:44:38.633941654,667
-42.27401473404716,174.08218071270713,4.1,2016-11-27 23:47:49.962058237,667
-37.4167313502196,177.50135594792502,4.4,2016-11-17 11:58:32.814518,668
-46.5113609129539,165.23421290035148,4.2,2016-11-28 22:40:30.052421651,668
-36.99491841729044,179.1959936946133,4.2,2016-12-01 20:32:42.309277573,668
-42.82716851455237,173.02145072547884,5.0,2016-11-20 08:55:31.387851267,668
-42.65437953663248,172.79959286897946,4.2,2016-11-22 19:35:05.887146453,668
-42.32247397655352,173.72159945334644,4.6,2016-11-16 16:29:30.189040829,668
-42.37751549215663,173.3649942064379,4.2,2016-12-07 20:35:31.312233453,668
-41.82697484493795,174.17003626576417,4.2,2016-11-22 11:15:44.998425943,668
-41.53998276725357,174.2892567891468,4.1,2016-11-14 08:25:17.841176491,668
-41.77617711130054,174.28329897598474,4.2,2016-11-15 10:31:50.114973933,668
-41.72031866714106,174.30052619989553,4.5,2016-11-14 20:40:50.605908741,668
-42.53132992245614,173.9104839845968,4.3,2016-11-14 13:10:43.560210699,668
-42.50492380459132,173.38549877036564,4.2,2016-11-19 11:06:04.294345333,668
-42.32751955568402,173.8328340244656,4.1,2016-11-15 21:37:30.306599699,668
-42.06575707714227,173.67912966195198,4.5,2016-11-23 02:03:57.539679625,668
-38.28728626251943,175.6539845951816,4.8,2016-11-14 14:29:05.745042,669
-38.40351759418399,176.14606169616096,4.3,2016-11-23 15:41:50.902437,669
-40.36315595804971,176.56669248488413,4.3,2016-12-08 06:27:24.473130,669
-35.840822126448046,178.50509351697312,5.1,2016-12-03 14:48:21.418355942,669
-41.845004483629175,174.2125386004242,4.3,2016-11-17 23:33:03.431984759,669
-41.86530068945305,174.30630925539984,4.5,2016-11-28 19:24:55.958873333,669
-41.72133379122144,174.34456017993313,4.4,2016-12-01 13:11:23.061649303,669
-41.80145089527417,174.11538996246983,4.5,2016-11-16 04:30:17.359952591,669
-41.71469027949446,174.25634644085673,4.8,2016-11-14 21:31:59.778171362,669
-35.803208236610786,178.52447009407285,4.4,2016-12-08 10:14:28.386232046,669
-38.444612382575016,175.94820956960712,4.1,2016-11-24 06:13:13.006020,670
-36.77724997375555,177.27462776283218,4.2,2016-12-10 15:12:23.904829,670
-41.86932790657869,173.93917151846625,5.0,2016-11-14 13:30:11.825934830,670
-42.13853897125422,173.79646245382276,4.3,2016-11-27 00:20:34.234643399,670
-42.25152549904094,173.79693927217625,4.4,2016-11-19 20:29:24.833122321,670
-41.83141364537064,174.05005225130006,4.2,2016-11-14 08:11:40.473834706,670
-41.46033447091465,174.59266312827086,4.4,2016-11-28 06:55:52.342899947,670
-41.74197810347072,174.16994089118123,4.9,2016-11-17 22:45:37.876425844,670
-41.72980728847169,174.25171000516428,4.1,2016-11-16 05:19:37.207918955,670
-42.41458640794602,174.25894405749293,4.1,2016-11-20 00:52:40.108110318,670
-41.72785839527953,174.25433213391594,5.0,2016-11-14 12:59:22.676448068,670
-42.67817277440655,172.83969246288726,5.0,2016-11-15 12:22:57.097342646,670
-41.8308734054557,174.0593541705883,4.8,2016-11-14 12:01:05.945705815,670
-42.672443486239445,172.93671909886834,5.3,2016-11-23 04:30:55.775598277,670
-42.678640783570025,172.8546064292198,4.1,2016-11-30 13:49:15.393608206,670
-37.28216722406096,179.78730373353892,4.1,2016-11-28 02:19:58.789421738,671
-43.082992283281584,172.84938039210462,5.0,2016-11-14 09:42:41.488370139,671
-42.35473697152646,173.67775523605562,4.4,2016-11-18 19:52:42.679208005,671
-42.151350966769286,173.79386343121996,4.4,2016-11-17 09:15:39.398680846,671
-37.20675700691812,177.80538615131834,4.2,2016-12-12 11:40:41.012557,672
-36.7528268927471,179.59853979584403,4.7,2016-11-29 00:34:21.122174985,672
-42.2931182803336,173.7090717130478,4.9,2016-11-15 18:22:03.138670216,672
-42.1602233521181,173.83519687756555,4.1,2016-11-14 06:02:00.193392976,672
-42.09353174662533,173.79309486918035,4.1,2016-11-18 11:42:58.313517527,672
-41.73254611018692,174.24996617964402,4.2,2016-11-15 16:07:19.754169703,672
-42.49369921854736,173.48882976112816,4.1,2016-12-04 19:48:58.119914747,672
-41.88823127626113,173.9990228032236,4.6,2016-12-03 18:38:44.444249905,672
-34.947355878187786,178.03605694865004,4.1,2016-11-18 17:20:14.197153,673
-42.89792155972878,172.9329343261437,4.4,2016-11-17 23:26:39.583351735,673
-42.96175461792006,172.7633849009098,4.3,2016-11-15 08:44:38.757212629,673
-42.273362775023024,173.49679332606522,4.2,2016-11-17 00:44:54.653592645,673
-42.31693378778596,173.5983796414733,4.1,2016-11-14 15:40:31.649410228,673
-41.8074231361239,174.37626347109426,4.6,2016-11-14 00:35:37.906176480,673
-41.72203108025901,174.29844253234597,4.2,2016-11-14 19:23:11.670281857,673
-39.447005928007655,174.835940661817,4.1,2016-12-05 04:59:42.056186,674
-43.00940860157225,172.40847131738022,4.1,2016-11-15 06:25:17.182430161,674
-42.14856050002317,173.6564054693212,5.4,2016-11-24 10:33:11.470825968,674
-42.39393680837047,174.04785185184755,4.2,2016-11-14 04:17:49.065376227,674
-42.4316025486166,173.5413947622481,4.6,2016-11-14 14:19:08.878148564,674
-41.79275103240718,174.08908097210536,4.6,2016-11-14 04:54:37.798959060,674
-41.71541443082267,174.2802571076429,4.1,2016-11-14 02:39:05.283959883,674
-42.45900025961416,173.24237065618794,4.4,2016-11-19 10:20:48.495908187,674
-42.40648031658086,173.79625281561982,4.3,2016-11-14 02:16:31.879206279,674
-37.2962022737692,179.0338764491081,4.4,2016-11-23 04:39:14.800818,675
-38.72005886598242,175.80119826237166,4.8,2016-12-06 07:29:00.490605,675
-41.72979663683614,174.0732301454306,4.1,2016-12-04 20:05:20.524784812,675
-41.70831074195798,174.17583622170727,4.3,2016-11-17 04:04:36.388174878,675
-42.38820351214978,173.75220673973678,4.4,2016-11-22 09:25:42.243289635,675
-42.19326927032709,173.10866516209612,4.4,2016-11-14 01:31:26.390454469,675
-42.05827731160674,174.08891381210017,5.1,2016-11-17 08:48:15.621854601,675
-36.590007693133295,177.59476481239074,4.1,2016-11-14 23:16:55.929656,676
-38.986725276105,174.72173813946557,4.1,2016-11-26 01:14:18.412893,676
-35.65913664144244,179.91856889243564,5.1,2016-12-13 13:43:28.676044,676
-37.29318859001906,178.9567963854955,4.4,2016-11-22 23:40:23.918936294,676
-45.12901996848933,167.5623158457082,4.2,2016-12-11 01:05:36.456651233,676
-42.63435789222132,172.79024226809028,4.1,2016-11-15 12:31:47.981087906,676
-42.50817386240158,173.35425514226108,4.6,2016-11-15 07:28:57.969914542,676
-41.67610986345752,174.249450701264,4.2,2016-11-14 03:24:32.541351785,676
-42.4021845206825,173.57550452484728,4.4,2016-11-14 01:17:00.293517292,676
-41.71591801434084,174.27650781205926,4.7,2016-11-15 01:09:50.804264867,676
-37.726330691896415,179.49693489528585,4.5,2016-11-30 14:38:06.136381,677
-36.790474959525454,179.28234105525513,4.5,2016-12-10 00:25:38.676295898,677
-42.59174250038701,173.1148997864537,4.3,2016-12-11 10:34:07.381121661,677
-41.80346210816624,174.19552344595274,4.5,2016-11-30 18:42:11.924384774,677
-42.248389283309166,173.5774429578112,4.6,2016-11-14 07:16:56.127637525,677
-41.81979961928114,174.17741269080787,4.2,2016-11-23 01:27:18.841695858,677
-41.72882267242874,174.2692884820152,4.7,2016-11-21 07:46:23.579714066,677
-42.11797625249011,173.68166209488112,4.6,2016-11-16 06:48:32.581835872,677
-42.24894316132609,173.71044612612346,4.1,2016-11-17 17:58:44.969245373,677
-41.795241891194834,174.3257684031441,4.3,2016-11-14 05:47:02.786380712,677
-42.33795993967876,173.8713581141375,4.2,2016-11-22 03:51:10.510060057,677
-41.90418280084263,173.58510900292703,5.2,2016-11-15 08:00:16.089008893,677
-42.29589836987161,173.64338852999157,4.3,2016-11-14 00:45:03.922803511,677
-41.5571331498439,174.4390457921372,4.4,2016-11-14 02:44:01.548656911,677
-36.77580337282385,179.2666428907468,4.6,2016-12-12 23:31:04.510158315,677
-36.54468090283574,177.30267641344977,4.2,2016-11-22 12:26:20.929778,678
-41.8764478546395,172.08177071645002,4.2,2016-12-12 12:04:21.869393,678
-41.86746198258548,172.0876556204395,4.5,2016-12-12 12:25:35.281041860,678
-42.404645625868426,173.69889570525,4.7,2016-11-18 18:07:39.442817897,678
-41.462631087144686,174.29054780903215,4.1,2016-11-15 06:13:41.503909383,678
-41.92933395869323,174.286040962163,4.2,2016-11-19 22:01:31.758305740,678
-42.33986578258159,173.84356629175028,4.8,2016-11-15 03:46:32.361466959,678
-41.92980838411709,174.0667810860696,4.2,2016-11-26 02:33:01.822195132,678
-41.777239759819054,174.23935357778538,4.4,2016-11-14 10:57:20.744142872,678
-42.47421254797912,173.81630474308162,4.3,2016-12-09 18:13:19.650068069,678
-42.684890835522445,172.94774599163597,4.3,2016-11-16 09:46:30.456652233,678
-41.69636240778396,174.2958317136415,5.0,2016-11-14 00:16:44.770081674,678
-41.04700669630443,173.07232485099422,4.1,2016-11-14 03:02:26.829198880,678
-42.64227716950888,172.90577770329406,4.4,2016-11-23 14:51:09.730039212,678
-41.71626683053575,174.2815470301212,4.4,2016-11-15 01:55:07.560586326,678
-42.58811929397994,173.05213479481515,4.1,2016-12-06 19:23:51.696549017,678
-38.41587588032652,175.70072252498588,4.1,2016-11-20 00:26:03.104041,679
-36.451013973580295,177.3117535066539,4.3,2016-11-21 03:43:03.486667,679
-43.64075122911812,168.6180550600712,4.4,2016-11-16 04:49:32.044627111,679
-37.21497662864205,179.66692893596556,4.1,2016-12-08 02:18:05.063339651,679
-39.06000332432532,173.8473445923067,4.5,2016-11-26 10:20:04.928136193,679
-42.36031748721806,173.6964324732228,4.1,2016-11-14 23:29:20.431743111,679
-42.72665489268478,172.73209904550592,4.7,2016-11-15 05:46:50.790888992,679
-41.861618371767605,173.89218220967436,4.6,2016-11-14 08:54:19.461395993,679
-41.81608389673244,174.20501670192888,4.1,2016-11-27 20:06:16.600070496,679
-37.57897856292196,175.98435464538724,4.2,2016-12-06 20:42:22.540593,680
-35.51496151115489,178.90481639808834,4.4,2016-12-09 16:32:54.779352,680
-46.19105895052844,166.6259855044698,4.2,2016-11-28 20:55:05.983738699,680
-42.39655109447296,173.37464952150137,4.5,2016-11-27 01:16:38.807401060,680
-42.59397633820075,172.97344102908008,4.1,2016-11-14 05:22:42.567581081,680
-41.88347377952184,174.11751717218803,5.4,2016-11-16 01:52:51.382793595,680
-41.66690410813535,174.20546686843684,5.4,2016-11-16 13:11:30.165484768,680
-41.77954488297917,174.2750545944451,4.9,2016-11-20 06:14:32.685133923,680
-42.611306374853406,172.74525288377066,5.0,2016-12-06 13:57:56.585286450,680
-42.66153927897286,172.78961872553185,4.4,2016-11-14 23:56:53.826651252,680
-42.39855092640493,173.0605532117623,4.1,2016-11-14 06:26:52.819979180,680
-42.01226914515682,173.6463495459486,4.8,2016-11-29 18:36:31.528267783,680
-41.772672926005946,174.16945977643005,4.4,2016-11-16 13:18:17.739186837,680
-40.2007353433452,175.16704646440738,4.8,2016-11-17 22:02:12.449172470,681
-36.38478234436295,178.08399517912167,4.2,2016-12-13 10:30:53.143535060,681
-47.44217092948114,165.615939668867,5.8,2016-11-26 06:28:13.103115468,681
-37.28614934211186,179.1101311156279,4.5,2016-11-26 16:39:04.217168295,681
-41.068275798635575,174.59795700827024,4.5,2016-11-22 19:30:43.412853156,681
-41.74392523642701,173.24908559144404,4.1,2016-11-26 05:38:05.546944879,681
-42.17396065698439,173.93606240560348,5.2,2016-11-20 21:37:42.579751675,681
-41.773617796710745,174.21099270741266,4.3,2016-11-17 20:57:04.797213312,681
-42.71230941424956,172.696269000941,5.1,2016-11-14 09:44:01.709757,681
-41.72848055128779,174.32197686024637,4.6,2016-11-14 00:03:02.131003278,681
-37.33498588980057,176.3012046744823,4.4,2016-11-16 19:18:45.060468,682
-41.51515676226198,174.9615410999056,4.7,2016-11-30 00:03:19.190008,682
-40.838294685500856,175.16661565459793,4.1,2016-12-11 12:21:44.929869,682
-39.10384499016328,169.03131819174476,4.1,2016-11-18 18:19:13.719325322,682
-42.69110808714191,173.2075664633191,4.1,2016-11-24 23:50:58.885385340,682
-42.15851307984017,173.49501349551403,5.1,2016-11-15 21:41:23.830693282,682
-41.73695685492799,174.26011377986654,4.1,2016-11-30 23:21:50.570276664,682
-41.87325487613423,174.08022334455447,4.1,2016-11-21 02:03:17.548773265,682
-41.69324986682695,174.2793330895562,4.4,2016-11-18 21:52:46.942202121,682
-41.83393136979217,174.00954307681002,4.1,2016-12-05 16:10:16.574122362,682
-41.70562830854146,174.302668690645,4.1,2016-11-14 03:57:44.973288746,682
-42.676286359928106,173.19489012360302,4.4,2016-11-27 21:41:20.451286247,682
-35.401676554997024,178.27459693566288,4.3,2016-11-23 05:09:41.407802,683
-35.4203455868299,178.34682835747842,6.0,2016-11-23 05:17:09.790672654,683
-42.62014974491791,173.37432528954992,4.2,2016-11-19 00:51:22.703300680,683
-42.59883405378196,172.84360956361363,4.2,2016-11-15 10:30:06.060681277,683
-42.26841858255133,173.80072809909618,4.1,2016-12-10 18:40:57.068829727,683
-41.79074320491932,174.08010742733742,4.5,2016-11-14 19:28:57.450132914,683
-42.43028186930353,173.2845568459961,4.2,2016-11-14 01:32:12.165894363,683
-41.7394138965318,174.31725039989956,4.5,2016-11-15 06:48:36.786460239,683
-41.72121817122999,174.28560949139705,4.8,2016-12-02 02:20:25.165720940,683
-41.68686716904277,174.28312236748835,4.2,2016-11-15 11:05:37.495039528,683
-38.61995239312069,175.82059225985148,4.3,2016-12-01 07:59:16.054507,684
-38.43483678242931,178.0201395938839,4.1,2016-12-03 17:23:41.004938,684
-38.29530244311859,176.31244899766233,4.2,2016-11-24 11:08:26.804290245,684
-41.96464859299722,173.7367354551026,4.2,2016-11-14 18:16:02.985937558,684
-42.23162109747502,173.79770483091104,5.0,2016-11-22 08:22:21.222010985,684
-42.24326822356264,173.7128175498327,4.1,2016-11-25 05:45:27.808242023,684
-42.15648920325879,173.6897231605791,4.1,2016-12-12 22:42:40.465107880,684
-41.78055096702951,174.19806614525925,4.5,2016-11-19 00:47:34.635439850,684
-38.2976479284373,176.38242886255827,4.7,2016-11-24 00:01:40.967679,685
-38.25029952443417,176.1129094765747,4.5,2016-12-04 00:58:04.099750,685
-44.88056365337341,167.49341860632438,4.2,2016-11-24 23:33:57.122437979,685
-39.200040112436845,176.31850089061078,4.2,2016-12-09 21:10:07.115456189,685
-42.28060932728218,173.77315088910737,4.6,2016-12-07 12:40:55.158536267,685
-41.73459239529811,174.3175864173676,4.2,2016-11-16 13:11:35.864509020,685
-41.968287708153305,174.07074472594934,4.1,2016-11-23 22:29:23.069392114,685
-41.710024545971685,174.2490215311571,4.1,2016-11-21 12:50:14.456599523,685
-41.73070276030807,174.22729236073468,4.9,2016-12-12 08:58:32.215625544,685
-42.460994147311645,174.05705967984866,4.1,2016-11-14 00:27:18.709442708,685
-41.78199342712707,174.3658070477163,4.8,2016-11-18 10:15:55.980150309,685
-42.13455364013463,174.31926121294,4.5,2016-11-25 15:00:09.803391267,685
-45.8112614530469,166.48141580285954,4.2,2016-11-17 10:55:02.388179,686
-37.47720249122924,177.73314119496197,4.5,2016-11-28 23:05:20.930951,686
-43.35006763264856,173.4735895745094,4.4,2016-12-11 20:04:05.277516860,686
-41.71394781619663,174.1652096290476,4.4,2016-11-15 23:02:41.009243662,686
-42.5230187356434,173.14290595805826,4.9,2016-11-17 02:30:06.171668124,686
-41.81783910211384,174.23619736998742,5.0,2016-12-04 13:12:09.577489508,686
-42.26030720493285,173.7717654863518,4.7,2016-11-24 18:34:15.784870398,686
-41.661290084814965,174.2302528824431,4.2,2016-11-14 11:45:14.118934475,686
-42.23101509471324,173.7003355586588,4.4,2016-11-14 04:12:44.592769288,686
-42.787227951610674,172.94438136955745,4.1,2016-11-23 03:43:43.006235673,686
-43.384009587512985,175.45320484039377,4.1,2016-11-30 22:17:21.685350315,686
-41.74990160970607,174.2924498073377,4.3,2016-11-24 03:20:57.442009716,686
-41.88064913857454,174.25151837123047,4.2,2016-12-04 16:16:35.191783647,686
-39.31147334132646,174.95508547384867,5.5,2016-12-01 11:33:22.517155525,687
-38.08802303282816,177.32614052218864,4.1,2016-11-16 20:25:45.037035322,687
-42.674616307521966,174.0335800916643,5.2,2016-11-16 06:01:59.206005442,687
-42.27872004907798,173.75032936315904,4.2,2016-11-28 13:44:49.363815944,687
-36.40745523681723,175.17299488355448,4.2,2016-11-26 00:08:41.716333,688
-38.12035225828343,175.99082600167722,4.1,2016-12-04 22:22:44.080889,688
-37.0506762010802,178.8966954770042,4.7,2016-12-01 18:08:28.218124562,688
-42.13209378811465,173.6142288464092,4.3,2016-11-15 19:23:39.547068140,688
-41.78672168332493,174.16144354587328,4.4,2016-11-19 04:15:08.797780587,688
-41.87661628672936,173.97531029994485,4.1,2016-11-14 00:36:01.450898193,688
-41.7079684279377,174.32002813966423,4.4,2016-11-20 20:15:21.606181263,688
-45.18903284009116,167.72722479192902,4.3,2016-12-05 07:29:35.559839,689
-38.19357192705712,175.5719656908768,4.3,2016-12-10 17:05:22.323196,689
-42.499299575508296,173.01812283477406,4.6,2016-11-19 06:56:23.293241711,689
-41.698411643121744,174.24709770727975,4.1,2016-11-19 05:53:43.013609721,689
-41.79794118504768,174.012811475002,4.4,2016-11-29 10:13:06.960769507,689
-42.64824030269682,172.89786947832,4.3,2016-11-22 02:01:00.944594957,689
-41.87039202261332,174.1742032526688,4.4,2016-11-19 19:45:58.121515064,689
-42.326523030313936,174.08053284473002,4.1,2016-11-25 06:38:01.577202344,689
-42.00762779039654,173.79892479488012,4.2,2016-11-16 00:21:45.425238626,689
-42.37916885298964,173.67676366461865,4.5,2016-11-14 07:28:15.293093028,689
-41.43718300965514,173.99023004421275,4.5,2016-11-20 03:51:52.359534755,689
-36.90713150465204,177.52700203078487,4.5,2016-12-02 01:27:08.228705,690
-36.51362078488477,177.54815959004554,4.1,2016-12-08 09:32:07.759691,690
-39.82646562395411,176.65961196357165,4.6,2016-12-13 20:16:32.844798729,690
-42.6744979655827,173.3020517811047,4.3,2016-11-14 03:13:20.020486003,690
-41.85347846928326,174.25124697911204,4.9,2016-11-16 01:04:03.104888992,690
-41.94642327175762,173.7412896001948,4.2,2016-11-14 14:08:30.716218270,690
-41.92786410810872,173.93974686736803,4.9,2016-11-14 06:57:28.857887929,690
-41.95112361907417,173.48638774404927,4.4,2016-11-23 16:02:58.938056516,690
-41.77840042449572,174.23127556723938,5.0,2016-11-22 04:44:04.583621704,690
-42.47000810119468,173.248174683554,4.3,2016-11-14 00:26:13.335454998,690
-42.11960529216993,173.97293362852244,4.3,2016-11-26 06:49:33.665276224,690
-45.51898347021776,166.6585349922725,4.3,2016-11-26 18:34:30.761523,691
-37.170161199759576,177.13233376895445,4.2,2016-12-07 20:37:33.227930,691
-45.09365729860267,166.6418651403185,4.5,2016-12-08 03:11:12.995983,691
-39.01015936244349,175.16354425150368,4.3,2016-12-08 14:03:20.391916,691
-40.19503799232773,173.42594053797234,4.1,2016-12-13 21:00:47.828077,691
-39.01823302377564,175.15185010374145,4.1,2016-12-08 14:07:17.707030956,691
-38.45353722658597,176.03526933995573,4.2,2016-11-30 02:32:41.805361708,691
-35.86474166177802,179.83013271759657,4.3,2016-11-25 13:07:21.198526253,691
-36.89746335421641,179.31121652262897,4.1,2016-11-19 15:57:56.102655994,691
-42.30296023250296,173.70778585383573,5.0,2016-11-15 07:36:42.797595327,691
-42.29937949085322,173.69170749305428,4.6,2016-11-25 18:45:45.893830793,691
-42.14595300393149,173.6968031924815,4.4,2016-11-14 04:38:19.379832947,691
-42.13513505106815,173.66790073093787,4.4,2016-11-17 16:04:26.766774215,691
-42.33480363416642,173.1972748179553,4.4,2016-11-15 18:09:07.647963331,691
-41.83557120864744,172.67414790133137,6.3,2016-11-17 17:20:43.093492793,691
-42.05509955640815,174.0785284552703,4.2,2016-11-14 01:56:10.781799472,691
-42.42276100103054,173.57841576967184,4.2,2016-11-19 09:43:47.993340033,691
-38.43750613345358,176.0253288672638,4.1,2016-11-30 02:33:16.162289074,691
-42.07460435049892,174.20589705596444,4.3,2016-11-14 01:58:09.207617833,691
-38.43956607398807,176.04153424651662,4.4,2016-12-11 13:11:02.493311094,691
-38.42246620213242,176.41726350154912,5.3,2016-11-27 08:37:10.052153,692
-39.04204371659269,175.56031897445243,4.9,2016-11-29 15:31:55.028065,692
-36.25777960909295,178.01011027854662,4.1,2016-12-12 06:11:39.991651536,692
-42.87447882663408,171.0569817011679,4.4,2016-11-15 19:12:05.478712820,692
-41.38827287641038,174.06107473522016,4.9,2016-11-14 09:57:26.269050981,692
-41.77096529254264,174.28341983780308,4.2,2016-11-23 19:34:27.369407333,692
-42.66588993938193,173.09679733904883,4.5,2016-11-14 09:44:50.035770585,692
-41.76852544538834,174.16383988663517,4.1,2016-11-18 09:12:59.235219996,692
-41.75934630227279,174.2683385584436,4.1,2016-11-18 23:31:34.388562003,692
-42.13620481312734,173.98518754915835,6.2,2016-11-16 00:31:13.782798787,692
-42.32110340417382,173.07588598273102,5.0,2016-12-07 03:56:21.669446176,692
-38.56120083227734,178.1442011086421,4.4,2016-12-03 13:22:00.061371,693
-36.47360033189768,177.48564840190858,4.1,2016-12-12 20:27:54.485099,693
-37.363920014594925,178.8955367439789,4.1,2016-12-04 10:27:23.801741767,693
-42.75777027285988,173.53780959202507,4.2,2016-11-14 21:10:34.107000871,693
-42.69277461418055,173.0998653858356,4.1,2016-12-01 09:30:12.382731971,693
-42.44032355433588,173.16107767274335,4.4,2016-11-16 08:57:35.787732268,693
-42.26904156735545,173.66929272361887,4.2,2016-11-17 07:48:33.697279781,693
-41.6761913783955,174.35530222622424,4.5,2016-11-23 00:01:25.960662895,693
-41.687119732673736,174.23332670006852,5.0,2016-12-02 06:53:49.836571690,693
-36.7857909745612,177.33487753241084,5.1,2016-11-16 10:40:58.128329,694
-42.45450040518027,172.80407067714782,4.7,2016-11-14 02:43:17.171297388,694
-41.87470025394844,174.22628205691046,4.1,2016-12-03 05:46:37.061325606,694
-42.784947331973456,171.73707988442902,4.7,2016-11-15 03:09:14.299065083,694
-36.68518743920905,177.69716973014692,4.5,2016-11-25 13:27:03.001218,695
-36.64611310369926,177.7386703369247,5.0,2016-11-26 08:52:13.421122,695
-37.53427918029931,177.37634204950777,4.3,2016-12-13 12:43:20.455931,695
-41.9938315673443,173.83995729938766,5.8,2016-11-14 01:28:35.804037353,695
-41.660270438481,174.25823762861464,4.4,2016-11-18 01:37:41.916728402,695
-42.4609120574352,173.26790493609434,4.1,2016-11-24 20:08:26.135619882,695
-41.71823183174709,174.27596535803997,4.4,2016-12-03 01:53:29.811309590,695
-42.19126724278853,173.48892752757882,4.7,2016-11-14 06:00:26.746738275,695
-42.0501202548299,173.65272625323786,4.2,2016-11-29 15:46:49.675277048,695
-42.04178721509912,173.68294931731302,4.1,2016-11-28 00:04:35.382997218,695
-42.21432266402272,173.71192787289755,5.1,2016-11-14 06:38:14.675056108,695
-42.49990403695162,173.32260551463415,4.6,2016-11-26 19:57:00.525222,696
-46.71165571513635,165.35266932489006,4.9,2016-12-01 05:30:13.948439,696
-41.78780481726676,174.2514599307426,4.5,2016-11-14 01:48:43.472480121,696
-42.03536887055623,173.71314025019126,4.8,2016-11-17 08:10:49.450576965,696
-41.996827721606806,173.76389415406186,4.3,2016-11-15 17:06:03.852335630,696
-41.78706901799236,174.3622958924561,4.9,2016-12-01 18:47:12.573312987,696
-41.855691383661096,173.91527253988983,4.3,2016-11-21 16:35:50.205677556,696
-39.7142802679183,174.36595833486618,4.1,2016-11-15 20:30:40.833569,697
-37.62781926490787,177.0328085492963,4.6,2016-11-17 05:36:49.345976,697
-42.19274014799011,172.89588398213496,4.5,2016-11-25 03:24:38.862330,697
-45.46468159596447,166.7289175991328,4.4,2016-11-26 12:17:00.102837,697
-40.5881124330349,174.34997013304334,4.9,2016-12-07 11:02:23.705137,697
-41.7685997876185,174.2016471150175,4.9,2016-11-16 15:56:30.919709462,697
-42.23147166842456,173.85245201446742,4.1,2016-11-24 19:08:13.067280393,697
-41.669246351560936,173.02947885435074,4.3,2016-12-08 16:37:27.157914804,697
-42.35560667431299,174.0517066217737,5.0,2016-11-22 14:02:06.389528981,697
-42.40433009961006,173.96106494300918,4.4,2016-11-15 20:06:44.085053073,697
-42.24420577325903,173.86230703783437,4.1,2016-11-25 11:08:53.910936594,697
-39.554979393546375,174.12938845908155,4.1,2016-11-16 01:36:07.741548,698
-36.80784554900266,179.4228257874426,4.9,2016-12-03 16:07:41.194182094,698
-41.327256987540416,174.57344600077818,4.3,2016-11-15 07:27:44.902778106,698
-41.66594417179934,174.32685090671214,4.5,2016-11-20 02:04:01.907965629,698
-42.15352202842502,173.65777933962846,4.2,2016-11-19 08:33:35.075034606,698
-42.65079838785599,172.8282600825634,4.9,2016-11-15 07:14:21.141958297,698
-42.631273567034256,172.84519230011333,4.6,2016-12-10 02:46:05.744155551,698
-42.55338615697046,173.12723793043466,4.3,2016-11-16 11:47:29.899039311,698
-42.41522476257414,173.740756190291,4.1,2016-11-16 00:32:13.508567929,698
-42.41062919746535,173.7619565217595,6.5,2016-11-14 13:27:05.825108926,698
-41.66616417910479,174.23641400402184,4.7,2016-11-29 22:10:58.030384122,698
-41.67011478521642,174.31152296136204,4.1,2016-11-26 16:02:46.572330249,698
-42.32371573159636,173.10659618274497,4.1,2016-11-14 01:06:13.961496903,698
-37.56753713284542,179.53202838213906,4.1,2016-11-21 22:32:20.366427113,699
-37.08376792325467,177.16207996821203,4.9,2016-12-02 18:26:25.057057817,699
-41.92636286706277,173.92443139125183,4.3,2016-11-27 10:55:05.172994126,699
-41.8089804410328,174.20497539170876,4.1,2016-11-24 18:04:13.102623194,699
-42.29729308244959,173.6274492165893,4.1,2016-11-14 22:27:03.317720027,699
-41.76796807543613,174.2503234482204,4.1,2016-11-14 15:05:02.901119102,699
-42.29411552776849,173.781945711419,5.2,2016-11-22 01:25:03.625949387,699
-42.51132804968247,173.2016818257083,4.1,2016-11-20 22:24:16.389113482,699
-41.84061317711496,174.2992339611331,4.1,2016-11-19 06:50:04.538825789,699
-41.6749492490654,174.23150743357897,4.2,2016-11-17 15:46:45.465163440,699
-42.34595970715067,173.8494190773229,4.2,2016-11-14 10:08:51.875689784,699
-42.37014789410437,173.54345943372783,4.5,2016-11-15 21:00:00.617484901,699
-42.05075267280697,173.68548871439134,4.8,2016-11-15 20:31:56.016524249,699
-41.8130941034736,174.17911194627214,4.7,2016-11-24 19:56:07.208363131,699
-37.802724494438834,179.31274312065682,4.2,2016-11-26 20:27:44.697828,700
-42.662694302097314,171.75474967913948,4.3,2016-12-09 18:56:37.035003,700
-37.399473512708354,178.61671494270522,4.1,2016-11-14 22:31:10.098462281,700
-42.15434273522483,173.6088125599314,4.5,2016-11-25 23:37:22.317128123,700
-42.52512011112445,173.40133483148432,4.3,2016-11-15 19:42:47.879649535,700
-42.14682844632959,173.67886137072202,4.2,2016-11-14 12:45:24.758834555,700
-41.6508098489416,174.1350933876146,4.2,2016-11-26 01:00:54.319340597,700
-41.716759467996,174.2538021310008,4.1,2016-11-14 23:55:05.302450384,700
-42.51016760609788,173.2514697350475,5.0,2016-11-20 15:24:23.424454715,700
-39.33278005896099,174.66537355672048,4.9,2016-11-20 22:51:43.730845,701
-41.38911441641049,174.9241870898955,4.1,2016-11-24 15:27:00.023307,701
-36.96457568141273,176.86258591970528,4.2,2016-11-28 00:18:17.505612,701
-36.95799743834776,176.8042254672876,4.5,2016-11-28 00:36:38.936373744,701
-37.06108825769012,179.01715230251926,4.5,2016-11-28 08:58:21.510714088,701
-42.24900507160847,173.89093919982764,5.0,2016-11-14 11:44:24.842265096,701
-41.74946629306998,174.23508608667044,5.5,2016-11-14 04:15:19.385481148,701
-41.6916840768302,174.33365095924992,4.6,2016-11-14 00:36:51.771662181,701
-42.32422741925661,173.82099114177825,4.6,2016-11-15 00:01:21.795089320,701
-41.73679346145893,174.30814149998136,4.2,2016-11-17 05:21:19.582373467,701
-36.91557003979544,179.13287568248614,4.2,2016-11-18 07:00:00.930899361,702
-36.81387086446709,179.29626777625575,4.1,2016-12-12 20:02:12.186377902,702
-42.39132569996302,175.71800886693063,4.8,2016-11-26 00:32:49.701253246,702
-42.50236424240956,173.0427907809726,4.8,2016-11-23 20:45:05.696018696,702
-41.82723980350176,174.37613277200475,4.1,2016-11-22 01:34:38.331025281,702
-41.73122797718998,174.2186342258072,4.2,2016-11-14 00:20:48.086269240,702
-42.399501060722194,173.3575489318588,5.7,2016-11-17 01:50:16.731970175,702
-41.60252464290876,174.53004536252675,4.1,2016-11-26 12:08:31.595424284,702
-41.845114069944486,173.92390325255735,4.1,2016-11-15 04:04:55.644056313,702
-42.01158188477022,174.0792287451631,4.2,2016-12-02 16:17:09.191801988,702
-41.68855319884916,174.25590580704457,4.9,2016-11-16 15:40:38.570666431,702
-42.52278871964793,173.49460267259136,4.3,2016-11-20 13:57:57.736260083,702
-36.673342129393816,177.5046032866747,5.1,2016-11-16 04:03:49.619202,703
-43.24700222330214,171.55924645252898,4.4,2016-12-02 21:34:18.949784,703
-37.83441923903452,179.2665431917185,4.4,2016-12-05 11:43:10.116024822,703
-38.63845616265788,175.7575276592925,4.1,2016-11-29 02:52:03.600622933,703
-47.53584142431156,165.52440158659917,4.2,2016-11-18 12:25:42.769489826,703
-37.18268667028645,179.07028124591096,4.4,2016-11-17 22:25:47.920410603,703
-37.418872973471885,179.0155300030388,4.3,2016-11-22 02:16:43.048204127,703
-42.33159589043746,173.67814173933527,4.3,2016-11-17 14:31:23.844600391,703
-42.52376675984279,172.94445305452186,4.3,2016-11-16 15:17:09.554895134,703
-42.67178277549169,172.77450584063374,4.7,2016-12-11 21:19:24.382877977,703
-41.759494431937775,174.36471216973754,4.2,2016-12-07 11:30:33.357874975,703
-42.09665511495557,173.71508370655314,4.1,2016-11-20 04:46:44.179485398,703
-37.04005365774731,178.02018948322288,5.1,2016-11-15 08:56:31.445583,704
-41.85785766607184,173.99022044933102,4.1,2016-11-14 03:30:37.773149573,704
-41.83014293942812,173.99423766869907,4.3,2016-11-14 12:53:52.129775720,704
-42.47598120231815,173.59512707659212,4.1,2016-11-15 07:43:54.447858684,704
-41.73582289231208,174.2869774264785,4.4,2016-12-04 03:38:51.831079614,704
-42.30981301336683,173.78794046700074,4.1,2016-11-15 15:58:08.663633479,704
-41.785006795297306,174.23224637228128,4.2,2016-11-14 04:39:54.509465368,704
-42.56548199142309,172.6325055272559,4.1,2016-11-14 07:16:18.911757162,704
-41.6233490532378,174.47219585071446,4.1,2016-11-21 17:33:54.383535927,704
-42.485820473680974,173.60957087922603,4.6,2016-11-15 14:27:18.381023645,704
-39.09651072282816,175.00867401456148,4.1,2016-12-04 06:51:38.751408,705
-37.841152005209885,179.365917017169,4.3,2016-12-06 04:13:50.359256,705
-42.57066379284071,173.12626412370017,4.2,2016-11-14 04:28:41.253302533,705
-42.49637400792319,173.2055982042573,4.1,2016-11-14 12:34:34.615241181,705
-42.031866715467,173.6999884860568,4.6,2016-11-18 12:18:22.861629600,705
-42.51614221651602,173.1161074803035,5.1,2016-12-04 06:25:25.181397251,705
-41.66003543149983,174.31429059853423,4.2,2016-11-18 04:20:43.679112544,705
-41.80115177293415,174.07858172521475,4.8,2016-12-10 13:32:49.685651016,705
-42.232273863557445,173.59230564025563,4.1,2016-11-17 15:20:46.188570265,705
-41.68780148503999,174.22923487810516,4.3,2016-11-20 11:14:59.905035659,705
-41.71311724750303,174.32000190517934,4.5,2016-11-17 06:09:39.032702024,705
-36.948415389789545,177.1563550765524,4.3,2016-11-15 07:18:22.216910,706
-37.207090186349134,179.40770856083637,8.4,2016-12-06 20:06:30.673958,706
-37.08109614461599,179.32206049248526,4.2,2016-12-07 01:48:55.964986865,706
-36.53400523088809,179.87790856540568,4.1,2016-12-06 20:11:53.346401816,706
-46.0771245622196,166.01409652560702,4.4,2016-12-02 00:46:25.232794646,706
-42.4775828828933,173.2082224797009,4.4,2016-11-23 23:49:28.269999471,706
-42.44916170665274,173.84902184583993,4.1,2016-11-14 13:54:53.942014427,706
-42.16908830045494,173.534424837448,4.6,2016-11-14 01:53:03.746759323,706
-41.82763396849096,174.2112541596641,5.0,2016-11-21 12:06:46.021902162,706
-42.00915797652794,173.65802504017995,4.2,2016-12-05 16:08:25.084019058,706
-41.57485702816341,174.39402310500734,4.4,2016-11-28 11:11:13.199410843,706
-41.62201293412758,174.30565068220895,4.6,2016-11-17 07:57:14.848055917,706
-42.266135624798856,173.50303118852608,4.6,2016-12-03 03:00:09.442001904,706
-41.85148144385649,174.25273072169855,4.1,2016-11-20 22:50:25.501964557,706
-41.82763975847937,174.3142717501196,4.8,2016-11-24 02:15:53.478007643,706
-42.07254213862432,173.81213582022423,4.1,2016-11-29 10:53:07.671262874,706
-42.29093683469332,173.54048690118728,4.2,2016-11-14 14:12:53.730211368,706
-37.55819410524331,179.38080253432204,4.7,2016-11-27 09:09:47.660069,707
-37.89195398867041,176.08796446481665,5.4,2016-11-27 23:47:04.425198,707
-41.05483514445033,172.43910111537974,4.2,2016-12-01 08:33:22.699118,707
-36.905691568996,179.10697173556528,4.5,2016-12-12 20:53:17.632279,707
-37.44472200037995,179.04961353368788,5.1,2016-11-16 00:26:28.818211342,707
-42.62028290490241,172.96863215543686,4.1,2016-11-25 16:09:12.655226411,707
-42.38254055505808,173.89222148744813,4.4,2016-11-14 20:32:14.697812226,707
-41.74215359799599,174.2710275740175,4.9,2016-11-15 01:45:54.307696555,707
-41.19487593874052,175.0425042035541,4.5,2016-12-13 10:34:18.669888184,708
-41.66937098094687,174.1058944833907,4.4,2016-11-14 01:40:06.742698339,708
-42.44461361364152,173.74718441486584,4.7,2016-12-10 09:21:17.097232007,708
-41.72500038401392,174.30439329394642,4.3,2016-11-16 04:16:19.705599437,708
-42.20116290151336,173.7900232430341,5.6,2016-11-16 11:23:52.071711828,708
-42.37822958767357,173.54434684648808,4.1,2016-11-22 10:18:46.664050772,708
-38.78098417773679,175.76088126236368,4.2,2016-11-19 01:59:32.818976,709
-40.003835891182014,178.23507360423807,4.6,2016-12-07 06:22:09.402962676,709
-41.85252365263252,174.15326912232348,4.3,2016-11-14 07:39:39.098863544,709
-42.33410281612029,173.88033883476658,4.2,2016-11-30 06:33:46.165196129,709
-42.44834053161619,173.260210021999,4.5,2016-11-14 08:28:29.367243482,709
-42.36708742033477,173.55874166872533,4.3,2016-11-15 19:04:07.335032885,709
-42.135282720786144,173.78325756649642,4.1,2016-11-16 12:37:03.731420346,709
-42.53306656406503,173.13779455745657,4.5,2016-11-25 06:20:53.877706503,709
-47.63596330668239,165.41563161394015,4.2,2016-11-14 09:17:34.581862,710
-35.43687743636683,177.90642010195862,4.8,2016-12-12 07:51:53.806465,710
-47.71660301524391,165.45715864562536,4.4,2016-11-14 11:52:21.102788547,710
-37.51361298189897,176.77219977310105,5.1,2016-11-25 19:24:59.636415628,710
-37.25621969610589,178.92642144614024,4.2,2016-11-21 22:53:49.446009848,710
-42.48227478989275,173.09466297274545,5.6,2016-11-21 16:27:02.213840847,710
-42.32128250804103,173.95344082597788,4.9,2016-12-05 09:51:28.057743937,710
-43.162366577088335,174.49441352071022,4.5,2016-11-14 14:07:26.819042444,710
-41.62128303649984,174.22304536670055,4.2,2016-12-01 22:38:06.295377577,710
-42.551115815990165,173.19410544850865,4.4,2016-11-14 06:53:29.411414098,710
-41.95812221868445,174.01919103223665,4.3,2016-11-14 13:08:32.272442937,710
-42.28329129829391,173.8099776923361,4.2,2016-11-25 20:08:50.833237651,710
-41.67765835412275,174.3073444421286,4.1,2016-11-16 02:12:29.997106637,710
-44.67709856780986,167.46154746322298,5.0,2016-11-24 15:00:14.421692,711
-45.01922350934469,167.53457509608407,4.8,2016-11-27 13:17:02.832210,711
-42.29845720118692,173.9726775259133,4.5,2016-12-13 22:46:27.704854321,711
-42.513286881328014,173.09800672856846,4.3,2016-11-17 13:51:46.163423464,711
-41.88048551591755,174.27132832947837,4.1,2016-12-05 04:04:50.422563872,711
-41.75181528798299,174.31509353303193,4.2,2016-11-21 17:12:29.441423038,711
-41.73705341954142,174.05895766242247,4.6,2016-11-15 16:29:35.839341056,711
-42.38200860821467,173.57153530884295,4.3,2016-11-14 19:15:18.382703593,711
-41.78414007240128,174.23345035461236,4.2,2016-11-15 05:38:00.230647546,711
-41.7486540056593,174.30754477789085,4.3,2016-11-22 16:16:25.679089576,711
-42.30008605750157,173.67416889358802,4.4,2016-11-20 20:55:23.407902303,711
-41.674307741058506,173.90599456250817,4.2,2016-11-15 18:13:46.680056060,711
-39.11433743225643,178.02778623695332,4.3,2016-11-18 20:27:47.937066,712
-40.84038736065302,175.1575727757951,4.1,2016-11-21 17:00:08.758540,712
-40.23566781845268,173.6005867900772,4.4,2016-11-20 23:48:55.621484315,712
-35.22234393380629,179.3195757678119,4.1,2016-12-12 11:57:21.529307080,712
-37.105156001988775,179.31488066761966,4.2,2016-12-05 06:20:09.403488679,712
-42.44605446690754,173.59081126288913,4.7,2016-11-14 02:18:57.353176536,712
-41.78414349936833,174.21785928191093,4.3,2016-12-04 14:39:42.877882271,712
-41.71991289787045,174.194518364738,4.2,2016-11-14 02:35:05.442335983,712
-42.26570804185842,173.57913499103682,4.2,2016-11-14 17:26:37.841686027,712
-41.81749767596381,174.1275792363478,4.3,2016-12-10 22:28:58.582308315,712
-42.00084036572805,173.7375860537839,4.2,2016-11-14 13:12:37.033005067,712
-41.714294876124846,174.30773311373738,4.4,2016-11-26 00:21:23.930749507,712
-42.57410149065282,173.33180490544856,4.1,2016-11-18 00:35:58.285856671,712
-42.3725363530437,173.04186067772702,4.3,2016-11-14 19:13:10.295576456,712
-42.42043185248955,174.11466269244872,4.3,2016-11-14 00:01:49.794340730,712
-42.44633590991416,173.6201025199609,4.4,2016-11-14 02:19:38.802598168,712
-42.140290824138205,173.58475195355007,4.3,2016-11-19 20:57:07.509409,713
-37.847692043331286,179.4437359853845,4.3,2016-11-25 05:04:19.779906,713
-36.70398568661485,177.1444042827401,4.3,2016-12-01 02:09:13.895221,713
-45.06800413207894,167.39745654244228,4.1,2016-12-03 20:55:27.765234708,713
-41.83710398029727,174.26459170414927,4.3,2016-11-16 14:06:31.991316304,713
-42.25292701916446,173.77079049609438,4.1,2016-11-15 13:35:28.912598471,713
-41.676244110750126,174.25619622650274,4.1,2016-12-09 19:38:01.279808661,713
-41.8503299574663,174.18631667991656,4.1,2016-11-14 14:56:39.986635950,713
-42.10404606847783,173.58176759861905,4.1,2016-11-14 01:51:12.073256460,713
-41.71483718371118,174.2956269685502,4.3,2016-11-17 03:54:03.346396845,713
-41.6940892430943,174.3424570904886,4.3,2016-11-15 07:25:41.824309318,713
-36.88491821143386,179.344919550591,4.1,2016-11-26 23:54:34.947700512,714
-42.36485223735511,174.10438106697563,4.1,2016-12-01 19:56:24.841354129,714
-42.36339389671024,172.94577330891687,4.1,2016-12-09 12:19:14.798402476,714
-42.38431896203626,173.84803742967662,4.6,2016-11-14 00:06:34.889874709,714
-38.92161976201985,177.78560284771223,4.6,2016-11-18 17:03:55.339810,715
-36.34809802990941,175.99329746383154,4.1,2016-12-06 07:08:28.926391,715
-36.27260041354359,178.55696407283813,4.9,2016-12-11 01:21:08.262516,715
-35.46788289944595,178.19534468942433,5.0,2016-11-15 09:17:10.901247804,715
-37.15677076279068,179.21867146210383,4.3,2016-11-26 16:04:32.851427829,715
-42.16262683325547,173.87539678699036,5.0,2016-11-15 00:57:55.119718623,715
-41.78438377732611,174.05211009267063,4.2,2016-12-04 16:25:19.299696722,715
-42.22293151312547,173.72875294134323,4.2,2016-11-14 10:16:03.727814382,715
-41.59411326516375,174.61857030905983,4.1,2016-11-14 03:48:45.737969196,715
-41.91639694668346,173.93133555314853,4.3,2016-11-21 05:49:37.393353115,715
-43.54163858146684,172.76354379502538,4.1,2016-11-20 12:00:43.794921,716
-39.90667805775296,175.00814784635278,4.6,2016-11-30 01:28:40.426106,716
-42.50661195955641,173.0321443246073,6.0,2016-11-17 07:32:57.817850728,716
-42.2739136635017,173.4887533754017,4.4,2016-11-15 11:15:43.244877592,716
-41.79848352324488,174.15928471961325,4.6,2016-12-13 00:22:22.233077880,716
-42.30915911390325,173.4681528550978,4.7,2016-11-15 21:29:33.471195917,716
-42.07475633326636,174.13900695931258,4.3,2016-11-17 16:43:05.996070742,716
-42.34604054712009,173.15305256267047,4.3,2016-11-14 00:32:10.697800019,716
-38.08651037376071,175.95895762616985,4.1,2016-11-30 01:45:05.666222,717
-36.99960044285907,179.22158353801888,4.3,2016-12-08 08:48:29.025647254,717
-36.93287877689362,179.30003584836737,4.8,2016-12-01 21:15:24.867447193,717
-42.62021418254839,173.1540988404526,4.8,2016-12-03 23:11:25.523066783,717
-42.85797851630467,173.12586830288666,4.4,2016-11-14 19:12:32.632902464,717
-42.46223170747682,172.9250444492521,4.1,2016-11-14 10:22:46.180193678,717
-42.06361144403744,173.78056969167906,4.7,2016-11-15 20:19:53.959898724,717
-42.41397316110409,173.71707487385885,4.1,2016-11-24 00:19:15.775696572,717
-42.1979207128968,173.41549602827988,4.2,2016-11-15 07:07:04.085435234,717
-42.17377656017749,173.6564974821131,4.3,2016-12-05 03:48:38.476475797,717
-41.773356654929664,174.29221449736843,4.3,2016-12-07 06:00:45.719279858,717
-41.71664443069146,174.2193351761901,4.1,2016-11-25 03:01:49.520319245,717
-42.335845926212734,173.67276113102844,4.5,2016-12-13 15:56:18.242241587,717
-42.36165222975705,173.4146972335647,5.2,2016-11-15 01:30:59.812847106,717
-40.55624671033478,178.0363469632222,4.2,2016-11-19 18:14:26.132339,718
-37.65445683240621,179.690994675711,4.5,2016-11-22 07:14:40.758775,718
-41.67563151993013,171.67760173996518,5.7,2016-12-08 00:00:00.906594,718
-45.13921551730297,167.67101898216998,4.1,2016-12-12 02:19:22.273658,718
-41.68306832692286,171.6734365743707,4.6,2016-12-08 00:02:05.721445153,718
-37.22648356990991,179.27781103221142,4.1,2016-12-08 08:22:00.569903120,718
-41.913626287690064,173.65551919795817,5.5,2016-12-04 13:51:16.774171745,718
-42.31075728414968,173.62956326698938,4.8,2016-11-22 23:39:25.183697559,718
-42.35201404005873,173.84137184769403,4.1,2016-12-03 06:12:37.500094103,718
-42.266908251227456,173.83042726742522,4.5,2016-11-14 01:37:36.026410237,718
-42.64660715714653,172.61915059448592,4.3,2016-11-22 23:33:40.753979584,718
-41.884346919254085,173.81449860426036,4.4,2016-12-09 07:40:55.970132872,718
-42.39203603879138,173.589421222829,4.1,2016-11-22 23:52:23.207016199,718
-35.808900460804104,179.16666455446247,4.6,2016-11-17 21:27:22.250951,719
-38.73931997014116,175.86933503396028,5.7,2016-12-01 09:18:06.007858,719
-40.38961186148608,174.47969863175848,4.7,2016-11-26 07:38:50.806740809,719
-42.62940580698811,172.95483942311975,4.3,2016-11-24 20:14:15.598118731,719
-42.46288200674137,173.1752494625456,4.3,2016-11-21 02:55:54.110983533,719
-42.2155223172124,173.96184604235808,5.8,2016-11-18 20:23:48.256933350,719
-41.90363251545836,174.1632684482367,4.1,2016-12-13 17:31:32.519357824,719
-42.45700139209211,173.2907512903063,4.7,2016-11-20 20:05:12.448639286,719
-42.01428839899371,174.25691608547857,4.1,2016-11-14 01:48:39.466328077,719
-41.80091884979952,174.27613999305964,4.1,2016-11-17 04:07:12.951460923,719
-42.44367980228613,173.2396084129185,4.3,2016-11-26 17:30:01.491089156,719
-42.5898388025133,173.32171559226052,4.2,2016-11-16 06:05:32.919783256,719
-37.837183534407856,177.36783245470815,5.1,2016-11-14 08:13:39.497996,720
-38.75026128778194,175.04561975644694,4.4,2016-11-17 02:05:20.902557,720
-35.93423131334038,179.63771935151692,4.2,2016-12-09 21:01:59.702928,720
-37.92136138701183,176.2580376907348,4.4,2016-12-11 16:06:07.384118763,720
-37.35366647370877,179.11238558256946,4.7,2016-12-13 07:06:52.221029546,720
-42.03981530204617,173.80253014274246,4.4,2016-11-14 11:58:33.388298749,720
-41.88171527479014,174.28660684017274,4.4,2016-11-27 08:31:15.917504564,720
-42.50390318999432,173.15997057535387,4.3,2016-12-04 12:58:41.925660081,720
-41.67571542993182,174.49010546845415,4.1,2016-11-14 22:52:03.984788107,720
-41.68566095305192,174.2969158330661,4.1,2016-11-18 19:18:39.830843905,720
-42.28135732991803,174.0242054113369,4.1,2016-11-15 03:14:12.586713398,720
-42.64236309774256,172.72360632125648,4.4,2016-11-14 19:12:32.710680405,720
-42.38913499172478,173.0586016216868,4.3,2016-11-14 10:04:32.055382172,720
-37.53717182649247,179.32161930418496,4.4,2016-11-15 01:01:55.128929,721
-36.275928076596536,177.85014110016235,4.3,2016-11-23 09:26:34.128748,721
-38.06885928224943,176.89605478410624,4.8,2016-12-02 18:18:24.402240,721
-36.941678080338605,178.67538966345094,4.6,2016-12-07 01:22:38.818812541,721
-41.724238309444736,174.3649565131337,4.4,2016-11-14 04:56:26.551634755,721
-41.75620849361356,174.21779117853237,4.1,2016-11-26 14:02:01.658669265,721
-41.71395548297097,174.24890362841015,4.5,2016-11-14 15:53:02.843035531,721
-45.41303736216037,166.6875044884103,4.4,2016-11-30 00:45:58.642583,722
-38.55056706353472,176.02882794011154,4.3,2016-12-06 02:36:01.833146,722
-38.05772924130855,176.38492298667802,5.2,2016-11-14 16:17:22.165848910,722
-37.32965153150799,178.73858500851497,4.5,2016-11-30 02:14:13.448973190,722
-42.68377831107364,173.04195440180166,4.3,2016-11-14 02:11:13.206328788,722
-41.76368566603383,174.1928280665654,4.1,2016-11-16 20:33:51.721595962,722
-42.31287075018084,173.4693310156953,4.1,2016-12-09 02:37:00.810002431,722
-42.20365563172496,173.7997098575235,4.2,2016-11-24 16:14:11.487763203,722
-42.12178155792097,173.55431104622295,4.1,2016-11-20 03:41:19.717392793,722
-42.64968314087879,172.77568480903165,4.2,2016-11-24 21:22:01.289010531,722
-42.42132207280663,174.01005495636522,4.2,2016-11-15 19:59:08.419583367,722
-39.269986643057614,174.92148718221512,4.6,2016-11-19 19:09:51.498386,723
-45.2345209021008,166.71507264870797,5.0,2016-11-20 18:18:42.220460,723
-40.55052035154996,174.28742211564085,4.2,2016-11-22 00:44:07.209802,723
-38.219987191799184,176.22585378223832,4.2,2016-11-25 05:40:21.726797,723
-39.27661152260999,174.90886133746403,4.5,2016-11-19 19:26:04.433097790,723
-42.32427118215018,173.8998552944446,4.7,2016-11-24 02:22:28.826253608,723
-41.91325237611672,174.31070672792208,5.6,2016-11-28 04:31:08.633573831,723
-42.37785261626863,172.85380817361522,4.6,2016-11-23 08:56:14.499636514,723
-41.85534501938289,173.89452819281016,4.4,2016-11-28 09:32:44.833219755,723
-42.05740554982359,174.00176062731987,4.4,2016-12-13 12:29:01.898971296,723
-42.68833031367272,172.93738841744803,4.1,2016-11-14 02:58:45.059241689,723
-41.752217410687216,174.2280120504916,4.1,2016-11-19 22:20:24.622045373,723
-42.3447917670357,173.50072532216828,4.6,2016-11-14 07:41:54.147285251,723
-36.645679213453725,177.05995412264858,4.2,2016-12-07 22:49:41.719449,724
-41.49386150261602,173.88949254199392,4.4,2016-11-15 11:07:11.587104064,724
-37.023920256228905,179.1182291022001,4.2,2016-11-28 01:06:12.032069072,724
-41.78700578900352,174.06405031535,4.4,2016-11-18 03:38:36.335424602,724
-42.24856001856981,173.65155937540197,4.6,2016-12-09 01:15:04.651975630,724
-42.11901499209236,173.68113408773303,4.1,2016-11-24 20:49:32.406633485,724
-43.43865808812976,172.68489838297194,4.1,2016-11-26 18:59:18.871392,725
-40.68636516815124,176.93000982336548,4.1,2016-11-29 09:56:13.043931,725
-41.72109097398155,174.38219505558092,4.4,2016-12-03 00:16:04.367112,725
-44.75881454940911,167.3547153622569,4.2,2016-12-06 13:28:56.609363,725
-41.670307045952704,174.21060225750824,4.1,2016-11-16 09:06:01.878529675,725
-42.47560638127074,173.0957559287772,5.2,2016-11-14 14:47:02.912092332,725
-42.45868585184866,173.34695547036932,4.3,2016-11-14 06:22:17.411705691,725
-42.30586149555128,173.38468746493183,4.2,2016-12-10 14:38:55.579542520,725
-41.87131983673101,173.8990476925078,4.2,2016-12-05 03:22:53.202326521,725
-41.77131962523162,174.23420108989296,5.2,2016-11-19 02:16:48.880532793,725
-42.67541887458765,172.84871355767802,4.2,2016-11-23 09:54:27.477273398,725
-42.43245296496679,173.39665213434176,4.1,2016-11-19 14:20:05.499734843,725
-42.35081194115824,173.43739500042497,4.1,2016-11-14 05:42:21.577780848,725
-39.01556274028746,174.7689121540633,4.8,2016-11-18 19:35:53.298546,726
-45.01439710572719,167.57250746860882,4.3,2016-12-04 09:18:03.315334116,726
-42.61386600398427,172.92856829708697,4.4,2016-11-18 04:43:15.020427324,726
-41.77134621617798,174.1999643726477,4.2,2016-12-07 04:35:04.070691493,726
-41.85647770535775,174.33311557095467,4.8,2016-11-20 01:12:25.568177516,726
-41.70518912014768,174.12919873175855,4.5,2016-11-24 21:04:13.356622359,726
-42.23245700397137,173.72018420461646,4.2,2016-11-15 17:14:28.001676682,726
-41.65994198397848,174.34603747755014,4.3,2016-11-15 07:19:27.219151845,726
-38.93026209737207,174.7836372349673,4.1,2016-11-29 19:38:13.358073,727
-37.43275044528252,176.11602943673535,4.2,2016-12-10 07:25:27.937505,727
-42.49483412456569,172.8304464664113,5.0,2016-11-20 06:57:30.966831141,727
-46.25325410105497,166.0825835968915,4.2,2016-12-02 10:20:15.526877563,727
-42.64127962657583,172.881620419854,4.5,2016-12-01 05:17:58.621169758,727
-42.430469984706335,173.3027997105125,4.3,2016-11-20 05:01:14.139070519,727
-41.75754931883975,174.1757284806148,4.3,2016-11-29 11:01:00.068020497,727
-41.71562464388233,174.20527122042017,4.3,2016-11-21 12:17:41.046441307,727
-42.34981637976028,173.5003881255446,4.1,2016-11-14 00:33:22.180519407,727
-42.59790321749055,172.78039120636046,4.3,2016-11-20 07:56:54.662391997,727
-42.00675467870982,173.78931144877117,4.2,2016-11-29 11:20:16.592724393,728
-42.61246906760108,173.3618604401167,4.4,2016-11-15 21:26:36.941245158,728
-41.71601812756267,174.1628848162801,4.4,2016-11-18 23:18:01.563085432,728
-41.98341642148737,174.04256350607082,4.3,2016-11-14 04:30:27.219652896,728
-41.742963874860656,174.30979240029552,4.2,2016-11-14 08:08:49.529736125,728
-42.10215309747485,173.9932304780512,4.1,2016-11-15 11:30:53.647305651,728
-42.32832318845527,173.93644464967522,4.2,2016-11-20 04:16:18.243611135,728
-42.26450481019856,173.6230869523262,4.7,2016-11-14 00:56:02.769606814,728
-42.35415131114378,173.55009076914342,4.7,2016-11-14 14:31:35.832513541,728
-42.009309734978544,173.78696426699824,4.3,2016-12-13 17:26:01.198607055,728
-38.20614118427303,177.11853453674442,4.4,2016-11-21 02:55:27.281159,729
-42.07827636033587,171.8455027260291,4.1,2016-11-26 05:34:35.438873,729
-41.09542809650056,172.64996005310655,4.1,2016-12-05 12:38:53.807269,729
-37.055182717265104,179.16703792451457,5.6,2016-12-05 04:06:32.644753057,729
-42.42085261315426,173.78917953124494,4.3,2016-11-15 01:10:31.371979522,729
-42.52922805836702,172.98923430849007,4.1,2016-11-14 00:13:05.897243054,729
-41.77107356828088,174.1297661658107,4.1,2016-11-15 13:57:57.801596539,729
-42.43999548182371,173.7649890699141,4.3,2016-11-14 23:04:49.430857829,729
-42.73189812207431,172.90602334637526,5.1,2016-11-20 04:39:22.513213169,730
-42.22804549901967,173.67371119086158,4.5,2016-11-18 19:55:18.268569529,730
-41.73656807963177,174.2153103350981,4.2,2016-11-26 03:32:52.636828889,730
-41.7179394846991,174.49980641093313,4.3,2016-11-16 08:59:45.840538916,730
-42.39013821232906,173.9169376880456,4.5,2016-11-14 08:53:40.920508877,730
-42.29846831783152,173.62292023886772,4.9,2016-11-18 05:38:01.874684070,730
-35.86642105023443,178.08808515264982,4.4,2016-11-23 11:15:26.362888,731
-36.849868384984745,177.86511461902808,4.6,2016-11-22 01:06:42.279655510,731
-37.34461464117068,178.89166784380993,5.2,2016-11-26 18:47:57.768934311,731
-42.45924314484542,173.67330123123335,6.3,2016-11-21 06:38:13.907579815,731
-42.48779898373843,173.21915621025448,4.1,2016-11-28 04:31:57.127408489,731
-42.38787154174797,173.29537248271532,4.8,2016-11-24 16:51:07.062682953,731
-42.32214846851669,173.84490855523384,4.3,2016-12-13 05:49:48.090227728,731
-41.67217710873598,174.27510852508817,4.3,2016-12-01 13:37:54.819343090,731
-42.403171103284265,173.9121144587457,5.0,2016-11-16 02:12:44.633836583,731
-42.35690928928898,173.08185954414878,4.1,2016-11-28 14:24:45.503889979,731
-43.17951359476406,170.85611217241615,4.9,2016-11-21 22:19:04.859519398,732
-40.46910478395783,174.75716963424694,4.3,2016-11-15 00:35:59.183822396,732
-41.91042838820126,173.87217297484713,5.0,2016-11-15 02:19:50.023143772,732
-41.836982577888826,174.29986913993005,4.9,2016-12-13 23:43:39.423912380,732
-41.57100133978901,174.24145292114747,4.2,2016-11-16 05:26:10.877304372,732
-42.85500976234018,172.86509922973224,4.3,2016-12-02 01:00:35.444295430,732
-41.92545411043079,173.9648375781547,4.1,2016-11-15 07:08:16.543866213,732
-41.80971262996648,174.01767803010856,4.2,2016-11-23 18:22:51.076848448,732
-41.9754145751691,174.01591843928097,4.2,2016-11-19 19:22:35.015413491,732
-42.431078399201056,174.02056866439892,4.1,2016-11-14 07:19:58.289695774,732
-41.61237111014796,174.21491486796856,4.5,2016-11-16 06:11:55.669392562,732
-42.261427725665385,173.00837501453876,4.1,2016-11-14 13:05:45.951678759,732
-42.36306219892895,173.47960764352666,4.1,2016-12-03 02:41:54.731577738,732
-42.8747698012054,172.88593872647007,4.5,2016-12-02 01:01:11.583432930,732
-37.69575270104131,179.34231095090243,4.3,2016-11-25 03:25:46.314893,733
-42.58662348551672,172.86288653080746,4.4,2016-11-14 13:55:16.096940592,733
-42.448824061063206,173.3310426053191,4.1,2016-12-11 00:13:19.988362405,733
-41.77452871716597,174.33121489052402,4.9,2016-11-16 16:53:32.815434004,733
-42.146072535558886,173.8028366563765,4.8,2016-11-22 20:15:40.544072576,733
-42.3727798916532,173.82903775162652,4.3,2016-11-16 17:42:01.035823187,733
-41.683340916641264,174.71714279460272,4.7,2016-12-04 02:09:33.204174730,733
-41.67441078318922,174.18386595474948,5.1,2016-11-26 12:07:50.957101,734
-41.71008149501669,174.27102041013333,4.7,2016-11-17 09:29:12.459042798,734
-41.69503335816357,174.3012235808726,4.9,2016-11-22 01:46:57.991581304,734
-42.25260829226061,174.06129260040174,4.1,2016-11-14 15:59:45.862307203,734
-41.97623359697824,174.03746625328645,4.4,2016-11-26 19:42:04.548541504,734
-42.30397964512581,173.8904937119078,4.3,2016-11-14 05:57:54.017312808,734
-41.94383078798786,174.00254146691543,4.8,2016-11-14 10:50:28.506593468,734
-42.43421638359096,173.23732883719913,4.1,2016-11-14 02:47:08.663336671,734
-39.198710856711614,177.7222911487691,4.3,2016-11-28 04:30:58.851343,735
-38.46493214018638,175.14977636839424,4.1,2016-12-10 15:15:56.705482,735
-39.20227127264897,177.69409547313805,4.1,2016-11-28 09:11:15.504545115,735
-38.46454321133585,175.1694056444879,4.5,2016-12-11 21:51:36.882370031,735
-38.50012081134427,175.1441860388506,4.5,2016-12-10 15:16:54.644525495,735
-44.73437183379285,167.36770924381747,4.6,2016-12-01 08:44:23.568442515,735
-37.08699693388528,178.8364845652556,4.4,2016-11-15 05:25:54.909851694,735
-42.25837510227424,173.7579895377023,4.1,2016-12-04 08:20:13.489047731,735
-41.936538326778624,174.0843259916123,4.9,2016-11-15 07:37:41.470869458,735
-41.9126395474096,174.2120663892122,4.3,2016-11-28 06:43:03.181930776,735
-42.2391776073002,173.38928645676026,4.6,2016-11-14 13:12:21.710657952,735
-41.83048253476402,174.06861546391386,4.1,2016-11-15 02:33:48.297782715,735
-41.87785749765983,171.63417265057447,4.5,2016-11-25 17:57:51.900408,736
-42.23808674806166,172.858459037478,5.1,2016-12-08 19:37:11.225201543,736
-36.87715160752519,179.25916038461398,4.1,2016-11-28 03:15:01.564115344,736
-42.6302203058315,172.87191774872088,4.1,2016-12-10 03:43:33.141415619,736
-42.17171189400273,173.8433702378691,5.3,2016-11-14 16:10:55.088468243,736
-41.72238937698088,174.22899126845746,4.2,2016-12-06 14:52:53.437156955,736
-42.803657271423376,173.3035596500892,4.1,2016-11-17 09:08:46.623423055,736
-41.76902583419108,174.96366022249038,4.4,2016-11-15 19:28:38.096147281,736
-41.78400108172144,174.1841321891202,4.7,2016-11-19 13:03:54.451149294,736
-41.72840756449809,174.27236754210546,4.3,2016-11-14 00:22:55.337898368,736
-42.377332780572274,173.15130642110026,4.8,2016-11-14 12:40:14.963633582,736
-44.65003463567996,168.3258368289013,4.1,2016-11-17 17:46:24.582639,737
-37.21719732499303,177.15595699779684,4.2,2016-11-19 14:18:23.912572,737
-45.39823051450687,167.33037920496446,4.6,2016-11-19 22:39:09.331253,737
-42.1052020244245,172.9837442879397,4.8,2016-11-30 17:49:22.935882,737
-37.49617933221315,175.90865333131876,5.1,2016-12-11 14:49:00.733595,737
-41.74656096130058,174.25455653543588,4.1,2016-11-16 16:02:49.884239876,737
-42.65861070897383,172.78197609042505,4.2,2016-11-14 08:21:11.350593037,737
-42.66870970607395,172.74264352985568,4.1,2016-11-21 11:09:04.608738729,737
-37.70730943100084,179.3480301726935,4.5,2016-12-02 21:24:48.465603,738
-37.126615582396575,179.15417381517003,4.9,2016-12-08 00:50:04.715953311,738
-39.33159557230004,173.769328642107,4.3,2016-11-28 11:34:19.700729743,738
-42.430529236089406,173.76515862128844,4.1,2016-12-09 04:14:30.045191645,738
-42.01006884557318,173.74965119584223,4.4,2016-11-15 03:02:41.539313484,738
-42.31952296364029,173.54953756067053,4.7,2016-11-14 17:24:16.329843843,738
-41.66166654600289,174.2568986254096,4.5,2016-11-20 19:15:59.318539243,738
-41.78063212977576,174.00451973001825,4.3,2016-11-20 02:25:59.230668135,738
-42.53498451345606,173.38398218252755,4.3,2016-11-14 00:05:33.946078187,738
-38.018662000438376,177.73328691813916,4.7,2016-11-14 21:08:42.332239,739
-44.86610634925359,167.66930435046388,4.2,2016-11-16 12:54:41.401008,739
-44.87091128474461,167.62033503643394,4.1,2016-11-16 12:54:53.366167019,739
-43.36103702028589,172.83330536308128,4.2,2016-12-11 16:19:52.486157323,739
-43.68130997264844,172.98551381910806,4.2,2016-11-20 02:25:28.420566360,739
-41.82191244606674,174.19442907944543,4.3,2016-12-05 23:48:56.308018122,739
-42.28759204318663,173.50051477755812,4.9,2016-11-15 15:56:47.038987323,739
-41.80174306698788,174.3309317442752,4.1,2016-11-14 23:10:51.755977467,739
-42.13020607166795,173.81559754918823,5.2,2016-11-16 18:57:11.711215901,739
-41.9029418164567,174.07123143559215,4.5,2016-11-15 03:10:37.347376969,739
-41.778239531724346,173.4269606687884,5.0,2016-12-13 07:49:28.368565,740
-42.65478511348008,173.04946213077798,4.2,2016-11-19 04:01:16.535080364,740
-41.7773813747549,174.11081612928038,4.1,2016-12-06 21:54:32.124347089,740
-42.397240433350376,173.86402249147818,5.0,2016-11-14 01:35:55.648542380,740
-42.44151771834815,173.20251348464092,4.6,2016-11-29 21:19:30.453594757,740
-42.50639769115478,173.8942524007779,4.2,2016-11-20 00:23:23.207570073,740
-41.69096145899003,174.2724439508307,5.1,2016-12-07 14:39:43.048652057,740
-42.713426920375774,172.82091760548192,4.1,2016-11-21 20:06:21.992215175,740
-37.922575429833806,178.67405359977153,4.8,2016-11-25 23:03:07.340880350,741
-37.08222350025481,179.24530932243778,4.2,2016-12-09 03:36:38.141969391,741
-41.696806940418455,174.2199072858593,4.4,2016-11-14 00:58:09.688385895,741
-41.67510464174321,174.218703998371,4.4,2016-11-22 16:21:33.881835336,741
-41.68506891896178,174.33672606044607,4.9,2016-11-25 04:58:29.976067552,741
-42.66668981502498,172.8397767376446,4.9,2016-11-28 23:45:23.837125410,741
-41.76480504617102,174.20737818961584,4.5,2016-12-10 12:57:56.769809041,741
-42.55746584392018,173.71042425135553,4.1,2016-12-01 16:16:37.410408092,741
-37.75589747233117,179.43271054570135,6.2,2016-11-20 16:39:27.844522,742
-46.81654606009663,165.42117224473827,4.2,2016-11-26 18:19:27.154858,742
-37.67361325371436,179.14939293251297,4.3,2016-12-05 16:18:59.211396,742
-45.68472166165064,166.5366278905486,4.3,2016-11-24 14:33:21.723821884,742
-36.94265025312563,179.03836052919817,4.9,2016-11-18 02:59:16.386469320,742
-42.8547842060386,172.99540881209833,4.1,2016-11-17 15:56:32.386894880,742
-41.83328493775654,173.95615102135977,4.1,2016-11-27 12:57:30.500632733,742
-41.81747182791585,174.03689628411513,4.5,2016-11-14 03:34:40.954286593,742
-42.473162053130864,173.257766626276,4.2,2016-12-13 09:53:31.007944753,742
-41.744855292688285,174.33877404077424,5.0,2016-11-15 13:51:33.478841928,742
-41.78196121116576,174.29143938779993,4.9,2016-11-16 14:06:20.673921456,742
-41.99669863427971,174.11089171076418,4.2,2016-11-21 05:12:08.544947711,742
-42.711369782310655,172.88111543336817,4.5,2016-11-27 02:46:58.888548358,742
-41.83908520714748,174.33863280147392,4.2,2016-11-20 07:44:13.131070228,742
-36.69878682413021,177.58418968178984,4.7,2016-11-29 14:58:15.169108,743
-38.56126772051298,175.63477361753849,4.5,2016-11-27 23:45:24.673803864,743
-37.32038542931226,178.9166520921122,4.3,2016-12-01 21:44:37.148247375,743
-41.67208940009544,174.37147584533685,5.8,2016-11-20 16:51:53.531087933,743
-41.82331891362855,174.0074778758857,4.1,2016-11-23 22:28:13.734626370,743
-41.843295410606025,174.0087417523165,4.2,2016-11-16 11:36:20.550636366,743
-42.13271454206846,173.80276991289415,4.1,2016-11-18 04:02:19.375991442,743
-42.38028961951456,173.93806216963043,4.4,2016-12-02 04:46:39.224397348,743
-38.56652816134895,175.78430347177002,4.6,2016-12-01 05:43:41.415925726,743
-37.00505905055246,179.10027316532666,4.2,2016-11-24 12:13:39.075605,744
-36.438260381104136,177.57019764198432,5.0,2016-11-30 19:20:52.878773,744
-41.068528919510406,175.0906586837116,5.3,2016-12-05 06:10:45.037441037,744
-34.16885245841305,178.9149035976719,4.1,2016-11-26 20:39:46.272014305,744
-42.15984152574337,173.82744474108213,4.2,2016-11-14 21:31:03.013114041,744
-42.29800676563053,173.66797522642491,4.1,2016-11-28 21:34:33.620238713,744
-42.48848409034318,173.12615973037975,4.7,2016-11-14 05:39:30.855434906,744
-42.578414985099286,173.18750073606742,4.3,2016-11-26 02:52:03.057009474,744
-46.29439149146908,165.8459695298893,4.1,2016-11-18 14:27:53.813916217,745
-42.18838204885407,173.66074341946543,4.1,2016-11-15 13:22:35.520912285,745
-42.54960364551099,173.7620841117071,4.6,2016-11-16 13:25:20.382262905,745
-42.241533632386,173.51931428977662,4.2,2016-11-16 15:31:39.745649571,745
-42.35201012528752,173.88179881812076,4.2,2016-11-15 03:28:12.140016812,745
-42.59254218337552,172.7864616532061,4.2,2016-11-14 00:43:55.394500118,745
-39.01463142506381,177.88875448450662,4.2,2016-12-13 21:09:45.247125,746
-36.897959065243086,179.28740859265486,4.1,2016-11-18 04:34:24.442811107,746
-42.06070537445694,173.77713847102802,5.4,2016-11-15 07:29:41.544434389,746
-42.52035359445598,174.22006322224723,4.1,2016-11-17 18:50:58.251991425,746
-42.294542723449474,173.75991900415724,4.3,2016-12-08 21:15:56.579007399,746
-41.85358563550288,174.4270160581222,4.3,2016-11-25 05:49:11.663254400,746
-41.84198243537536,174.17017793042544,4.3,2016-11-19 19:13:23.255325075,746
-41.90519331114497,173.77096563915768,4.6,2016-11-17 10:44:37.861843643,746
-42.72051106055303,172.91286538344693,4.1,2016-11-14 02:23:22.716604490,746
-41.69755179580094,174.2948204401647,4.5,2016-12-05 23:37:23.673458608,746
-42.366692670184165,173.64725822135344,4.2,2016-11-14 02:58:33.038542287,746
-37.05296291244586,179.27449131798502,4.4,2016-12-12 08:38:21.097651321,747
-42.13354508353656,173.4188001720938,4.6,2016-11-15 14:22:05.645368750,747
-42.24099595779645,173.75342470502105,4.3,2016-11-20 01:07:08.621942866,747
-41.82315215608866,174.16890712657232,5.0,2016-11-28 08:27:02.234206374,747
-42.32388239873184,173.79717089064346,4.1,2016-11-25 08:41:19.813951358,747
-42.270030713030586,173.6741053834059,4.3,2016-12-02 17:32:41.992112424,747
-41.83087238969945,174.07192778917215,4.1,2016-11-26 21:12:46.322621437,747
-41.88135862058259,174.0011460917054,4.9,2016-11-16 01:14:02.402729006,747
-38.5987628383066,175.7852796795113,4.6,2016-12-02 21:42:05.438975,748
-36.944012245898165,179.26499329658003,4.2,2016-12-07 15:16:35.009579708,748
-41.92455145830096,173.73529751906133,4.3,2016-11-14 05:40:41.021665538,748
-41.82448593949452,174.2429078111525,4.3,2016-11-21 15:44:58.822848144,748
-41.82026116687973,174.25023795077723,4.2,2016-11-20 22:23:15.232317341,748
-41.75822318243364,174.21069663320836,4.1,2016-11-14 04:00:59.578410143,748
-42.09998415881554,173.68849051124576,4.1,2016-11-15 15:02:18.994016419,748
-42.47509341285319,173.47845514296444,4.2,2016-11-15 16:20:19.078243530,748
-42.063644909990494,173.75369998754067,4.5,2016-11-14 00:16:59.718021890,748
-47.712165875508994,165.41144778166137,4.1,2016-11-15 11:38:50.410237,749
-41.7201128732114,171.74127411450874,4.4,2016-11-20 04:12:52.772046,749
-37.08764007763096,177.32754457851937,4.1,2016-11-23 12:14:56.070797,749
-39.101634698991,174.99668016855824,4.4,2016-12-05 06:15:20.685896,749
-45.222598170907816,166.93118693347063,4.2,2016-12-07 03:38:14.546196315,749
-40.66531915936853,174.36776661037788,4.4,2016-11-24 09:54:23.219789663,749
-37.083109420188585,179.15751716750452,4.2,2016-11-14 10:28:28.735053512,749
-42.54481425047295,172.9831845887663,4.1,2016-11-22 03:14:17.218962163,749
-41.648746007670034,174.33215537866144,4.1,2016-11-23 05:55:24.294001737,749
-41.69847977076198,174.26741667004066,4.1,2016-11-29 09:26:39.317740470,749
-42.2937130823185,172.90248440126686,4.8,2016-11-17 00:22:21.636486997,749
-41.97806250513133,174.37373806061848,4.1,2016-11-15 18:16:44.081727766,749
-42.30512260068548,173.8926580905016,4.1,2016-11-14 03:14:12.185489344,749
-42.346164196202416,173.8364707936997,4.7,2016-11-14 03:23:37.420082202,749
-42.55445013625318,172.98097728469685,4.6,2016-11-22 03:42:41.885915340,749
-39.51939233239249,176.9688583695019,5.1,2016-11-15 18:47:04.825901,750
-42.049584086538594,172.8436502000637,4.1,2016-11-30 13:52:56.445396,750
-42.30794616892904,173.86480254402397,4.3,2016-11-18 18:40:24.911934991,750
-42.67763792812889,172.8245649593887,4.3,2016-11-14 17:49:26.177018874,750
-40.2196931108383,173.2161240262204,4.1,2016-11-14 20:16:06.911687153,750
-36.82676884472716,179.18403620291323,4.2,2016-12-04 23:49:42.283964505,750
-36.87772694563576,179.11507969245076,4.2,2016-12-06 20:32:10.426291539,750
-41.713716424876,174.2995818465539,4.1,2016-12-10 00:17:21.856878332,750
-38.654681874678026,175.6153669100685,4.7,2016-11-22 05:39:22.184835,751
-37.51368064048987,176.63013157563734,4.2,2016-12-11 21:30:05.007914,751
-37.52585379800202,179.36823774248907,4.4,2016-11-25 19:38:34.311596126,751
-46.99665237267681,166.120901306909,4.9,2016-11-26 18:02:44.288826962,751
-42.62373312064785,172.6439191039526,5.3,2016-12-02 11:00:23.388222444,751
-41.73019807304073,173.98023063416383,4.1,2016-11-14 12:44:58.529148685,751
-41.9537179182589,174.2456250288876,4.1,2016-12-04 09:29:46.218929040,751
-42.25875797051214,174.1470586203706,4.2,2016-11-14 11:58:19.151323148,751
-42.04295317842362,173.79694192855476,4.6,2016-11-17 01:59:34.908535829,751
-42.33929762396548,174.02512471518426,4.3,2016-11-14 23:09:45.279339817,751
-36.86195296476534,177.6645315206026,5.4,2016-12-04 17:19:07.287408,752
-36.3581006439404,177.57023969533762,4.2,2016-11-19 07:20:20.484634089,752
-42.55057110978837,172.97494719421672,4.2,2016-11-15 01:35:07.345638579,752
-41.66324203362316,174.19451216003915,4.1,2016-11-14 02:08:09.610482752,752
-41.76599021078877,174.27720868758306,4.3,2016-11-14 17:51:33.340809587,752
-44.46504743092087,176.0033568131288,4.2,2016-11-14 18:32:09.835228394,752
-41.79951072497828,174.36482999685467,4.1,2016-11-17 20:44:53.394003137,752
-42.32497899700998,173.59011260553137,4.3,2016-12-03 22:05:05.432578632,752
-40.64413324963668,176.3362949653695,5.0,2016-11-17 04:31:34.247677,753
-41.3557551901213,173.03442627449954,4.4,2016-11-19 12:31:16.128442,753
-42.5610128573139,173.15009324233253,4.7,2016-11-16 12:11:25.606257196,753
-41.827907994697526,173.9096471963832,5.0,2016-11-14 15:46:52.284066042,753
-41.44191264751763,174.03588427348467,4.4,2016-11-16 21:15:36.089416412,753
-42.56055673590807,173.13546512103676,4.1,2016-11-16 10:22:14.073646338,753
-42.35278022318825,173.67340609573037,4.5,2016-11-26 06:07:43.076032445,753
-42.59913379736514,172.98845014571643,4.1,2016-11-16 06:52:55.898465187,753
-41.9020936932737,174.14946913049403,5.1,2016-11-16 03:19:14.100250355,753
-41.4624393943889,173.82282294720096,5.1,2016-11-30 13:48:05.960930714,753
-41.95836445162422,173.98691754034354,5.2,2016-11-14 06:04:15.836426503,753
-41.46810727559917,173.80060285327568,4.2,2016-11-30 14:24:16.588846995,753
-43.67241907673802,172.58233207456632,4.6,2016-12-02 06:27:40.386274,754
-38.16957419673373,175.85860252746087,4.2,2016-12-11 07:44:49.555048,754
-41.962953371059896,173.72249189864806,4.2,2016-11-14 00:47:34.944249787,754
-42.73193420166147,172.8988606916236,5.0,2016-11-17 07:39:48.059793155,754
-41.75829483092715,174.11100738666198,6.3,2016-11-17 09:35:39.565487920,754
-42.14329971634233,173.52791972142222,4.2,2016-11-14 02:07:01.826861679,754
-41.87715899361292,173.93417346520923,4.3,2016-11-14 02:27:09.181989417,754
-41.860627480634896,173.96129293988574,5.0,2016-11-26 22:43:38.752381033,754
-42.02199829497231,174.16190523139235,4.4,2016-12-02 20:48:05.953769632,754
-42.35661770096254,174.04447490225218,4.4,2016-11-15 11:39:16.061171710,754
-41.60876608125609,174.37119116369473,4.3,2016-11-14 03:01:36.007171380,754
-37.15228932311436,178.8488431826925,4.5,2016-11-14 16:34:37.495071707,755
-42.67158809326019,172.87519466754247,5.0,2016-12-07 21:46:05.300930290,755
-42.31090562160961,173.7255895544788,5.6,2016-11-14 02:32:06.202399736,755
-42.4987118107906,173.2465379965574,4.7,2016-11-15 17:27:10.246337219,755
-42.32132197648037,174.04296441611632,4.5,2016-12-02 14:22:06.875726242,755
-41.708493533421326,174.11175352606716,4.4,2016-11-14 00:00:17.109137157,755
-40.15814998996911,178.46685031994184,4.1,2016-11-21 10:21:03.336733,756
-38.22106882202967,176.4175207238445,4.6,2016-12-03 11:55:47.594926,756
-35.165794589653125,179.22682152360096,4.1,2016-12-09 05:13:49.754789,756
-43.02439564236203,171.7815391165425,4.8,2016-11-28 07:56:59.389714900,756
-41.7870234032719,174.28645946231524,4.6,2016-11-18 06:32:36.814312624,756
-42.07302279504648,173.86234803005013,4.3,2016-11-15 02:32:13.137524879,756
-41.770257557262966,174.17483229269553,4.3,2016-12-10 14:10:18.931965447,756
-42.33913824885043,174.04202710141172,4.1,2016-11-22 07:23:39.571478870,756
-41.72017818781504,174.28725881908323,4.4,2016-11-16 02:52:14.126103459,756
-41.772001959465904,174.1984625041601,4.7,2016-11-15 13:14:47.227242039,756
-41.71595244002479,174.25238232898818,5.7,2016-11-22 01:26:43.724746657,756
-42.478340975941535,173.52650434443157,4.5,2016-11-17 09:32:13.158626251,756
-41.62274933474568,174.33840455801106,5.3,2016-11-14 03:22:57.273305820,756
-42.38577548477742,173.67053464467705,4.2,2016-11-29 18:28:04.811154684,756
-38.20539390330224,176.37760806545373,5.2,2016-11-18 07:30:58.640936,757
-35.863749269098214,179.6915001362135,4.8,2016-11-19 05:20:38.654539,757
-38.27491656629652,176.30021317307234,5.9,2016-11-18 10:40:56.431577309,757
-45.25879169425893,166.77227808018,4.4,2016-12-13 20:31:41.976345019,757
-36.72684202395276,178.79187018136503,4.5,2016-11-23 06:20:46.291756412,757
-37.09180290108249,179.1534659708771,4.5,2016-11-27 02:49:45.905212074,757
-42.33452188495196,173.4375948585034,4.1,2016-12-07 03:23:50.284375045,757
-41.97720256540951,173.97187838990234,4.6,2016-11-28 07:52:50.848866569,757
-42.57398405365841,173.2007468269605,4.2,2016-12-08 07:51:00.514411726,757
-41.79050844139511,174.30533431942814,4.8,2016-11-20 23:28:27.622868770,757
-41.7165302167926,174.27391791084372,4.5,2016-11-14 11:32:26.248860858,757
-42.67745041488417,172.79346631335665,4.4,2016-11-16 17:19:15.193219179,757
-42.10974507465804,173.83105773152587,4.1,2016-11-14 07:54:01.093217650,757
-38.37323106108064,176.24479836191608,4.8,2016-11-18 10:58:15.097643696,757
-45.79407126909187,166.16663667119292,4.3,2016-11-14 06:08:43.436204,758
-36.94016145307635,177.6814779455193,4.6,2016-11-26 20:26:01.436928,758
-36.666796393051655,177.49627385702726,4.2,2016-11-27 14:14:13.643590,758
-37.39004209729709,176.77038984154987,4.1,2016-11-28 08:03:42.622896,758
-37.37831554837953,177.0604675090936,4.3,2016-12-06 12:32:43.237437,758
-36.92212935435044,177.63280673354808,4.2,2016-11-28 10:47:22.221445845,758
-37.34373746497387,176.79997692941427,4.3,2016-11-29 00:43:48.984330235,758
-41.813835279133606,174.19474833405917,4.7,2016-11-15 12:35:21.335256219,758
-42.22941057243916,173.6926258706453,4.1,2016-11-22 20:37:54.388462307,758
-41.70363676652091,174.26215580864346,4.2,2016-11-15 01:50:25.783581453,758
-42.311255320997326,173.69351330380812,4.2,2016-11-19 04:26:45.317170536,758
-42.36679337401688,173.2928224031229,4.4,2016-11-17 22:26:21.609560599,758
-42.25493137795127,173.90426685899385,5.1,2016-12-09 14:15:04.896239805,758
-41.876523643411126,173.91855894464578,4.1,2016-12-09 07:42:21.942249302,758
-42.53056683309613,173.32764253379457,4.9,2016-11-14 04:43:32.109642126,758
-41.589696227640616,174.49137467551364,4.8,2016-11-17 18:29:32.606420478,758
-41.6133665666792,174.47128074087834,4.1,2016-11-17 19:16:12.046058209,758
-42.275171035888455,173.6959093894069,4.3,2016-11-18 19:41:48.422593169,759
-41.77211164574525,174.19028346449892,4.4,2016-11-15 14:27:40.564125861,759
-42.33606934148869,173.77927040362638,4.2,2016-12-02 04:24:49.598538236,759
-42.404809284027344,173.38214120937005,5.2,2016-11-14 00:57:25.418249061,759
-41.72314493220419,174.31228479153518,5.2,2016-11-15 05:02:28.729972208,759
-41.96293342045097,173.64658757087682,4.6,2016-12-03 04:17:39.609749525,759
-42.39194419885157,173.72868423153693,4.3,2016-11-16 05:51:31.897380264,759
-41.75226992905439,174.146167685669,4.1,2016-11-14 22:59:31.907411959,759
-38.56767959791254,175.9546474691782,4.2,2016-11-29 13:11:45.394862,760
-41.96751488628242,173.85119976781573,4.2,2016-11-16 11:35:27.823071625,760
-42.446750147583984,173.71228978177368,4.1,2016-12-02 02:08:48.341094052,760
-41.84279399529167,173.98758586534436,4.2,2016-11-16 11:45:38.126419698,760
-41.78841873989426,174.27323742252022,4.3,2016-11-22 00:12:03.875178534,760
-42.42387016311682,173.1828255983608,4.7,2016-11-16 14:22:08.727826563,760
-42.63899323718424,172.6902854895622,4.2,2016-12-04 12:21:13.143878524,760
-41.710240719098586,174.25841772074375,4.3,2016-12-03 04:14:12.448242170,760
-41.96458428920823,174.0415446863454,4.1,2016-11-14 02:37:27.815115849,760
-42.44376449675296,173.74181432852808,4.1,2016-12-02 19:39:39.672515669,760
-46.36524762839273,165.7398376798465,4.2,2016-11-19 04:58:30.490901029,761
-38.39451117641616,178.83597439094987,4.8,2016-11-19 10:14:32.840341717,761
-37.45555709962971,178.8842351927549,4.8,2016-12-03 13:34:28.071902775,761
-42.74226215768008,172.9523153252651,4.4,2016-11-15 13:16:12.068929324,761
-42.26551458570288,173.4017090487149,5.0,2016-11-17 00:06:15.572816248,761
-42.55530436259249,172.9728972878432,4.3,2016-12-07 20:36:17.691685504,761
-42.22816620258034,173.61098920658225,4.4,2016-11-15 12:44:23.848310408,761
-41.95736916099696,173.97976184639492,5.0,2016-11-14 08:06:39.225209457,761
-41.73353819395134,174.28172384768345,4.3,2016-11-14 19:51:49.795771844,761
-42.05780909251712,173.86678672499144,4.4,2016-11-18 17:40:08.925850669,761
-42.81996201487617,172.96280958116122,4.7,2016-11-15 14:48:44.360032527,761
-37.335128715524974,178.74615829753853,4.2,2016-11-17 07:15:56.168414884,762
-42.19280274723238,173.8240725369484,4.2,2016-11-22 04:23:58.842780459,762
-42.53058054108863,173.25433064915927,4.1,2016-11-20 14:07:09.926840036,762
-41.71127163265965,174.22369452907054,4.2,2016-11-30 08:07:15.476369947,762
-42.14361366236658,173.13302117827303,4.1,2016-11-15 03:08:57.629664386,762
-42.08161384997239,174.0208575750509,4.5,2016-12-11 06:31:08.178281806,762
-42.3915763505894,173.33192806649518,4.1,2016-12-13 10:03:47.070573231,762
-39.2461465717784,174.6855417848063,4.4,2016-12-02 23:13:21.986955,763
-47.903814886258566,165.15559396714855,4.1,2016-12-09 16:39:01.464831,763
-37.433767029021695,179.54960282468932,4.1,2016-12-10 15:51:35.867694,763
-47.66050831303136,165.16256026776017,5.5,2016-12-13 12:19:21.313642,763
-37.03308976683207,177.3943635449602,4.1,2016-12-04 03:05:03.317664903,763
-42.36527112845251,173.8258301399871,5.8,2016-12-12 21:29:12.340755670,763
-42.7276894823153,172.7977694631136,4.1,2016-11-14 01:14:28.389263491,763
-41.80611525951134,174.0324898420223,4.1,2016-11-16 19:02:27.632837876,763
-42.560583190969226,173.31085678955188,4.2,2016-11-14 23:11:47.045137509,763
-41.74632337176721,174.3711203846008,4.1,2016-11-30 18:09:46.107149348,763
-41.698135707276414,174.33392256283085,4.4,2016-11-14 17:25:03.121601240,763
-38.96735243006151,173.43240157521697,4.2,2016-11-18 21:27:19.985079,764
-37.95225902061147,176.12104365610753,4.1,2016-11-26 08:40:04.800323,764
-41.06708488395133,174.62824276816536,4.6,2016-11-27 02:41:58.517210,764
-43.69362127610489,172.8415830011848,4.8,2016-12-02 01:53:35.789451,764
-40.29175646505297,174.99327236758404,4.4,2016-12-11 22:05:53.963217,764
-42.20650310182476,173.49966478155514,4.1,2016-11-14 04:57:48.627389195,764
-42.36613567468493,173.4278804171844,4.3,2016-12-05 03:38:36.913562225,764
-42.54833428823926,173.7439999908292,5.0,2016-11-27 01:08:31.963303989,764
-41.83251423868485,173.9247226252783,4.2,2016-12-05 19:26:17.057051909,764
-41.70253030245947,174.26085237929138,4.5,2016-11-17 20:11:24.473476791,764
-42.3909846941318,173.85035949964615,4.2,2016-11-17 00:32:22.656989486,764
-42.27576238480364,173.7558169238454,4.1,2016-11-14 02:15:49.709800398,764
-37.61491452133101,179.84775290157893,4.3,2016-11-16 22:35:57.570272,765
-37.29232695895711,177.11584326737847,5.3,2016-12-01 04:18:41.344655,765
-42.022043087873854,171.67289212453156,4.4,2016-12-13 09:51:30.289953,765
-37.28324423331171,177.06508326896906,4.1,2016-12-01 04:20:56.159242068,765
-42.18318847827442,173.7722244777653,4.3,2016-11-14 14:00:13.976811751,765
-41.72878487332791,174.26482129570886,4.6,2016-11-28 06:00:26.438883259,765
-42.54465106160983,173.78520644757313,4.3,2016-11-14 03:02:44.715072296,765
-41.75803128573544,174.2599322795863,4.1,2016-12-09 21:13:55.633818953,765
-41.8151053459722,174.30438106906746,4.7,2016-11-19 07:15:18.048184977,765
-43.502983055148384,172.8800950314898,4.5,2016-12-13 12:07:39.439915579,766
-41.94870474048785,173.7188155433988,4.4,2016-11-20 05:40:47.413966013,766
-42.39140957190626,173.89434455871623,4.3,2016-11-14 07:55:42.998134344,766
-41.84702663759752,173.8479677203843,4.6,2016-11-16 22:05:52.696502392,766
-41.770492128052126,174.43743193719558,4.1,2016-11-19 19:42:39.691868010,766
-41.76253881917503,174.1677043253572,4.6,2016-11-20 02:14:41.893919032,766
-41.73043133624076,174.278346278925,4.3,2016-12-07 12:37:22.969545360,766
-42.19171039560091,173.37946648415365,4.5,2016-11-16 06:17:40.233706700,766
-41.76454571471008,174.02204105101504,4.1,2016-12-11 19:01:04.901250191,766
-42.42810608374619,173.49454952625447,4.6,2016-11-30 13:44:17.813077425,766
-42.30383171752688,173.68332386045842,4.6,2016-11-18 13:31:02.594579446,766
-42.00342517363519,174.0409458672499,4.1,2016-11-14 13:41:55.537838069,766
-42.27762708062978,173.74682064904786,4.2,2016-11-17 05:37:57.195358229,766
-37.580070186280494,176.81153408985807,4.6,2016-11-16 05:07:19.916269,767
-40.0842117861324,176.8388818470829,4.7,2016-11-25 04:04:51.788452,767
-35.73185037897726,179.29614927222838,4.8,2016-11-26 18:42:06.502142,767
-37.81646643418847,176.09787937690487,4.3,2016-12-01 01:25:46.155946,767
-36.64576864791672,177.5324203447419,4.1,2016-12-12 19:17:31.604103,767
-37.32411823264962,178.7505308644104,4.1,2016-11-25 07:57:45.342675863,767
-42.26608368275303,173.75540294972367,4.3,2016-11-14 04:11:24.363293400,767
-41.72541031009728,174.2353901613322,5.1,2016-11-27 09:01:05.906933096,767
-41.6846444042654,174.25331334063668,4.1,2016-11-19 09:12:41.979066845,767
-41.83362346736404,174.533980036342,4.1,2016-11-14 03:04:22.384371590,767
-42.34017090366897,174.12587938266202,4.1,2016-11-14 04:53:10.244613372,767
-42.55278858984192,173.38002313846832,4.3,2016-11-29 15:24:32.474495576,767
-41.8339721960253,174.00331587211485,4.2,2016-11-14 09:56:29.838257200,767
-42.08937682637799,173.90612861875897,4.1,2016-11-24 10:14:22.690335,768
-38.22351415635142,175.9933336190952,4.5,2016-12-06 14:50:54.781576,768
-42.82119917831276,172.68413380393156,4.9,2016-12-10 23:07:24.992569,768
-42.40479779079238,173.28874726857933,4.1,2016-12-11 05:04:13.470191,768
-43.64340195181403,172.49065634968608,4.5,2016-12-04 05:15:12.094598716,768
-42.64246692112734,172.9752071796211,4.1,2016-11-17 07:38:00.567361203,768
-42.54429845479248,173.20524882917874,4.4,2016-11-17 01:43:55.613165625,768
-42.32638765218756,173.41200295725886,4.3,2016-11-15 03:11:19.107678600,768
-42.1611615194143,173.6477887771547,4.1,2016-11-14 18:21:59.804716610,768
-41.68506563135057,174.26294523643676,4.2,2016-11-18 22:33:21.709597104,768
-41.705320753092806,174.21358958701495,4.1,2016-11-16 02:55:55.685881805,768
-41.6726772371745,174.3067513535918,4.3,2016-11-15 10:00:23.542930601,768
-42.5746117186803,173.787829032662,4.1,2016-12-09 12:16:49.504994988,768
-34.984802464299605,173.63630493108437,4.6,2016-12-09 00:29:33.356986,769
-42.29221891804177,172.63197072631075,4.1,2016-12-07 00:19:08.838237598,769
-37.22449161657568,177.34677800250387,4.2,2016-11-29 13:18:03.475473870,769
-41.76939852330885,174.1474432830518,4.1,2016-11-15 16:50:48.669895442,769
-42.78701499333081,172.73031462095918,4.1,2016-11-14 19:01:38.926226344,769
-41.72414199601482,174.4609579318617,4.9,2016-12-01 16:16:39.265160220,769
-42.32461925602797,173.9064241522876,4.2,2016-11-16 19:54:10.677974327,769
-41.3682096511499,174.1227492987289,4.1,2016-11-14 11:11:25.548078600,769
-39.5477276854084,174.1999614715883,5.2,2016-11-17 06:32:27.670120,770
-39.5278464244578,174.22636807366655,4.1,2016-12-07 06:41:28.741226,770
-39.50176266431639,174.20132698190662,5.1,2016-12-07 06:44:42.170126495,770
-45.21809501833851,166.6314886883846,4.5,2016-12-12 10:46:05.111028373,770
-41.71984443287267,174.3140562729494,4.2,2016-11-19 19:13:31.268478528,770
-41.815075516719375,174.2157426202128,4.8,2016-11-22 04:15:06.620213089,770
-42.87310698462956,172.72301820743502,4.3,2016-11-16 09:15:21.735895941,770
-42.46380697548056,172.62888262221168,4.4,2016-11-14 14:08:03.444599369,770
-45.26717676795992,166.62100136181007,5.1,2016-12-12 13:40:01.400414326,770
-42.02628690961742,172.33141369169334,4.6,2016-11-19 14:38:40.095389536,771
-42.51214013027048,173.11210471597923,4.3,2016-11-17 00:51:58.193786672,771
-42.50755970550416,173.08165258365705,5.0,2016-11-18 14:01:03.357473099,771
-42.06964196688632,173.78123525555327,4.1,2016-11-21 00:50:07.357382912,771
-41.350633414691856,174.0638316642027,4.2,2016-11-17 19:08:31.972043795,771
-41.88489849702776,173.87706764529852,4.3,2016-11-14 14:00:04.035362593,771
-42.42024114573182,173.76425407837212,4.2,2016-11-16 21:50:03.778485127,771
-42.48116400349838,174.24069252173717,4.4,2016-11-18 03:22:48.365388932,771
-42.525515884741054,173.41490051722522,4.5,2016-12-13 05:35:17.879629383,771
-42.23654212087085,173.4556542039438,4.4,2016-11-20 02:51:37.704259202,771
-44.8699307714312,176.7261100713128,4.2,2016-11-14 02:22:24.536136342,771
-41.724230189943206,174.36398779868708,4.9,2016-11-23 17:08:13.677569039,771
-42.40598912304847,173.76727053674202,4.1,2016-11-17 02:26:35.988688167,771
-44.88891945827291,176.75327343925667,4.2,2016-11-14 02:48:29.170735377,771
-44.74117767697709,167.61905349218125,4.9,2016-12-06 17:42:16.425508,772
-42.05118001271301,173.48947892230964,4.3,2016-11-18 09:40:26.324719919,772
-41.75958737571383,174.14682639511085,4.1,2016-11-21 17:03:14.911973194,772
-41.495261270231694,174.46921533243304,4.3,2016-11-16 09:49:41.537765741,772
-42.42171306625763,173.34389403299366,4.2,2016-11-21 17:54:24.878271166,772
-42.41155053142442,173.4923022571787,4.1,2016-11-22 15:19:50.663178895,772
-42.620404517710426,172.95431144377255,4.7,2016-11-15 11:31:26.611938791,772
-42.52251696271101,173.12833328343314,4.7,2016-11-14 06:52:40.533712215,772
-42.42121569372624,172.9177898627049,5.7,2016-11-18 02:22:12.227838699,772
-41.71036189903612,174.3097714866293,4.1,2016-11-14 02:36:39.704562734,772
-42.37190957580976,172.8912363918609,4.4,2016-11-18 02:22:53.690329834,772
-41.7520599333612,174.1881636837417,4.5,2016-12-03 11:30:04.344887,773
-36.70713185507005,176.86038872776703,4.1,2016-12-12 15:37:03.138908,773
-42.36737155071733,173.09080976033096,4.7,2016-11-19 11:28:14.541669702,773
-41.74044600445184,174.22155924039112,4.4,2016-12-01 14:28:03.067605801,773
-42.499920484562615,173.2103745919281,4.1,2016-11-22 01:11:54.277154793,773
-42.52715556394926,173.23304062010106,4.2,2016-11-18 05:27:37.187068512,773
-41.68961859749522,174.2800925339604,4.7,2016-12-05 23:39:01.626107520,773
-41.88836514157189,173.89637499226686,5.9,2016-11-17 09:36:26.632896418,773
-41.78965392085375,174.1534943698721,4.3,2016-11-15 23:46:48.048826068,773
-41.7511829019188,174.2374811094195,4.3,2016-11-16 03:15:19.338961580,773
-40.46224373441978,176.5381704743209,4.1,2016-12-01 20:11:57.881359,774
-36.88309103184738,179.24074888688423,6.0,2016-11-16 02:35:16.552770010,774
-37.15834489428557,178.85020690209808,4.5,2016-11-14 03:40:09.442956244,774
-41.79394377987071,174.0322295000782,5.0,2016-11-21 11:44:46.763115504,774
-42.38738862540327,172.94396560382137,4.4,2016-11-18 07:57:27.307728900,774
-42.38396714287428,173.5002920604558,4.5,2016-11-20 14:13:13.131728721,774
-42.259964894155566,173.4527966407345,4.4,2016-11-15 08:45:02.403919763,774
-42.33746847414333,173.87928459657454,4.4,2016-11-19 09:52:14.836317936,774
-41.74788774455095,174.1848412643489,4.3,2016-11-14 23:34:12.880210750,774
-41.85314439941708,174.02944379921934,4.1,2016-11-14 02:16:04.585919753,774
-37.017630901251145,179.16361909693134,4.2,2016-11-16 07:26:52.594829443,774
-37.499692286615954,176.62681185568076,4.1,2016-11-24 12:53:46.440646,775
-37.28805447004498,179.2478982362513,4.6,2016-11-14 08:28:54.718790341,775
-37.09108779143716,178.83637258683228,4.7,2016-12-08 18:09:06.825988267,775
-42.66486481940868,174.01580486514155,4.1,2016-11-14 17:50:28.717875916,775
-41.74747972876877,174.31442212907766,4.1,2016-11-15 13:14:59.393953594,775
-42.39501104203392,173.22213242668082,4.6,2016-11-15 15:38:17.181343165,775
-42.66461939639682,172.80710840331065,4.3,2016-11-17 21:22:32.896929633,775
-42.164672387507366,174.04997197104325,4.4,2016-11-23 22:27:08.120237491,775
-42.07053284775442,174.04824456256955,4.4,2016-11-14 00:02:32.804859169,775
-41.70004933198501,174.34117396232642,4.2,2016-11-14 00:57:25.488663937,775
-42.37132296548777,173.68942910212607,4.2,2016-11-19 13:45:34.896068082,776
-42.3813079393418,173.35039501566845,5.1,2016-11-20 09:47:51.417412078,776
-41.80934793129889,174.22786927324154,4.3,2016-11-23 00:26:46.162660731,776
-42.324421573614224,173.44309764667003,4.3,2016-11-19 18:01:50.836894776,776
-36.59170124452378,177.585221672147,4.5,2016-11-16 07:09:20.875105,777
-42.57987390009852,173.1654589073264,4.1,2016-11-16 07:12:01.421964464,777
-41.85754472858423,173.98186307388025,4.6,2016-12-07 06:18:36.439354744,777
-42.63034197577694,172.86423227858273,4.1,2016-11-14 09:18:11.075241302,777
-42.527357446540094,173.3482477878247,4.1,2016-11-24 02:36:21.498979677,777
-42.29303802719325,173.90078547525425,4.5,2016-11-14 19:47:26.326573108,777
-42.67990368272513,172.72614594076416,4.8,2016-11-14 02:00:39.199077892,777
-35.856828254135365,178.2807443115061,4.2,2016-11-17 16:24:06.458957,778
-41.60599104927419,174.28435122182685,4.3,2016-11-20 16:00:14.626172,778
-37.11976716096901,177.43570436923576,4.9,2016-12-03 12:35:38.829896,778
-43.613624616942,172.1579046191015,4.5,2016-12-04 17:18:04.537914,778
-41.78572653388399,172.12364287154756,4.4,2016-12-10 06:40:15.369603,778
-38.149532051681305,177.4181319476776,4.2,2016-12-12 19:12:21.615250,778
-40.03307768427644,174.99036531684143,4.5,2016-11-20 19:36:35.657094613,778
-37.31351744705354,178.84907423069595,4.1,2016-11-15 06:43:27.385457816,778
-42.005092660677526,173.82871481441842,4.5,2016-11-19 08:54:44.631346793,778
-41.69746442470999,174.25058427487664,6.4,2016-11-14 07:34:12.907401218,778
-42.2980477454497,173.58662348411576,4.7,2016-11-14 13:58:07.541752221,778
-41.809482322451856,173.9941824650871,4.2,2016-12-09 19:09:26.328610261,778
-41.74498396392122,174.27438000985188,4.1,2016-11-23 17:24:08.730853886,778
-41.69770833848975,174.31305750986488,4.5,2016-11-22 23:31:46.969670577,778
-41.74870054165935,174.30174996111228,4.3,2016-11-14 16:09:14.091599819,778
-41.73821960092846,174.34815267404505,5.2,2016-11-14 01:22:03.240009739,778
-42.46655860563951,174.23072031855128,4.2,2016-11-20 04:17:25.874457448,778
-42.11703506237116,173.65810270667518,4.1,2016-11-14 01:45:14.427742491,778
-41.71741921747646,174.35525287078804,4.2,2016-11-14 00:56:44.838506016,778
-41.733200568276295,174.2508737364044,4.1,2016-11-24 10:54:57.855973337,778
-42.45666505441708,174.2321055867038,4.1,2016-11-20 05:04:18.805279709,778
-40.61307924021548,174.43973038140018,4.8,2016-11-30 13:30:00.874898,779
-38.08442879276608,176.31410671186862,4.5,2016-12-01 18:30:30.194957,779
-46.23121747239262,165.92787679880715,5.1,2016-12-02 07:43:52.239209721,779
-37.35680875256935,178.884115197728,4.7,2016-12-06 21:06:53.206629262,779
-42.65405505895778,172.84378631016273,4.5,2016-11-15 07:58:12.767147097,779
-41.704544639406,174.29406806270296,4.1,2016-12-12 10:09:05.676605499,779
-42.22693880860157,173.76811635997024,4.2,2016-11-14 08:22:52.042425317,779
-41.7968482276348,174.24657741345536,4.7,2016-11-15 17:21:47.848865612,779
-41.86371114860836,174.08873364701805,4.2,2016-11-15 16:31:45.897988234,779
-41.81579190353688,174.29866095908835,4.7,2016-11-17 13:39:48.160698562,779
-37.35881541156012,176.99563545105056,5.1,2016-11-24 15:07:57.588810,780
-45.27987813104274,166.920852234763,4.4,2016-11-24 18:21:31.424102,780
-42.7576525464624,172.8921078142857,4.1,2016-11-14 09:57:47.422132269,780
-42.3569062611267,173.78202577159624,4.8,2016-11-14 01:52:03.401938873,780
-42.33695421943772,174.05417438835352,4.8,2016-11-16 12:34:13.468238888,780
-42.5845819705949,173.10642224389977,4.1,2016-11-19 09:55:48.903989449,780
-41.77541963934831,174.31067110627475,4.3,2016-11-28 19:22:34.956143636,780
-41.69108240604802,174.23364545367295,4.1,2016-11-15 19:59:46.206068190,780
-42.346154127633575,173.50219778345615,4.2,2016-11-15 02:00:20.649564673,780
-42.67095687897502,172.8451482831291,4.1,2016-11-16 03:22:37.980102752,780
-42.5411153412123,172.65290774592108,4.3,2016-11-14 10:26:31.929954047,780
-42.50587942824803,173.2334533671901,4.1,2016-11-14 00:19:10.876184249,780
-35.90382107698835,178.373223298013,4.6,2016-12-02 13:25:17.875005,781
-40.46758466117614,173.86547162041546,4.3,2016-11-14 05:08:46.109230024,781
-42.61400011195638,172.99630252112763,4.3,2016-12-12 19:29:58.210879821,781
-42.462133415377565,173.36068052450366,4.2,2016-12-02 22:23:30.758867285,781
-42.1092272348995,173.3888743967555,4.6,2016-11-28 22:01:02.221178056,781
-41.88755867224474,174.17691707619537,4.4,2016-11-14 01:35:33.368398113,781
-37.020347714731145,179.17516133495303,4.3,2016-11-23 17:45:31.174769,782
-38.65426859947636,176.51401114588276,4.3,2016-12-08 14:04:43.895899,782
-38.50314337806461,175.86113044371834,4.7,2016-12-02 23:33:13.576929785,782
-37.44133951229705,178.96286516411632,4.3,2016-11-28 04:26:38.962202405,782
-42.755271967707294,173.19779509541289,4.3,2016-11-15 19:18:09.546883145,782
-41.644713623878175,174.3680154985855,4.5,2016-11-15 02:32:13.407734344,782
-41.70237863085575,174.18635689185172,4.8,2016-12-10 23:54:54.176819419,782
-41.95864987607944,173.98976616066514,4.2,2016-11-15 11:54:26.983838024,782
-42.36303705816501,173.84030722709636,4.3,2016-11-22 13:08:43.066082874,782
-42.431967957078655,173.29690760454454,4.7,2016-11-29 15:23:11.985184938,782
-37.11384473796304,176.70231419537797,5.6,2016-11-17 13:51:31.309312,783
-38.54656297401216,176.78704902829918,5.5,2016-11-25 04:12:43.745717,783
-35.055423261065854,179.65561493339234,4.4,2016-11-21 17:14:09.066009103,783
-39.355292519707056,173.5005280186955,4.1,2016-11-14 08:56:24.238651091,783
-42.5939996840234,172.9692334499541,4.1,2016-11-14 18:33:23.196844004,783
-42.13452975236719,173.47161298126963,4.6,2016-11-14 03:48:07.243056389,783
-41.68445576353158,174.24332110212885,4.9,2016-11-14 04:10:40.772330015,783
-41.90585529551806,173.9854126347926,5.0,2016-11-14 12:31:58.192230848,783
-42.47893393794221,173.17795025099005,4.5,2016-11-21 05:59:27.785225301,783
-42.02876114861463,173.78904210296952,5.5,2016-11-17 03:34:56.715431457,783
-42.249313810214495,173.75655551835726,4.5,2016-11-14 14:56:20.445274817,783
-41.7860669294444,174.2067248482128,4.7,2016-11-14 17:09:33.650391165,783
-42.26352338842781,173.6693068511454,4.2,2016-11-25 19:35:27.036046667,783
-42.205039474651045,173.73873023946035,4.6,2016-11-19 04:42:15.049114803,783
-42.19085341883007,173.61539026264825,4.2,2016-11-15 17:59:06.374123079,783
-42.14872540524374,173.44802460405575,5.4,2016-11-20 01:01:10.416718704,783
-38.24648946097246,179.07502177757465,4.2,2016-12-13 17:48:42.574750,784
-36.89663854513575,178.96990376102974,4.2,2016-11-16 11:32:32.646283034,784
-42.01376274764632,173.85551157820677,4.1,2016-11-14 21:23:32.557571708,784
-41.5185814023845,174.33853323209712,4.4,2016-11-14 10:59:57.408250168,784
-42.66695391944019,173.1389882420114,6.9,2016-11-15 18:21:05.176782080,784
-41.856561157441824,174.1485006898392,4.3,2016-11-16 02:33:26.178904556,784
-42.25812217908687,173.6790396116024,4.4,2016-11-26 22:53:42.791263868,784
-42.07982866388687,173.7310864360384,4.5,2016-11-14 14:12:38.473255291,784
-41.52928213905975,174.36098211556506,4.1,2016-11-14 14:25:18.901462048,784
-42.71873848581785,173.23691488045776,4.6,2016-11-15 19:01:39.188342633,784
-40.20548298225632,173.5833145732075,4.4,2016-11-14 17:36:04.638199,785
-36.91057974606391,176.96706902099643,4.2,2016-11-29 01:57:30.672300,785
-43.04409216109877,173.08524197033677,4.1,2016-11-16 19:50:33.299778143,785
-41.95797737516408,173.5638609323075,4.3,2016-11-22 03:16:00.284967139,785
-41.80276755906311,174.23773711281473,4.1,2016-11-28 21:51:55.069290803,785
-42.212401202638006,173.74394341286495,4.3,2016-11-15 04:05:55.574949871,785
-41.72003186086547,174.29130804151907,4.2,2016-11-27 21:06:38.952938393,785
-41.738962461375145,174.31115964413226,4.4,2016-11-14 02:54:58.097618669,785
-41.75121871075781,174.2572527609794,4.3,2016-11-24 21:43:36.868517299,785
-41.68942647497635,174.4323471731007,4.2,2016-12-01 04:45:46.517607821,785
-39.91368402365175,177.34586328728372,4.7,2016-12-06 01:04:28.131801,786
-35.63468280873455,178.06167238077646,4.1,2016-12-10 13:57:14.722885,786
-43.59088831257239,172.77328506270817,4.1,2016-11-30 00:29:38.326482121,786
-41.88171680547116,173.5091314138624,4.7,2016-11-21 17:04:36.161623696,786
-42.18065484246329,173.34416602092213,4.5,2016-11-23 09:57:08.084261931,786
-42.31393869608932,173.75858190178616,4.1,2016-12-01 14:29:26.206339763,786
-41.81818236361294,174.02944047626124,4.2,2016-11-16 05:02:38.142778977,786
-42.502878729115245,173.28733114793934,4.4,2016-11-16 22:23:08.659308800,786
-41.760433989658985,174.30781008297217,4.2,2016-11-30 08:53:56.973432815,786
-42.57921795058431,173.75690157103907,4.2,2016-11-26 23:53:05.406550561,786
-41.81673987980399,174.23151705111795,4.2,2016-11-14 00:49:10.238717558,786
-41.929955979574565,174.06578600707172,4.2,2016-11-14 07:52:27.320118631,786
-41.684201464399926,174.3254447681444,4.1,2016-11-14 09:13:11.742420980,786
-42.54206030942336,172.7605495875967,4.3,2016-11-17 21:02:39.717697970,786
-38.88933250319864,178.496521474695,4.4,2016-12-09 18:45:19.843048,787
-42.647110808501786,173.2599855822993,4.3,2016-11-15 11:17:25.177064620,787
-42.64944502126681,172.7479631576238,4.2,2016-11-15 13:52:09.295293772,787
-41.78627808913132,174.2162898257973,4.2,2016-12-05 00:57:44.974865537,787
-41.77240663531736,174.11192109305685,5.9,2016-11-14 20:06:57.329199810,787
-41.74010762146615,174.2586783019571,4.2,2016-11-17 04:10:21.383701799,787
-42.47275774942936,174.13579745766634,4.2,2016-11-15 22:37:03.665259127,787
-41.69872817376816,174.23162953209152,4.3,2016-11-14 03:14:45.994522329,787
-42.441439911046295,174.19866713515884,4.7,2016-11-16 10:58:57.683578559,787
-37.81916023060662,176.55995015986008,5.0,2016-11-29 21:26:26.065236862,788
-38.56252356609634,175.83683269485454,4.6,2016-12-02 02:03:57.555064163,788
-42.02556078440332,173.74270122051615,4.3,2016-11-21 23:19:48.291528911,788
-41.66584880631385,174.33387707214578,4.2,2016-11-25 19:25:41.492490802,788
-42.29920397627564,173.69874653738816,4.1,2016-12-12 11:11:42.825015509,788
-42.232128127170775,173.4990172453585,4.2,2016-11-18 00:23:55.402478345,788
-42.6903827975832,172.76970536390058,4.7,2016-11-20 11:31:06.400966435,788
-42.23922694428449,173.62558219513372,4.1,2016-11-14 11:27:48.651773876,788
-37.82018596765529,176.56820565845152,4.2,2016-11-30 02:23:50.074242430,788
-36.84908249913989,176.8836816239005,4.2,2016-11-22 00:07:47.391625,789
-39.241332323580096,175.01966775098785,4.3,2016-11-25 23:52:29.000057,789
-43.40596837541064,172.49278794828976,4.1,2016-12-01 16:03:34.648113338,789
-42.52445666657292,172.7957563814045,4.4,2016-11-28 02:20:11.417314108,789
-42.21658992801564,174.02504220653066,4.3,2016-11-17 14:29:39.895629414,789
-42.24567087749472,173.39815063440275,4.3,2016-11-14 13:05:54.139354448,789
-42.21404560265666,173.61999567487473,4.2,2016-12-05 13:06:57.075422648,789
-42.5568835983504,173.40638864790824,4.1,2016-11-14 07:36:41.720736297,789
-42.26154236866336,173.69055963699313,4.4,2016-11-14 09:58:14.366374232,789
-42.45598684797263,173.21212799098345,4.9,2016-11-25 13:24:22.336296066,789
-47.5493344722063,165.4114805432789,4.8,2016-12-03 18:08:27.565540021,790
-42.65219961286461,172.6438399385609,4.5,2016-11-18 18:55:50.003206841,790
-42.542044404899485,173.1142018032945,4.1,2016-11-16 09:50:41.867671237,790
-41.78203738784022,174.05378385841783,4.6,2016-11-14 07:15:26.858198850,790
-42.12389839238352,173.28901599871736,4.1,2016-11-14 17:21:19.708183641,790
-42.00783914663856,173.980063562801,4.6,2016-12-09 18:32:31.362907129,790
-41.80578521261328,174.14554297840456,4.1,2016-11-14 15:39:00.709142835,790
-42.356380216396325,173.8976432838074,5.2,2016-12-03 18:42:01.987529557,790
-42.62577848657492,173.66706125397278,4.1,2016-12-05 09:39:30.879170924,790
-41.73134737492396,174.25978996180666,4.1,2016-11-28 12:32:20.902956560,790
-42.34816541783484,173.58447526335783,4.5,2016-11-14 18:38:05.863791273,790
-42.35931909649779,173.57163975312378,4.1,2016-11-16 09:17:13.179711535,790
-45.15934105172448,167.74541354027693,4.1,2016-11-17 00:44:45.077699,791
-38.15606783802303,175.87422655979714,4.3,2016-11-20 09:04:29.355107,791
-42.54924983867152,173.2803199592841,5.3,2016-11-17 14:58:53.817171617,791
-42.19183752989495,172.33934492962854,4.5,2016-11-14 00:48:13.112733767,791
-42.025108546202674,173.68078563574508,4.5,2016-11-20 04:50:24.669453372,791
-42.061723626426,173.58274453323114,4.9,2016-11-15 08:45:16.462722584,791
-41.74824243060185,174.24398305030957,4.3,2016-11-17 19:11:01.386929351,791
-42.331272701781,173.68848032477246,4.6,2016-11-17 13:02:38.967813891,791
-42.35028764040169,174.06006385066445,4.1,2016-12-03 17:09:15.022699639,791
-42.3146028770356,173.4669718185037,4.9,2016-12-04 23:02:22.079092262,791
-42.1891357367984,173.58409539513684,4.3,2016-11-18 08:01:43.149181996,791
-42.57498117035179,173.18253660343305,4.2,2016-11-18 18:56:11.786162425,791
-42.08381409004425,174.23226326633525,4.2,2016-11-21 22:39:46.774731062,791
-42.46714520738857,173.25939464755996,4.4,2016-11-14 17:15:57.021423043,791
-42.06605071982052,173.53133954312432,4.2,2016-11-15 10:05:05.138412404,791
-42.3607050442676,173.75350342051172,4.5,2016-11-28 17:25:44.416594364,791
-41.69284816160443,174.24675830106156,4.3,2016-11-14 20:31:49.847066562,792
-42.34361645968009,173.02000475286337,4.2,2016-11-22 20:38:05.477355333,792
-42.23017598519621,173.81560000034776,4.6,2016-11-15 02:27:27.717646810,792
-41.698066248113086,174.25077389944605,4.1,2016-11-27 15:57:56.154326741,792
-42.26340220624302,173.6975703123756,4.5,2016-11-15 15:15:40.380514147,792
-42.36936354690123,174.0205762479913,4.5,2016-11-18 12:40:55.810578474,792
-37.51176660096374,179.2836799555734,4.3,2016-11-24 03:06:03.097190,793
-46.03755013434002,165.8768929485544,4.4,2016-12-05 08:00:27.846445,793
-37.57980205085201,179.29323629996952,4.1,2016-11-25 06:16:23.680011850,793
-42.45877176413983,173.40836888201252,4.2,2016-12-05 22:11:43.372549400,793
-42.29362418902707,173.6475146809291,4.8,2016-11-16 14:32:55.516965142,793
-42.6762187089394,172.74907753779374,4.2,2016-12-06 00:50:59.859599196,793
-42.53291685961288,173.46073572224756,4.5,2016-11-14 09:44:43.252681315,793
-41.96408723007329,174.05403647721783,4.4,2016-11-26 03:58:08.840459910,793
-41.67706660162405,174.21908966245806,4.3,2016-11-14 06:49:53.216530144,793
-41.65963116015455,174.26314004244486,4.2,2016-11-30 10:31:04.730315666,793
-45.06450512424928,166.33252205597964,4.2,2016-11-15 08:29:08.284943,794
-42.54916025972215,173.3236664226587,4.1,2016-12-12 03:10:06.994459,794
-42.25259219741267,173.85475390897858,4.1,2016-11-18 03:09:59.276006761,794
-42.08192801892741,173.63017942744844,4.5,2016-11-14 10:12:49.122318179,794
-41.913021432659136,174.00347783865843,4.4,2016-11-19 23:34:51.256935320,794
-42.28598832501837,173.65333325776967,4.4,2016-11-15 11:38:24.972494558,794
-42.61034790572368,173.2967529863623,4.8,2016-11-20 21:46:32.059313893,794
-41.8695341167645,173.86594178258534,4.3,2016-11-14 19:49:17.064124952,794
-41.87643403308712,173.85175887136506,4.1,2016-11-28 07:36:08.369727052,794
-42.14917041155296,173.68664143285488,4.2,2016-11-16 10:22:36.968345880,794
-41.72350437736944,173.9645963637046,4.8,2016-11-14 07:09:07.097976815,794
-41.09209177272795,172.00669311999894,4.1,2016-11-14 06:08:05.994063494,794
-42.0772030070902,173.6823865313152,4.3,2016-11-14 09:11:48.700964620,794
-42.65192032327801,172.72042723889194,4.1,2016-11-14 10:35:42.164973031,794
-42.29715486398824,173.87001952931075,4.1,2016-11-14 14:03:09.284609087,794
-42.30074204571206,173.58919036647788,5.0,2016-11-16 17:36:46.255649064,794
-41.86196771774466,173.86812596824487,4.1,2016-11-15 08:48:21.397292171,794
-42.15520536888472,173.6652216921894,4.9,2016-11-16 15:37:51.364780474,794
-42.156209634444366,173.73708047023266,4.5,2016-11-16 17:02:23.178106975,794
-38.643360243117954,177.49512346792122,4.5,2016-11-16 16:54:41.073142,795
-37.18728167060329,177.67492909516022,4.7,2016-12-09 16:22:35.973540346,795
-36.42776499765134,178.0176951296173,4.8,2016-12-12 08:13:02.851928224,795
-41.06161579883666,174.52441965067183,4.1,2016-11-17 18:55:34.725399120,795
-38.682972343259166,175.7688606541664,4.5,2016-11-28 05:46:21.137125674,795
-37.11093860530104,179.07525965579535,4.4,2016-11-24 17:48:28.238815917,795
-41.80153530795749,174.23826304055476,4.7,2016-11-14 00:01:26.595882849,795
-42.2080304071659,173.73868973698563,4.1,2016-12-02 20:46:35.390335799,795
-41.61170936356588,174.3165257913425,4.4,2016-11-14 09:17:38.116122080,795
-41.76320395416702,174.2691218443002,4.1,2016-11-14 14:24:00.309121208,795
-41.71477453833648,174.24910625355625,4.1,2016-11-24 02:38:16.500533361,795
-45.17355674397428,166.63544136053235,4.3,2016-11-19 06:15:58.079661,796
-36.63164881073387,177.5831362211122,4.3,2016-11-26 23:40:10.894499,796
-37.46202205404504,179.2597937960535,4.1,2016-11-16 22:01:36.375924869,796
-37.89862801125934,179.30988879412735,4.6,2016-11-19 13:43:21.086762855,796
-41.9386298252255,174.13853210020014,4.9,2016-11-23 18:46:36.582877538,796
-41.77078699794317,174.60420622545195,4.4,2016-11-18 20:43:50.937303653,796
-42.6740257712574,172.75645921874357,4.3,2016-11-15 16:25:50.213487982,796
-42.40017429530164,174.0200227174997,4.7,2016-12-10 15:35:52.585629903,796
-42.82999980429126,172.53232408778825,4.2,2016-11-25 19:58:27.744041602,796
-41.95589540103138,174.03956029959798,4.2,2016-11-15 18:49:25.790755903,796
-42.426302560842096,174.12206493578444,4.3,2016-11-19 02:23:00.616937247,796
-37.59516580867013,179.36770333635627,4.3,2016-11-21 19:46:37.086692,797
-44.4371024128834,167.8767092016277,4.5,2016-11-23 06:08:07.203267,797
-36.91391527281594,179.23825441924566,4.3,2016-11-23 05:25:29.484017357,797
-37.17233925598084,178.86091869790485,4.3,2016-11-22 07:53:13.695598709,797
-37.06655493052945,178.87827332364142,4.2,2016-11-15 05:16:29.569500405,797
-42.40449935944527,173.12350962096767,6.3,2016-11-27 18:27:49.005046528,797
-42.25722917064841,173.72661382393298,4.1,2016-11-16 06:59:02.574703977,797
-41.68868852671957,174.20031222149444,4.1,2016-11-19 19:14:59.666707819,797
-41.94309340102512,174.22583662304416,4.1,2016-11-16 10:50:16.921361292,797
-42.39763372985068,173.74511274715127,4.5,2016-11-20 02:25:05.359861992,797
-41.79543798914736,174.1888119459978,4.3,2016-11-16 11:46:57.709431870,797
-41.77476362983841,174.32854363164014,4.1,2016-11-14 09:02:38.738727632,797
-36.86210497853174,179.10457273419536,4.3,2016-11-22 22:34:33.443349540,797
-42.36999205207361,174.35147031263182,5.1,2016-11-26 03:57:36.645138622,797
-41.916073879231575,174.01267627645595,4.4,2016-11-20 09:42:49.534284798,797
-41.76227521070791,174.3450301542674,4.2,2016-11-16 11:34:31.934074428,797
-42.33367387997107,174.03750666688342,4.2,2016-11-27 19:54:35.537274287,797
-42.59633611112672,173.4376882000674,5.1,2016-11-14 02:41:55.606954604,797
-42.43083652561654,173.14155015845526,4.3,2016-11-14 08:32:46.339997194,797
-42.38023269662366,173.75325127586228,4.1,2016-11-21 00:45:13.597075261,797
-36.55920808379575,177.58726387847113,4.5,2016-11-21 01:00:34.429206,798
-42.21311555397282,172.5678277571685,4.4,2016-11-14 02:21:36.162956874,798
-42.41976347988634,173.79954522911697,4.4,2016-11-14 21:44:11.838259901,798
-42.159486674384645,173.86886643441736,4.1,2016-11-15 15:28:02.921889175,798
-42.14029232291095,173.5607364661356,5.1,2016-11-14 20:49:11.553289078,798
-42.4366920858759,173.26951489748018,5.1,2016-11-16 18:14:30.973954456,798
-41.95443654927861,173.92722458653802,4.1,2016-12-10 17:45:00.463636863,798
-41.705170358036135,174.29097181248412,4.1,2016-11-18 09:40:15.001930254,798
-42.08617782811626,173.8231179408771,4.9,2016-11-14 10:22:20.487202147,798
-41.792901458934814,174.25834400997596,4.3,2016-12-02 08:36:22.680237463,798
-42.32186117009445,173.8304499191778,4.5,2016-11-17 06:24:26.757247880,798
-42.6778862331899,172.7600253097799,4.7,2016-12-13 11:38:07.646941707,798
-42.540286581851895,173.0912543982222,4.2,2016-11-14 00:52:42.819458853,798
-45.03662516626657,167.9719884511784,4.2,2016-11-14 10:43:55.319638,799
-45.74551709250866,166.91378701948835,4.2,2016-12-02 10:43:00.689620,799
-36.039768954872,177.06827685832647,4.2,2016-12-13 12:04:21.589530,799
-40.61327712024527,173.75799038134355,4.5,2016-12-11 18:00:33.459587616,799
-37.02708394611978,179.34304344051984,4.5,2016-11-16 21:21:39.290885484,799
-41.96092860735911,174.0952810695846,4.2,2016-11-29 00:15:13.035880169,799
-41.77072789867621,174.0638622865774,4.4,2016-11-18 16:03:47.238435623,799
-41.700068036369714,174.3068413378499,4.1,2016-11-26 01:51:29.679335172,799
-41.70697287581793,174.25609269997338,5.0,2016-11-14 18:24:43.534360279,799
-41.70561413699661,174.2881862370606,4.6,2016-11-17 05:42:39.343907683,799
-41.75531678206861,174.04048101453228,4.4,2016-11-16 04:03:30.151250511,799
-41.84117516714877,174.09634168900516,4.4,2016-11-26 05:43:31.695256230,799
-41.72656652656419,174.24209773690384,4.3,2016-11-24 06:50:56.174744114,799
-41.7389502899265,174.33231890195214,4.1,2016-11-19 12:49:06.758331721,799
-42.31375119927362,173.14896015819525,4.2,2016-11-14 21:27:35.858526446,799
-41.95355114594969,174.08200465209563,5.0,2016-11-29 00:24:45.655319260,799
-39.47795165937746,177.11045085219868,4.1,2016-12-03 15:39:11.128242,800
-36.99333217690612,177.46678910473884,4.3,2016-11-17 04:07:22.231647875,800
-37.10950398748068,179.2007186226219,4.4,2016-12-08 12:13:04.541177205,800
-42.55055173265155,173.76820770270646,4.2,2016-11-14 12:42:30.001860034,800
-41.72140823476115,173.91552130992713,4.2,2016-11-14 17:40:14.218125418,800
-41.948199134260754,174.0155295470269,4.4,2016-11-17 08:39:46.233069768,800
-42.63001474936905,172.77884836653968,5.5,2016-12-08 22:10:50.756679353,800
-36.943903218909135,179.09357729997788,4.4,2016-11-17 04:47:24.735279,800
-41.021561893882165,173.4333142923154,5.2,2016-11-14 01:22:16.513614103,800
-41.78309639811514,174.15943274030954,4.1,2016-11-17 09:17:44.493898990,800
-42.40738760373623,173.8782072124974,4.3,2016-11-19 10:02:08.544611428,800
-42.64515582016749,172.70477185435553,4.1,2016-11-14 20:46:08.784292643,800
-42.39034769833957,173.54670098268775,6.5,2016-11-17 01:37:16.008774525,800
-41.61786328158207,174.7900349623839,4.9,2016-11-16 12:24:06.222666458,800
-42.57797755514379,172.74454960581895,4.6,2016-11-14 20:55:34.131386995,800
-42.6543243902757,173.56341151156283,4.1,2016-11-17 01:58:35.105104585,800
-41.7851745119,174.82199367248612,4.2,2016-11-18 03:38:41.388356989,800
-38.95802124679342,175.01625591915976,4.2,2016-12-12 12:54:55.825782,801
-36.7110782627763,177.5241087100386,4.1,2016-12-06 02:45:07.203465469,801
-42.485908597363526,173.83405079549303,4.7,2016-12-01 06:24:52.964609261,801
-42.47350129596806,173.6902783140356,5.3,2016-11-17 15:25:31.893236926,801
-42.277146602560926,173.77555374119885,5.0,2016-11-15 20:49:31.130555376,801
-41.72989968199241,174.27873597802866,5.0,2016-11-22 11:33:36.600164161,801
-42.21921081823175,174.0551691793054,5.1,2016-11-15 16:55:24.249524034,801
-42.321495336812745,173.33502271386232,5.2,2016-11-14 03:53:28.917149164,801
-37.74020812245539,176.33715800524942,4.1,2016-11-15 10:02:30.108354,802
-39.61760714777801,174.43744830224577,4.3,2016-11-26 12:30:10.100318,802
-37.7103628789005,179.83657658552767,4.5,2016-12-01 06:21:30.735984,802
-41.031777675047245,174.50144764946083,4.4,2016-12-02 15:06:43.680057,802
-38.93915029130959,175.79003453225195,4.2,2016-12-08 14:40:22.373277,802
-36.908562476764,179.79951999408866,4.2,2016-12-11 10:55:11.186382076,802
-41.70087493167278,174.36087494756023,4.4,2016-11-21 13:40:47.245116118,802
-41.7057813707097,174.29489054356824,4.1,2016-11-20 05:46:50.997624207,802
-42.4004125854664,174.2845067531611,4.3,2016-11-15 14:21:16.710956712,802
-40.16144154109619,173.8009592898204,4.3,2016-11-15 18:15:28.377461,803
-36.67224943290727,177.39414684690476,4.2,2016-12-04 22:46:10.181193426,803
-44.371551258152,168.51223687264445,4.7,2016-11-16 14:49:19.273280001,803
-42.76565585274667,173.38489337066278,4.1,2016-11-15 09:53:51.858588347,803
-42.60713824426737,173.12969973145775,4.2,2016-11-16 02:54:45.475499356,803
-41.94014238937648,173.92729864232376,4.3,2016-11-19 12:14:07.839513139,803
-42.18311308172167,173.68361552713307,4.1,2016-11-28 22:25:13.555584621,803
-41.89541666028512,173.93029326545198,4.2,2016-12-11 10:30:45.314142249,803
-41.89309049194392,173.90111292425752,4.4,2016-11-14 16:22:12.012479095,803
-42.34049513048612,173.4428494296874,4.1,2016-11-17 11:36:38.080865398,803
-42.49469365401184,173.2693573536529,5.2,2016-11-14 22:53:06.830157328,803
-41.67267888145738,174.2766188384523,4.3,2016-11-14 21:26:49.510808704,803
-45.03129341050796,167.45967313909492,4.3,2016-11-18 20:55:27.906191,804
-45.38905962349913,166.71270462834335,4.3,2016-11-24 20:28:41.423300,804
-42.67505770340125,172.88931095434498,4.1,2016-11-16 10:02:47.573317320,804
-42.385180222535766,173.79948349798607,4.2,2016-11-14 03:54:27.621647564,804
-41.667780127487816,174.2902208091513,4.4,2016-11-14 01:41:55.011035540,804
-42.51786554082967,173.14699063570217,4.2,2016-11-19 17:57:53.135138637,804
-42.23885390444846,173.89928279828277,5.0,2016-11-14 04:01:12.882604960,804
-41.75226755066839,174.06184398557144,4.3,2016-11-23 16:08:45.316639008,804
-36.61331089622031,177.42597805327622,4.2,2016-11-20 18:16:32.181066,805
-39.11117603097559,174.89411947898677,4.3,2016-12-02 16:26:24.563354,805
-36.424960683404485,177.71337948993454,4.7,2016-12-05 19:18:09.023458,805
-42.05509094395775,173.58706175846484,4.2,2016-11-22 13:23:10.865368649,805
-42.562006494086766,173.08122094833112,4.8,2016-11-14 11:08:31.063357553,805
-42.53358711784436,173.2054208975902,5.2,2016-11-19 10:24:29.592264312,805
-41.82509677606494,174.12599406302158,4.8,2016-11-20 17:08:12.180327336,805
-41.94349947960531,174.16511117776548,4.5,2016-11-14 07:47:34.185084001,805
-41.633029435437486,174.46813059761735,5.4,2016-12-09 01:34:10.276929174,805
-41.61714453639529,174.37838520226333,4.3,2016-11-14 00:28:31.605530596,805
-42.179436154743655,173.88980474978143,4.8,2016-11-14 01:17:14.979761180,805
-38.16016346986732,176.41924824333458,4.6,2016-11-18 21:00:48.521136,806
-37.79719100910487,176.9167305218091,4.3,2016-11-24 11:16:22.041220,806
-37.10790158084532,179.26486087073735,4.3,2016-11-24 23:29:17.033560220,806
-42.34735124978426,173.7447985058734,4.8,2016-11-14 04:25:16.466541753,806
-42.00510647739582,174.05029597492387,4.2,2016-12-03 22:54:25.736125364,806
-41.77911838040956,174.3270495546095,4.9,2016-11-15 15:47:39.587107923,806
-42.34907575989173,173.9883563235377,4.2,2016-11-17 00:42:50.005366118,806
-34.71036521093919,178.4147604947589,4.2,2016-11-18 06:48:19.598906,807
-37.911509586589176,176.7706227500272,4.5,2016-11-27 13:37:42.126099,807
-41.84340409355063,173.90789153846694,4.2,2016-11-25 04:33:36.951446556,807
-42.4037899439591,173.3048191633313,4.2,2016-12-04 01:46:49.918095840,807
-41.69543722741681,174.23539807159628,4.2,2016-11-16 18:54:58.799199754,807
-37.21587822480099,177.24667853720095,4.1,2016-11-25 08:18:37.884388,808
-36.88397641380989,177.54052515137658,4.2,2016-11-30 23:50:40.788277,808
-43.41280090689354,172.63765268702673,4.3,2016-11-19 15:47:30.673693196,808
-43.09555419335783,172.91738962896017,4.1,2016-11-14 21:00:01.176959045,808
-41.98808655685723,173.33268398450684,4.2,2016-11-14 02:53:00.934558646,808
-41.94979585045105,173.7980839368078,4.9,2016-11-16 15:05:24.410392279,808
-41.74853322037048,173.6058776780374,4.1,2016-11-25 21:04:14.715025785,808
-42.27416312648515,173.8204360743681,4.5,2016-11-14 05:49:26.674406750,808
-41.70828261512506,173.70255504274706,4.5,2016-11-25 21:05:08.875656664,808
-44.29406959016601,167.7210602443582,5.0,2016-11-22 16:53:26.847884,809
-46.18908210789954,166.15802016377197,4.1,2016-11-30 13:39:35.611383,809
-36.12241755646446,176.9752019462792,4.2,2016-12-06 16:00:14.071902,809
-41.32980750090948,174.8135822706614,4.3,2016-11-17 09:27:07.847013001,809
-38.20366919647456,178.05567852904113,4.6,2016-11-15 05:58:52.468927494,809
-41.66943672852884,174.26779974249723,4.2,2016-11-21 01:59:27.958600423,809
-41.70986747160831,172.62164678604358,4.1,2016-11-14 04:37:42.498239271,809
-42.33649957957113,172.98697871104585,4.6,2016-11-16 06:07:39.645571821,809
-39.99178671366463,174.94441942778894,4.2,2016-12-09 12:46:10.813436,810
-45.156871927432206,167.45473608952503,4.2,2016-12-09 23:43:08.500594,810
-42.61556312733104,172.77212435435277,5.2,2016-12-04 12:40:57.024515599,810
-37.27572357999298,177.11329742454615,4.2,2016-11-25 22:46:08.996354,811
-43.57032840291384,172.9579722339191,4.4,2016-11-26 07:36:59.438901,811
-42.02858641314509,173.760616277946,4.5,2016-12-05 03:39:11.250202865,811
-39.58364930248347,175.10996484441208,4.4,2016-11-19 10:19:47.518313504,811
-41.67554725000141,174.18380563698815,4.4,2016-11-15 18:47:01.894789486,811
-42.49261787103302,173.29695445022148,4.1,2016-11-14 06:39:26.901958291,811
-42.04811315131199,173.69212948017983,4.3,2016-12-13 04:41:42.151481299,811
-42.42740290071326,174.0650516564985,4.1,2016-11-14 06:39:13.892309081,811
-41.85759225535046,174.01889222617646,4.2,2016-11-22 14:25:09.483965094,811
-41.69889220632405,174.21272263036852,4.3,2016-12-05 01:57:27.098738282,812
-42.49866232695548,173.81955801693186,4.1,2016-11-18 11:39:40.104842144,812
-41.65948990711929,174.30472142260052,4.2,2016-11-19 14:42:28.221023942,812
-42.5361902212494,173.16357882807986,5.2,2016-11-14 11:43:26.323442350,812
-42.70737758340861,173.14378809206912,5.4,2016-11-18 21:33:46.418434078,812
-44.56902224398651,167.90293805072608,4.1,2016-11-16 19:26:26.054229,813
-40.88424746693467,174.32277485798923,4.1,2016-11-17 15:05:25.234022,813
-40.95843522556867,174.17430992553037,4.9,2016-12-13 04:58:31.966716,813
-41.55036524020693,174.37435401921496,4.2,2016-11-15 04:24:42.158732409,813
-37.08061445528342,179.22996536953718,5.0,2016-12-04 11:52:42.889449066,813
-42.589641265330336,173.02035195206278,4.1,2016-11-16 20:17:33.552569570,813
-42.97741020126378,173.3140103236501,4.2,2016-11-14 04:47:56.539134450,813
-42.90618737929268,173.12073966710736,4.1,2016-11-17 11:45:51.336461848,813
-41.97408116775505,173.89355774963403,4.4,2016-11-19 16:34:08.295073563,813
-42.24390138696968,173.93130534239916,4.2,2016-11-28 15:49:09.111958710,813
-42.63806202271445,172.91162106343822,4.2,2016-11-16 16:17:11.250257506,813
-42.55209122584333,173.1598801990147,4.5,2016-11-17 16:51:08.216260461,813
-42.48003063713126,173.49747370795117,4.1,2016-11-15 14:30:46.642767857,813
-41.85698279093231,174.31790299762125,4.2,2016-11-14 15:11:31.446271403,813
-41.75126943985955,174.31736954805396,4.2,2016-11-15 11:24:14.426829881,813
-42.688361453521466,172.93973607091118,4.4,2016-11-16 16:19:04.237398769,813
-43.50247459659065,170.1038528580634,4.3,2016-11-15 17:38:28.890155,814
-44.93382490269556,167.13074373148788,5.9,2016-11-15 19:43:28.911969,814
-36.58386124879289,177.8368379436635,4.2,2016-12-06 04:19:21.931843,814
-45.3682108983522,166.79101240013978,4.6,2016-12-11 15:00:52.609905,814
-42.21061004678732,173.86856965677958,4.4,2016-11-21 16:30:20.799769368,814
-41.68275876579705,173.94438337597848,5.5,2016-12-09 15:16:01.762176452,814
-42.52144572358184,173.130271962677,5.3,2016-11-24 19:05:06.936083551,814
-42.51664113788903,173.79829055793192,4.8,2016-12-13 15:39:09.784647237,814
-45.85076836422427,166.90707230732562,5.5,2016-11-22 12:27:12.106900,815
-45.59668754193232,166.31993501599146,4.3,2016-11-30 22:17:48.263058,815
-37.15694452227745,179.2656419388722,4.1,2016-12-13 08:56:24.168832,815
-37.333467239676345,178.88621797693526,4.1,2016-12-11 17:17:11.966408755,815
-42.62006629135955,172.92951860484962,4.3,2016-11-14 21:14:34.064772724,815
-42.318286859075,173.74996799426765,4.8,2016-11-16 16:43:04.624166367,815
-42.18342047047863,173.64931797040285,4.9,2016-11-17 22:23:59.837410079,815
-41.75226331950619,174.35612493251173,4.5,2016-11-14 07:17:39.927653425,815
-42.07972256570851,172.9042728164453,4.6,2016-11-14 02:16:49.857221285,815
-42.68919118123331,172.77933575050957,4.6,2016-11-14 20:15:29.098387259,815
-36.66370079793776,177.92414026480873,4.3,2016-12-05 07:04:29.447916,816
-38.34454197653933,176.07576692486748,4.1,2016-12-08 03:51:43.522243,816
-36.73002977428576,177.82353748402855,5.5,2016-12-08 07:20:35.288527400,816
-41.837753699416375,173.85446908580684,4.1,2016-11-23 02:58:57.295815696,816
-47.9559122808979,165.11788869903611,6.1,2016-12-13 00:36:27.600000347,816
-42.80414322351144,174.02934698091386,4.4,2016-11-26 19:45:55.092869205,816
-42.63808463045665,172.86239509855116,4.3,2016-11-14 03:55:08.185155849,816
-42.43867223554025,173.27082944254624,4.2,2016-11-16 00:29:46.817004035,816
-42.78970957566503,172.38697082640746,4.3,2016-11-14 18:47:58.637122896,816
-41.74773164812921,174.2897152368486,4.5,2016-11-28 14:55:18.022893950,816
-42.26699970190023,173.66648806542383,4.1,2016-11-15 21:51:50.029231440,816
-42.095218680739535,173.7057306015755,4.1,2016-11-21 15:00:36.882853168,816
-42.350095704483344,173.9621302104942,4.1,2016-12-04 07:31:10.013753648,816
-41.7435459789953,174.1922328045736,4.2,2016-11-16 02:33:49.559314144,816
-42.367873719133314,173.55989413325312,4.1,2016-12-08 09:06:39.007510652,816
-38.13627170227499,176.03291045480512,4.1,2016-11-30 03:06:59.665906,817
-35.30632254850514,179.3099194924253,4.1,2016-12-04 07:46:35.844858,817
-45.61387114791189,166.61795158869734,4.8,2016-12-13 08:47:38.355588,817
-43.23840443455832,172.0975767392744,4.1,2016-12-02 11:44:35.819960917,817
-39.388520120760354,177.63253520366277,4.6,2016-12-10 23:50:11.098132856,817
-37.07192831094162,179.15647581005263,6.4,2016-11-22 20:28:50.112236112,817
-43.07033553667285,172.89347665318851,4.1,2016-11-15 01:27:39.005224056,817
-42.240641812269054,173.7192884817248,4.2,2016-11-14 06:40:51.162266986,817
-42.60880224026141,172.90987107640655,5.1,2016-11-14 09:47:51.590592874,817
-42.10739862189328,173.55661696301416,4.1,2016-11-14 09:43:43.009393500,817
-41.699694617709696,174.58156795538008,4.3,2016-11-21 13:35:33.754524135,817
-41.7042758651568,174.19542231550568,4.1,2016-11-14 12:08:00.259931107,817
-41.670483851988415,174.24576381978474,4.1,2016-12-04 19:03:20.114620217,817
-41.66697260548178,174.27907605196827,4.1,2016-12-06 22:43:34.573440443,817
-38.02092107861026,175.83955263704732,4.1,2016-11-20 11:45:28.649766,818
-45.35668929423109,166.85269862823637,4.5,2016-12-01 01:27:54.272614,818
-38.207537423725626,175.75052229305072,6.4,2016-12-09 11:16:14.704216,818
-35.21686871019091,178.82284044010265,6.1,2016-12-10 22:21:14.636830592,818
-37.04919650516003,179.12269270720498,4.3,2016-11-14 18:32:53.107418288,818
-42.49006456385231,173.4213116511242,4.3,2016-12-11 04:26:15.058935931,818
-42.03193570306838,173.67853473035424,4.4,2016-11-14 06:49:12.368485392,818
-42.39936993856977,173.19519210062455,4.5,2016-11-16 02:59:08.539037954,818
-41.71037528480722,174.2439002129518,4.6,2016-11-21 10:37:39.292938254,818
-42.77120798177231,173.7421219972715,4.1,2016-11-16 15:11:33.116088163,818
-42.178192256580274,173.43966103688402,4.9,2016-11-26 13:13:00.729916297,818
-41.81060440983556,174.24841775860264,4.6,2016-11-19 19:13:46.986009731,818
-42.13630503498089,173.61400837451563,4.1,2016-11-18 19:02:47.930169862,818
-38.313358757061685,177.7948261137599,4.4,2016-12-02 12:29:20.871589,819
-43.99686323069546,168.02300664198677,4.4,2016-12-10 19:32:31.593584,819
-42.16280239130264,173.8214874220637,4.3,2016-12-04 23:17:54.423055471,819
-41.70521429570319,174.38252769294473,4.1,2016-11-17 10:33:06.482155124,819
-41.84005442299252,174.0408126457006,4.3,2016-11-14 03:21:03.481273297,819
-41.79346250824052,174.30976664064096,4.4,2016-11-22 16:21:17.671432216,819
-37.21038232510675,177.45708615500772,4.2,2016-12-02 04:58:21.105792,820
-40.40249458542539,176.85360311279314,5.7,2016-11-20 20:38:14.796983436,820
-42.794022615656885,173.0284374747356,4.2,2016-11-17 16:11:53.072719664,820
-40.061474486699616,171.48055236678502,4.2,2016-11-22 15:36:16.185877900,820
-41.76185079120177,174.3198361690357,4.4,2016-11-17 07:18:07.604147180,820
-41.958505838514135,173.68577840815195,4.1,2016-11-16 16:02:55.064208565,820
-42.45824987199843,173.31792273113106,4.1,2016-11-15 01:26:21.660366457,820
-41.69806838842917,174.23231573559187,4.8,2016-11-30 12:01:34.730521005,820
-41.88553349861238,173.85489648819458,4.4,2016-11-29 00:49:55.099494927,820
-41.66560273452247,174.30087065461467,4.1,2016-11-14 08:34:24.246186888,820
-41.826963204281526,174.0373190873373,4.2,2016-11-16 19:51:00.602784704,820
-42.695554331216826,172.9169417969905,4.1,2016-11-19 22:40:31.734296190,820
-42.31539968891816,173.91511249460038,4.7,2016-11-14 10:02:17.940166222,820
-40.31134485320184,176.78831321373585,4.1,2016-11-21 11:33:09.219427722,820
-41.89994302733118,173.8427982762992,5.2,2016-12-13 09:23:41.046314171,820
-42.00311925510373,173.95461427831174,4.9,2016-11-17 03:30:44.542005927,820
-37.3568403176124,176.51163141223824,4.3,2016-11-21 13:31:32.171792,821
-40.53935212843213,175.99649261736832,5.5,2016-11-30 03:47:56.310104723,821
-40.87737955096246,175.46463217006422,4.3,2016-12-07 15:32:52.203155953,821
-37.00478142218154,179.10532551557793,4.4,2016-12-12 19:02:48.688112324,821
-42.010933971134975,173.85242147683735,5.6,2016-11-14 09:07:16.211801892,821
-41.79355863451177,173.9984491073219,4.1,2016-11-16 10:00:07.524411319,821
-42.732616617585165,173.94830483083567,4.5,2016-11-14 06:18:59.515530551,821
-42.54598828561651,172.61831205750389,4.7,2016-11-23 12:13:10.529344195,821
-42.02381645409337,174.0283627941397,5.5,2016-11-14 10:33:10.484843346,821
-37.688331923142734,179.82675474372135,5.0,2016-11-15 18:31:07.737824,822
-37.50065435317507,176.71473909846765,4.3,2016-11-16 05:27:47.008207,822
-42.79627894811038,172.79633574970828,4.1,2016-12-06 23:31:04.662422999,822
-42.51827041768837,173.11417775365766,5.0,2016-11-14 02:03:44.762630664,822
-42.12572090650546,173.61816378889992,4.1,2016-11-15 20:54:01.595128800,822
-42.44663133691711,173.7638818610673,4.1,2016-11-14 01:37:41.965837424,822
-41.876119368545154,173.9814860224928,4.3,2016-11-17 19:24:40.288921738,822
-41.80742801114935,174.0983884222853,4.2,2016-11-14 06:05:00.143285758,822
-42.60949185484895,172.82969245262802,4.3,2016-11-20 06:41:28.596128817,822
-42.09982581012846,173.80760371595193,4.2,2016-11-17 05:23:08.217306366,822
-35.44847203334708,178.7402220300695,4.1,2016-12-13 01:30:48.554919,823
-42.24382139122508,173.8718582759215,4.3,2016-12-02 03:39:16.002500580,823
-41.97099679999253,173.66103010793717,4.4,2016-11-15 00:02:36.319093502,823
-42.09847511080239,173.35021169152992,4.3,2016-11-30 03:39:03.807276866,823
-41.79002486787835,174.05792302834226,4.8,2016-11-18 20:15:10.317584975,823
-41.755257606233165,174.08136682841047,4.1,2016-11-28 12:36:57.336072123,823
-42.22229359035803,173.88820955475873,4.2,2016-11-19 21:15:43.551454647,823
-35.383858425637705,178.788720157873,4.1,2016-11-15 23:48:09.324381,824
-43.07025434123255,171.56725217584224,4.1,2016-12-05 23:42:03.568602,824
-42.2993200798747,174.12657591294013,4.5,2016-11-15 04:37:38.305331295,824
-41.7445121291622,174.22098361843967,4.1,2016-11-18 22:44:31.393352039,824
-41.71410208121372,174.27140360235538,4.3,2016-11-14 00:06:38.990196058,824
-42.52381350566264,173.3293129744388,4.6,2016-11-16 15:12:48.458125847,824
-38.08798294445606,179.3296140828228,4.5,2016-12-08 21:35:39.032937,825
-37.7447355037777,179.23851282726002,4.3,2016-11-30 03:04:39.248403225,825
-37.01616543759184,178.80416767196456,4.7,2016-11-23 20:06:40.322794359,825
-41.78889593968198,174.22516709397524,4.5,2016-11-15 00:16:09.218786465,825
-42.515142743656,173.81966634435528,4.5,2016-11-14 22:19:14.341034088,825
-41.69192558878272,174.20642306410193,4.2,2016-11-17 18:01:12.049032678,825
-41.73574973217885,174.34784023122145,4.9,2016-11-14 02:23:47.814201326,825
-42.36132069249605,173.90166409605635,4.2,2016-11-15 09:38:13.897427463,825
-42.26598241444744,173.70531862903562,4.2,2016-11-14 11:42:18.076550021,825
-36.960948624104354,177.84677652615997,4.1,2016-12-13 13:49:49.060339,826
-43.198230916654815,171.43553814293483,4.5,2016-12-08 02:00:56.270397672,826
-37.10467350879549,179.24633464845832,4.2,2016-11-15 11:40:29.551338160,826
-42.249702166541695,173.6716890572195,4.6,2016-11-15 12:21:16.789502880,826
-41.888226404506575,174.40582066494298,5.1,2016-11-15 19:25:38.752332818,826
-41.67062364492316,174.19124325117866,4.6,2016-11-27 03:12:29.647011473,826
-41.70069137812472,174.32093777665025,4.4,2016-11-16 07:59:16.483611551,826
-42.67059471656695,172.7866769742801,4.3,2016-12-11 10:19:23.099315777,826
-38.61621972876471,175.8983791958409,4.1,2016-11-24 10:56:22.789371250,827
-42.80042429780922,173.2073529963566,4.1,2016-11-14 04:10:18.731780518,827
-42.38070784863319,173.37827953262365,4.1,2016-11-14 16:15:22.220243316,827
-42.6004108251484,172.98573100453473,4.1,2016-11-18 16:56:35.733911932,827
-41.98017056287564,174.0642907299786,4.5,2016-11-27 23:29:35.398788728,827
-42.14500705499685,173.6239605225005,5.2,2016-11-14 20:11:31.646547765,827
-42.19758687117459,173.57091160316185,5.0,2016-11-14 20:17:08.066269669,827
-37.83143738206317,179.05104724988053,4.3,2016-11-27 00:10:15.184952,828
-37.0213404031917,177.36274750814536,4.6,2016-12-10 11:12:47.918810,828
-35.81329767367695,177.77006958399366,4.2,2016-11-21 22:38:12.224014964,828
-41.976756304779215,173.60244419989658,4.1,2016-11-14 20:55:13.533266288,828
-36.89967941839211,178.9905592233752,4.1,2016-11-21 16:04:17.555115899,828
-42.338636150342346,173.86811992117424,4.7,2016-11-16 21:11:11.323186966,828
-40.56335606638816,176.04346872080072,4.8,2016-12-09 18:36:46.761700,829
-43.27227410514836,172.49538466097098,4.3,2016-12-13 07:50:40.708909884,829
-42.45250982205312,172.92563114229182,4.8,2016-12-03 07:22:36.679957202,829
-41.988895483850506,174.55189955484062,4.5,2016-12-08 19:38:14.725892281,829
-42.45140506911217,173.76761348375118,4.3,2016-11-24 00:06:50.636796122,829
-41.66407829751337,174.25948922092803,4.2,2016-11-20 20:48:26.855675160,829
-41.84780665313352,174.1341186203955,5.0,2016-11-25 03:52:20.176482520,829
-41.875166419907046,174.01485508311683,4.6,2016-12-02 20:43:49.618284916,829
-42.64167042927984,172.87116336203246,4.1,2016-11-21 10:14:28.121914650,829
-41.75663761101085,174.2211470405365,4.1,2016-12-03 05:51:15.741641054,829
-42.50695308399443,173.24469517740667,4.8,2016-11-15 05:32:19.495027211,829
-42.685643432603705,172.81916131665585,4.3,2016-11-14 20:44:35.746685760,829
-42.51281356170577,173.23122102258293,4.2,2016-11-19 22:12:42.234703730,829
-42.50346487418496,173.2593699845993,5.2,2016-11-20 08:18:46.280217424,829
-43.510269039530975,172.83952556464058,4.2,2016-11-18 21:35:06.932625895,830
-42.61925131511789,172.97541541303858,4.2,2016-11-15 00:24:49.382192996,830
-41.82372986683527,173.98813999725667,4.4,2016-12-05 13:50:30.252728233,830
-41.84290725231664,174.09433736628122,4.7,2016-11-14 20:41:10.680460971,830
-42.56246026702416,173.03711886610614,4.9,2016-11-14 00:11:24.830265867,830
-41.80714539883535,174.09785647144565,4.6,2016-12-13 02:30:34.852897817,830
-36.976156690512525,176.81202869000828,4.4,2016-11-16 06:25:30.450877,831
-44.766871418950544,166.52027489057124,4.3,2016-11-25 03:39:59.464140,831
-44.76059540518954,166.52692258939038,5.3,2016-11-25 08:05:13.989015929,831
-37.13180386879789,179.26103976341236,5.1,2016-12-11 13:52:34.207643543,831
-37.079358462346455,179.15170098455457,4.2,2016-11-23 12:47:41.452268085,831
-42.78274697352758,172.8374415819922,4.5,2016-11-20 02:36:47.029516429,831
-43.03985934634052,174.10797559793733,4.4,2016-11-15 18:01:33.389901610,831
-41.59363075812149,174.39425021744992,4.8,2016-11-14 09:54:17.868728999,831
-42.3286934276489,173.9830709561423,4.1,2016-11-14 04:35:17.954872018,831
-41.78253067939653,174.2111720046895,4.1,2016-11-15 22:58:22.132798784,831
-42.54034538458919,173.11372527764675,4.1,2016-11-19 19:07:57.999606360,831
-42.60052806160402,172.89381665628432,4.2,2016-11-16 23:38:50.356227720,831
-41.66704808361598,174.3054445688078,4.4,2016-11-14 06:59:14.881044529,831
-42.5815472382113,173.15098790788866,5.0,2016-11-16 07:20:38.920451978,831
-41.67736694300575,174.2752742586537,4.1,2016-12-13 17:06:13.470061596,831
-37.27620970468551,176.7748658895256,4.1,2016-12-03 10:50:13.990049,832
-43.497859610514624,169.85117356451985,4.7,2016-11-18 10:44:21.712839670,832
-42.61698186032925,172.3726272378296,4.8,2016-11-14 19:23:08.822430667,832
-42.51485552570955,173.15898020791113,4.4,2016-11-15 10:37:35.026838399,832
-41.63805333736248,174.26783960774844,4.2,2016-11-15 17:49:00.225013208,832
-42.21078252474254,174.03547468660258,4.8,2016-11-14 00:18:42.628716128,832
-41.78627834124579,174.22072202141464,5.0,2016-11-16 18:44:45.784339711,832
-42.50944176821883,173.2360285253569,4.9,2016-11-22 23:03:36.789118112,832
-41.74955181510278,174.3635124775107,5.0,2016-11-15 10:19:59.067375282,832
-42.20456200468895,174.0019717763725,4.1,2016-11-14 07:15:33.729573425,832
-39.86461255962918,176.48623088916997,4.7,2016-11-14 01:17:17.798935,833
-35.98611250011311,179.3860265693914,4.6,2016-12-04 18:44:20.159824,833
-39.92430787140369,176.595652214375,5.2,2016-12-02 05:37:46.894396121,833
-42.90116997570828,172.97910684964216,4.1,2016-11-23 05:11:49.985341751,833
-42.61611410719972,174.00308899152978,4.2,2016-11-27 10:35:27.264133977,833
-42.05786715705376,173.8184984819343,4.7,2016-11-17 05:06:31.098611602,833
-42.138511454168246,173.8366879346582,4.5,2016-11-14 23:34:26.685053419,833
-41.73851971316339,174.24135754470598,4.3,2016-12-05 03:08:35.618811622,833
-41.96962811688103,173.67421344303813,4.8,2016-11-20 20:41:32.538573592,833
-42.482714967550855,173.22916012827048,4.2,2016-11-14 23:04:15.379063013,833
-42.50101969294154,173.4153027690496,4.2,2016-11-18 06:31:10.485457217,833
-42.777473925205,172.68522230065506,5.5,2016-12-02 16:06:32.567333353,833
-41.69850717811743,174.3552179746906,4.1,2016-11-16 04:47:40.741282705,833
-41.78584558396273,174.1427355462331,4.1,2016-11-14 02:46:04.282614587,833
-42.44678174454896,174.103416455916,5.6,2016-11-18 11:40:54.995647399,833
-37.00802471947873,177.4718112356875,4.2,2016-11-21 04:06:57.805102,834
-44.517903840301926,168.21909764744785,4.5,2016-11-26 12:12:00.056445,834
-43.13266569974103,175.4006211484786,4.1,2016-11-16 05:35:19.747047357,834
-37.080693941703245,177.98657234788854,4.2,2016-11-16 13:32:58.277664685,834
-43.23584445782395,172.9683805043407,4.2,2016-11-15 03:32:38.501880072,834
-42.63936949441213,172.85551401161277,4.2,2016-11-22 04:44:15.995364819,834
-41.729109605883714,174.21442293138665,4.1,2016-11-25 03:24:04.443150790,834
-41.72014141573505,174.41833156398874,4.1,2016-11-14 05:06:46.821778171,834
-41.50863047923272,174.44978892173123,4.6,2016-11-14 11:29:20.540731523,834
-41.81267353126318,174.09396754343376,4.4,2016-11-16 15:44:37.179945190,834
-42.27243710225213,173.64724230276497,4.1,2016-12-03 07:35:10.601232808,834
-42.2409650989535,173.5127423725356,4.2,2016-12-01 07:39:08.850524222,834
-41.97603183229264,173.9733527638985,4.2,2016-11-16 00:13:17.245026252,834
-42.64171215970091,172.7722392029704,4.5,2016-11-15 04:35:51.561914763,834
-42.65766341706016,172.7774881981143,4.4,2016-11-22 10:42:27.130140230,834
-42.255447740043095,173.4287268978334,4.1,2016-12-09 07:39:20.447930065,834
-37.15330611968975,178.72128086548645,4.7,2016-11-19 09:41:28.855265837,835
-42.21570469759242,173.69193537557678,4.5,2016-11-18 08:50:32.124936641,835
-42.287254240476855,173.74693785556582,4.1,2016-11-14 18:12:32.557870616,835
-41.79831605710176,174.19166681888862,4.2,2016-11-18 14:13:06.183836055,835
-41.303770139523245,173.88648559797073,4.5,2016-11-14 02:44:39.372204101,835
-42.618256706310525,172.84112855368457,4.1,2016-12-02 00:44:21.527560111,835
-41.84679619947716,173.90361351453123,4.8,2016-11-14 08:56:18.502117,835
-42.41664178906829,173.70603479860466,4.4,2016-11-14 12:31:31.524073049,835
-42.399357361282775,174.26082898544382,4.1,2016-11-14 10:06:41.301427519,835
-41.80019415285772,174.38171893278883,4.1,2016-11-14 18:21:54.255562289,835
-41.8159464787327,174.0156407060099,5.0,2016-11-18 15:56:51.302741736,835
-42.56117317758954,173.77653155727822,4.2,2016-11-28 20:40:42.485473571,835
-42.33054798940306,173.12894281135212,5.7,2016-11-14 01:03:56.566510503,835
-42.61010503226349,172.74977817757852,4.6,2016-11-14 06:15:28.485335027,835
-39.58273018481429,173.66717521836102,4.7,2016-11-26 04:10:55.786500,836
-42.82296085074217,172.95231830626204,4.9,2016-11-16 05:45:13.123006226,836
-42.08193607502557,173.7134679727534,4.1,2016-11-25 16:01:18.617742080,836
-42.152117099351415,173.44445409529462,4.4,2016-12-06 09:48:53.822814693,836
-41.78793846809857,174.07396029762094,5.7,2016-11-30 17:12:50.263736787,836
-42.05815344393824,173.897338560141,4.3,2016-11-17 11:15:44.007363515,836
-42.62255820598824,172.8116624325333,5.2,2016-11-17 09:39:51.015627184,836
-41.86280418603021,173.9476283334761,4.1,2016-11-23 17:43:45.550217303,836
-42.52893588165104,173.81018570354368,4.3,2016-11-26 23:02:46.752631078,836
-41.969597736730286,174.07795446826637,4.1,2016-11-15 02:22:50.226138655,836
-39.71068390974947,174.3417264576788,4.3,2016-12-06 21:33:37.987569,837
-37.78699085122111,176.50453959856188,4.4,2016-12-08 06:19:50.567959,837
-36.89386782796908,179.19732034677213,4.3,2016-11-21 02:22:25.778101186,837
-36.08207583249423,178.81074889486948,4.1,2016-11-24 19:20:43.743344401,837
-41.96577042636591,173.47736262325992,4.5,2016-11-16 09:27:14.495766741,837
-42.11804569532894,173.58720984495972,4.9,2016-11-14 00:02:51.453804140,837
-42.62681864174642,172.89184823947963,4.3,2016-11-15 09:22:56.167420419,837
-42.344045164534464,173.8475597038654,4.4,2016-11-30 12:59:29.237845808,837
-41.66902818716583,174.22231873506536,4.1,2016-11-24 01:41:23.359491204,837
-42.26350571781921,173.77655377976302,4.3,2016-12-08 08:10:11.528427576,837
-41.81641744687825,174.06912176719757,4.2,2016-11-15 09:01:48.533826851,837
-42.3693240904812,173.0156561912959,4.1,2016-11-14 13:08:02.355377310,837
-42.409940871227874,173.43352264857407,4.2,2016-11-19 16:51:33.637349275,837
-41.74865174073149,174.30749758683586,4.2,2016-11-15 23:44:53.168898880,837
-42.50277646009621,173.97175415151312,4.2,2016-11-22 15:50:16.410540614,837
-42.53159811362976,173.4618988672783,4.6,2016-11-14 03:45:13.202189471,837
-41.63471076588559,174.22327489373032,5.3,2016-11-24 01:46:44.644134977,837
-41.60161152993928,174.18441236933916,4.8,2016-11-24 04:09:46.936287366,837
-37.53789171477136,179.52345759967469,4.1,2016-11-15 04:58:09.256855968,838
-42.62222510098697,173.53973242004218,4.1,2016-11-21 00:03:10.514370148,838
-42.23844538293246,174.28911711675048,4.4,2016-11-15 10:09:07.335550062,838
-41.800429900994814,174.39368922970922,4.8,2016-11-15 03:05:22.053554510,838
-42.22055379610271,173.331805692181,5.0,2016-11-17 14:18:54.037326231,838
-42.45489173476557,173.3062168169621,4.4,2016-11-19 16:43:00.970819292,838
-42.316699541162976,173.64285798948444,4.1,2016-11-14 17:35:49.633238320,838
-42.16232052915232,173.84428152018526,4.4,2016-11-15 21:49:54.403127704,838
-41.62997621702489,174.36805590368832,4.3,2016-11-15 21:02:13.747624091,838
-42.33469711430655,173.91381215805845,4.4,2016-11-23 21:56:46.686867117,838
-41.64821644221053,174.3302021486803,4.7,2016-11-15 07:08:33.268989312,838
-42.460665787397794,173.39709506606098,5.1,2016-11-17 15:03:05.947762003,838
-43.59859476503289,172.26027263538845,4.2,2016-11-18 13:46:57.818919,839
-38.80995100132883,175.22188186204522,4.2,2016-12-12 17:50:59.063649,839
-36.15541894879219,179.71358894987566,4.1,2016-11-30 22:33:49.669807863,839
-41.89920886827971,173.8651161002307,4.3,2016-12-01 14:16:10.138672517,839
-42.30115134847525,173.8570826809287,4.2,2016-11-17 06:49:18.991605311,839
-42.13827293654593,173.6049274694853,4.5,2016-11-26 03:28:16.218209448,839
-41.97970209833411,173.60283481113055,4.1,2016-11-25 04:29:57.317785058,839
-42.41840934768153,173.1568726055815,4.6,2016-11-14 14:32:28.424183635,839
-41.69424051809975,174.24219160971637,4.2,2016-11-14 20:05:51.500343995,839
-41.70070837449342,174.27289011195933,4.2,2016-11-14 01:49:24.453826737,839
-42.25291912344114,173.94199185828654,5.0,2016-11-14 07:49:02.333674728,839
-42.427615475596994,173.18253796091696,4.7,2016-11-18 15:46:22.840661603,839
-40.79821842558104,175.38791144460566,4.6,2016-12-08 06:38:46.556873,840
-37.89199843257741,176.4719847670021,4.2,2016-11-16 11:59:16.408841212,840
-44.881363559264926,174.95241347571698,4.1,2016-12-03 04:00:29.211054905,840
-42.65265744833816,172.9059263531183,4.1,2016-12-13 00:02:49.712928185,840
-42.40948292688263,173.6636832857459,4.1,2016-11-15 07:18:48.217099857,840
-42.30853162476841,173.82517071554742,4.1,2016-11-14 15:00:31.476934996,840
-41.75466085938228,174.19588201658573,4.3,2016-11-15 08:25:27.919801976,840
-42.15233773179448,173.58930423933998,4.2,2016-12-07 09:29:24.521422824,840
-42.45121406529064,173.07038357736158,4.1,2016-11-19 07:16:27.260823114,840
-41.78470988493344,174.37871814633638,4.3,2016-11-21 02:25:02.599947704,840
-41.97109797712776,174.02848229164243,4.1,2016-11-14 00:29:32.983164510,840
-41.800639748128845,174.1320554548222,4.1,2016-11-19 19:16:25.919438606,840
-42.46035873608941,173.2632000582886,4.7,2016-11-29 21:13:01.734538426,840
-42.3623616221988,174.04119634507774,4.1,2016-11-14 21:55:28.619624048,840
-42.67823968419263,172.7121557777588,4.1,2016-11-27 10:07:57.152019307,840
-42.03865640150679,173.67266131247376,4.4,2016-12-11 23:42:37.254649416,840
-38.49241585055681,175.50245698688363,4.2,2016-11-15 05:51:49.823592,841
-37.02635248498618,176.89565031014638,4.1,2016-11-24 13:09:14.817500,841
-36.31807376408089,177.38825889185054,4.2,2016-12-08 22:36:53.824177914,841
-41.8520320352302,173.9649961841529,4.2,2016-11-24 21:45:13.568090899,841
-41.76477100184679,174.45325293140365,4.3,2016-11-15 17:09:24.488137354,841
-42.60214380439668,172.82489252392398,5.0,2016-11-17 20:13:57.138063760,841
-42.39801772822429,172.2670936540763,4.9,2016-11-14 00:11:50.423525964,841
-42.57971927140698,172.62148217815258,4.3,2016-11-16 08:20:15.342990082,841
-42.35057059648366,173.51271886357677,4.8,2016-11-26 23:28:07.364733167,841
-41.565206183495775,172.8867208209134,4.3,2016-12-08 13:51:35.721896838,842
-36.9305198882226,179.12143347044486,4.1,2016-11-15 00:40:44.792500509,842
-42.74252749756648,173.166707790053,4.4,2016-12-01 08:28:17.080622547,842
-42.58165965332665,173.02439084681865,4.2,2016-11-19 21:08:12.145491706,842
-41.83710687647029,173.87432435768363,4.1,2016-12-11 12:17:13.853010369,842
-41.77799194058692,174.21642353159064,4.6,2016-11-14 22:02:54.511694890,842
-41.86788127156447,173.88629263821,4.1,2016-11-16 16:33:09.045615200,842
-41.82300223564644,174.21938868846112,4.1,2016-11-16 20:52:31.216993640,842
-41.73895291837751,174.26404487719344,5.3,2016-11-15 11:57:50.164971930,842
-35.4537109770436,178.61918947221315,4.1,2016-11-15 16:55:37.903850,843
-42.51601735245391,172.886145031375,4.1,2016-11-14 04:59:32.028656476,843
-42.49970387366304,172.9460489087648,4.5,2016-11-15 12:54:55.444456682,843
-41.80549043220096,174.37058828599052,4.6,2016-12-01 17:12:16.990075655,843
-41.650413044731,174.0690195190702,4.1,2016-11-20 04:23:27.944421461,843
-41.74647153097425,174.2804936075246,5.3,2016-12-01 05:57:48.969108828,843
-41.87797254787251,173.93385219322687,4.4,2016-11-14 04:10:53.406284155,843
-42.26836879636048,173.67966423120384,5.0,2016-11-24 08:28:40.296952167,843
-41.86412706375455,174.0218530344749,4.4,2016-12-03 15:50:57.928076650,843
-41.71580225431008,174.21934578534112,4.4,2016-11-28 00:30:47.578031567,843
-42.56907044339556,173.36779279820297,4.2,2016-11-14 03:53:23.748932435,843
-41.75163454797726,174.3232549386014,4.1,2016-11-17 13:37:51.230818488,843
-41.73237532690667,174.19140948784195,4.2,2016-11-24 20:43:44.017265991,843
-35.07312198495226,173.81751140238515,4.9,2016-11-23 09:50:24.325428,844
-38.840228937090046,176.2242948388457,4.3,2016-11-24 08:41:04.718843,844
-35.57902401378372,178.79224404555782,4.2,2016-12-03 21:23:39.444254865,844
-37.79296377637954,177.15907047334952,4.1,2016-12-11 22:04:36.697633247,844
-42.78690914733586,172.89594593994192,4.3,2016-12-01 06:46:05.934298276,844
-42.47427102289047,173.97381783843852,4.1,2016-11-30 03:51:14.436548308,844
-42.55583934412721,172.85340940698825,4.1,2016-11-25 23:41:08.849203786,844
-41.92876229248317,174.32512465713535,5.2,2016-11-14 06:19:44.566039061,844
-41.65183920712576,174.35180816383118,4.2,2016-11-24 11:27:00.123303176,844
-42.53145641119936,173.41343067057986,4.2,2016-11-14 06:22:47.079066353,844
-42.13113081390809,173.58648135601226,4.8,2016-11-14 11:16:25.324597031,844
-41.84966963995851,174.09685343117323,4.3,2016-12-09 07:18:54.939698348,844
-42.61483334633017,172.85149277910202,4.2,2016-11-14 04:13:07.414659364,844
-41.95674372702859,174.05009647779497,4.2,2016-11-15 15:18:36.242382251,844
-41.97893150047983,174.0423455590127,4.4,2016-11-14 19:12:35.400813128,844
-42.36770530496495,173.33718703159354,4.1,2016-11-24 18:52:20.685274531,844
-41.81092842293068,173.54748214365375,4.5,2016-11-14 15:33:34.508679775,844
-41.87821720267589,173.97672930897852,4.6,2016-11-14 03:49:50.448367925,844
-42.54690047277625,173.12221450418355,4.2,2016-11-14 00:23:50.050964825,844
-46.08549674506065,166.07893927408517,5.2,2016-11-28 17:05:19.027970,845
-37.402061240124674,176.63894839655146,4.2,2016-12-07 01:06:30.812027,845
-42.6204684959954,172.99552669389257,4.4,2016-11-16 05:22:18.010737944,845
-42.05852871009524,173.42498618511377,4.1,2016-11-15 07:47:10.929982330,845
-42.21719458622509,173.67506650508122,4.1,2016-11-21 12:01:55.308929218,845
-42.482958287157125,173.65003802267188,4.7,2016-11-14 10:49:37.513204171,845
-42.16413213106992,174.0064617628788,4.1,2016-11-15 06:52:27.069725200,845
-41.42926256366029,172.94024626545297,4.3,2016-11-24 22:25:12.790185,846
-37.79091268190965,178.17475340635303,4.1,2016-12-02 06:58:28.566788,846
-37.00633107674164,178.8614490263392,4.8,2016-12-10 19:18:21.978072733,846
-41.8871540212237,174.01439696419655,4.3,2016-11-14 16:07:30.004029497,846
-42.5191246187545,173.2866541204821,4.2,2016-11-15 00:00:00.477796891,846
-42.08888933421521,173.6764518697132,4.4,2016-11-14 01:05:17.740396336,846
-37.24977901316271,177.29429399878802,4.3,2016-11-27 12:31:24.091318,847
-42.87581985181928,172.61330232397802,4.3,2016-11-30 21:44:32.813598840,847
-41.823020145482936,174.35990073741783,4.3,2016-11-21 05:23:16.475400229,847
-41.80441056404205,174.167239049006,4.5,2016-11-25 04:27:33.771229103,847
-42.02956288005306,173.85650363086134,4.1,2016-11-14 17:49:09.425828910,847
-42.10155264181366,173.69936219341062,4.4,2016-11-15 11:01:58.187610826,847
-42.11994008315739,172.91504957565377,4.4,2016-11-14 12:31:27.742461150,847
-42.355791967534735,173.1362281659172,4.3,2016-11-14 04:05:47.494210765,847
-41.62725870831464,174.26067963636316,4.5,2016-11-15 01:20:19.946567768,847
-45.056736620513576,167.92559085634835,4.2,2016-11-18 06:10:59.434659,848
-35.57310374038639,178.41236902650505,4.8,2016-11-23 12:03:22.648481,848
-36.90434922471541,178.77719182170918,4.4,2016-11-26 12:26:41.312872,848
-36.54123454802109,177.62914262497767,4.2,2016-12-01 04:40:02.845297239,848
-42.464297006645495,173.90309725169945,4.7,2016-12-01 19:13:11.053494879,848
-42.58372161194099,173.75947495643402,4.2,2016-11-14 19:57:16.295727748,848
-42.32809581966575,173.65326102807603,4.6,2016-11-18 15:56:55.359483194,848
-42.58456086259342,172.70224945720776,4.5,2016-11-16 21:11:50.443778659,848
-40.56705166623572,176.8385273483831,4.2,2016-11-24 17:38:54.825323,849
-46.20368931205317,165.3786798962502,4.4,2016-11-27 01:04:11.353074,849
-40.0700774809455,173.51601854454051,4.5,2016-11-30 07:48:58.359339,849
-36.93470467368626,176.7614913195102,5.0,2016-12-13 21:04:24.396835,849
-38.65929804905974,178.75885639346086,4.8,2016-11-24 17:34:27.343359286,849
-42.41188867203902,172.85523457896815,4.7,2016-11-28 20:32:21.286121878,849
-41.679188034022,174.22972551866093,4.2,2016-11-15 13:59:53.278680527,849
-42.20033586718739,173.63696184441395,4.2,2016-11-14 07:43:23.341442779,849
-42.13021480136695,173.6237302927939,6.8,2016-11-30 09:36:20.720702297,849
-41.89168015263137,174.3047701542195,4.5,2016-11-15 14:40:24.666050526,849
-36.87031004007885,179.1055776820419,5.7,2016-11-14 22:14:56.244540253,849
-41.808423070397225,174.216345889951,4.4,2016-11-14 12:34:34.459926829,849
-42.26141006760652,173.7012771368566,4.2,2016-12-03 23:36:05.244236120,849
-41.720334649169786,174.30132418621426,5.1,2016-12-05 03:42:20.846111944,849
-41.78398562902749,174.17052686869528,4.1,2016-11-17 06:25:49.047741182,849
-41.71040119817116,174.2224848268757,4.1,2016-11-14 00:51:09.401155940,849
-41.15612225728911,174.55975199796595,4.3,2016-11-17 18:10:48.840315,850
-40.27365045030464,174.56594953354605,4.5,2016-11-30 08:53:46.390582798,850
-39.25272665788236,173.71714320135507,4.8,2016-12-08 13:59:41.907457107,850
-35.86678361527411,178.67211403568425,4.4,2016-12-04 08:00:44.525399695,850
-41.02874627954628,174.5838864299398,5.1,2016-12-06 15:39:15.980412012,850
-42.07328611733733,173.19783286325526,4.2,2016-11-18 11:09:00.458891194,850
-42.51373504164423,173.2933773470861,4.1,2016-11-17 13:56:19.319138961,850
-42.21246624252595,173.69891186097385,4.3,2016-11-16 06:16:02.916098946,850
-41.84099640277411,174.19815330250353,4.1,2016-11-23 21:46:13.192618907,850
-41.69334349144727,174.32767792344296,4.3,2016-11-15 07:13:14.110094792,850
-41.71010786325058,174.25808630775532,4.2,2016-11-15 11:11:40.855733101,850
-41.64388378643061,174.16143798297983,4.4,2016-11-15 11:17:29.051544334,850
-43.192050879679456,171.02429927506344,5.1,2016-11-20 09:14:25.780059,851
-37.86129210827525,176.47274529932005,4.2,2016-12-05 19:13:18.112483,851
-36.43385236308495,177.7135397443355,5.3,2016-12-12 05:52:50.033518,851
-45.79247465190932,166.96116836528523,4.4,2016-12-13 12:26:01.651127,851
-41.7292146478356,174.4061492785112,4.4,2016-12-08 13:53:19.988023207,851
-41.974698449460334,173.62063288047975,4.5,2016-12-11 17:48:01.291324751,851
-41.9611810634412,174.24582578632769,4.2,2016-11-21 11:41:10.365481899,851
-42.2184824810676,173.82455123275844,5.1,2016-11-14 17:48:20.694084963,851
-42.3087802935504,173.73504225836334,4.3,2016-11-14 13:32:25.607830860,851
-41.75354794613485,174.1485283855606,4.3,2016-11-14 17:42:23.918670900,851
-42.36983140191271,173.91940694368188,5.0,2016-11-17 18:51:47.523239650,851
-42.05796714068352,173.60928694318062,4.5,2016-12-03 15:06:56.437293336,851
-41.87102708878423,173.9454864954769,5.9,2016-11-17 14:59:03.064696992,851
-42.54716060883514,173.15627263118174,5.3,2016-11-14 00:11:03.500280795,851
-41.92727691641215,173.79360259771727,4.3,2016-12-11 20:20:23.880307521,851
-40.32833319666501,173.3806246777016,4.6,2016-11-23 08:52:41.795782,852
-36.96435647666756,177.35461121163598,5.0,2016-11-29 08:32:02.427355,852
-39.03207247847071,175.83321855012386,4.5,2016-12-05 11:53:33.930002,852
-37.40610997574653,179.5027398002322,4.1,2016-11-19 05:57:10.690511968,852
-36.07793923379776,179.41631982757414,4.2,2016-11-18 13:53:31.744017833,852
-42.40116772475671,173.13287415289335,5.2,2016-11-14 15:07:05.981442049,852
-42.19622000789483,173.632327068965,4.2,2016-11-20 14:24:03.789809972,852
-42.04047769916778,174.0623918520691,4.1,2016-11-16 19:58:18.079014587,852
-42.370541209877935,173.807135919206,4.1,2016-12-09 00:32:49.667005221,852
-46.56112526000971,166.48397866684243,4.1,2016-11-21 00:40:04.699845,853
-37.39289789990889,177.64837459257743,4.5,2016-12-13 12:41:06.077805,853
-36.07354538097212,178.81281503859208,4.2,2016-11-30 04:56:09.100563982,853
-39.27113179629721,173.7687440357981,4.8,2016-12-01 13:35:59.358408835,853
-42.352806778301776,173.5851687169613,5.6,2016-11-16 19:53:33.480807377,853
-41.7106946998064,174.28606653023203,4.1,2016-11-21 04:40:39.474701733,853
-42.39431708124573,174.22502685454265,4.1,2016-11-14 23:39:35.406605920,853
-41.71383731399911,174.2888734590303,4.1,2016-11-15 09:32:36.875744963,853
-42.48639180488058,173.31374757931903,4.1,2016-11-14 02:05:48.429627851,853
-39.53742018802728,176.8628447919035,4.4,2016-11-15 14:16:47.574210,854
-38.27182979257826,176.33528300539143,4.4,2016-11-17 18:39:18.136907,854
-47.47332369808802,165.03163224368149,4.1,2016-11-29 18:27:23.125635,854
-35.28527253710157,178.90389616960115,4.5,2016-11-15 00:45:38.034549487,854
-37.74303790782864,179.4325332011308,4.2,2016-11-29 18:52:44.247655437,854
-42.26878571728978,173.75271571469128,4.4,2016-11-25 04:32:05.736391536,854
-42.56016077821556,173.2188175853759,4.1,2016-11-14 00:35:33.084076496,854
-41.78321563632627,174.05177631514138,4.9,2016-12-03 02:49:19.942158227,854
-42.597854630919336,172.75779316599906,4.1,2016-11-23 21:56:16.400100655,854
-41.85769876917255,174.00923854729533,4.1,2016-11-14 00:09:13.669775377,854
-42.10490636964734,173.90431407933855,4.3,2016-11-27 09:07:12.490361569,854
-42.52636417139484,173.15587425378587,6.0,2016-11-14 02:29:50.521921670,854
-37.545658547292746,176.93790923199427,4.2,2016-11-21 02:03:10.285322,855
-38.43495951104366,175.73027451656966,5.3,2016-12-10 11:48:22.924101,855
-38.56717985919175,175.34055222580128,6.8,2016-11-19 12:33:51.477621392,855
-37.35893862736352,178.88683304985614,4.2,2016-11-18 04:06:15.508685964,855
-42.58869022022723,173.0962047494287,4.4,2016-11-25 19:57:57.681140051,855
-42.00288476857339,174.04919876722005,4.2,2016-11-14 19:08:45.180746122,855
-42.2336374685377,173.68707085800915,4.3,2016-11-14 07:21:46.641273005,855
-42.58259827483324,173.5654573372435,4.6,2016-11-29 13:38:36.683155240,855
-41.7012294972592,174.19388370690857,4.6,2016-11-15 06:44:27.688387199,855
-42.52316910304455,173.16068078116945,4.2,2016-11-22 01:20:44.871417850,855
-42.21355463082189,173.93022361040363,4.2,2016-11-17 23:26:11.399660755,855
-41.723143634153,174.25162675332774,4.8,2016-11-18 12:24:05.455983461,855
-42.432929156230514,173.82276657894786,4.1,2016-11-27 09:52:57.875802312,855
-42.53507272611923,173.98464887136646,4.5,2016-11-15 07:52:32.464346845,855
-42.23952466536634,173.602153734745,4.9,2016-12-05 23:03:31.797491182,855
-41.87869822371778,174.26587732145663,4.3,2016-11-17 23:10:03.941966800,855
-42.329179196329925,173.94875469023714,4.2,2016-11-14 04:55:23.021709596,855
-42.34757550281183,173.98925067514276,4.4,2016-11-14 01:01:56.542889501,855
-42.58259402848689,172.62559505802247,4.1,2016-11-24 16:50:29.827811257,855
-42.41428028222928,173.5450837375173,4.3,2016-11-14 02:30:17.326180396,855
-37.79896008285675,179.49897642480366,4.2,2016-12-09 21:55:15.468052123,856
-36.83465194897262,179.30260856102575,4.3,2016-12-04 14:49:48.027046785,856
-37.2090017239017,178.8419121012836,4.1,2016-12-06 13:34:09.598518296,856
-42.62524261867244,172.9493951977573,4.1,2016-12-07 00:07:36.985583330,856
-42.17188639257246,173.4056680910541,4.1,2016-11-14 19:41:33.847939879,856
-42.30710332595841,174.1393713286174,4.5,2016-11-15 22:31:02.318314308,856
-41.762445713838446,174.20381681564984,4.4,2016-11-18 03:58:18.132978532,856
-41.69391550420969,174.20601491332425,4.8,2016-11-20 12:55:19.295606327,856
-46.23439771355093,167.20623088007474,4.4,2016-11-17 21:32:31.877644,857
-37.59224690099204,179.0370972513061,4.2,2016-12-04 04:58:07.989534,857
-36.1098791957321,179.08666094659353,4.1,2016-12-08 21:04:27.113528,857
-45.08701778929504,166.47113025968622,4.1,2016-12-13 07:17:02.860980,857
-45.01431349709504,166.5879722244359,4.3,2016-12-13 12:16:42.733083025,857
-41.6716627233992,174.14483755371162,4.1,2016-11-18 17:41:49.427035928,857
-42.663108588371685,173.22712737520467,4.7,2016-11-18 20:55:49.751932540,857
-42.304791910040144,173.7137261852232,5.0,2016-11-14 12:16:48.574182862,857
-36.63323121692211,177.46724995704773,5.0,2016-11-17 13:31:00.524916,858
-41.87329279182543,171.77305248998357,4.2,2016-12-11 20:59:27.511698,858
-38.73802901627918,178.03280396905464,4.2,2016-11-21 05:05:44.316050054,858
-44.97432923463616,168.27020640553377,4.2,2016-12-12 09:50:51.620212725,858
-37.27245850614338,178.98746331748526,4.4,2016-12-07 05:22:33.994790052,858
-45.15526925915833,167.56782162670368,5.1,2016-11-25 20:39:45.303308058,858
-42.3016366857682,173.66297417410175,4.1,2016-12-02 00:05:58.790885641,858
-42.148055158300856,173.65018615637896,6.0,2016-11-27 05:05:36.518017836,858
-42.270184297629726,173.71612952344898,4.3,2016-12-08 19:16:46.922660560,858
-42.45698608163537,173.40405058750972,4.2,2016-11-17 07:29:37.737638513,858
-39.55431618743778,174.15274098332378,4.1,2016-12-05 15:41:14.928917,859
-38.40408428411924,176.4538916761467,4.5,2016-12-11 03:14:34.884785,859
-42.00466786491024,173.80980836037386,4.4,2016-11-28 22:23:45.348880992,859
-41.97614749748905,173.7316787967642,4.5,2016-11-23 08:29:45.101247834,859
-42.19390825002227,173.68582817533937,4.8,2016-11-14 06:50:43.618446888,859
-42.19653796580038,173.64270756626215,5.1,2016-11-22 10:12:18.375225555,859
-41.34556459865957,174.4660634268953,4.1,2016-11-16 18:05:38.757000590,859
-42.282115603810304,173.7026677419039,4.3,2016-11-15 00:43:07.106898954,859
-42.39354482113748,173.26343857579778,4.2,2016-11-14 10:54:29.333525402,859
-36.64549324461918,176.86927375782068,4.2,2016-11-15 13:43:34.378478,860
-39.15992139336139,174.7150958862656,4.7,2016-11-24 19:57:23.948606,860
-37.82769586068464,179.26534693883025,4.1,2016-11-27 07:11:18.128973,860
-38.761211940554055,175.25030753786075,4.3,2016-12-10 03:55:00.276416,860
-37.06266602250769,179.1524108582159,4.6,2016-11-19 16:17:04.179399689,860
-36.113139969072286,178.81001827691156,4.4,2016-12-13 15:39:33.288902318,860
-41.7175942931943,174.38125786919667,4.2,2016-12-09 13:19:35.723951909,860
-41.71820685313489,174.306458188848,4.8,2016-11-22 00:33:59.410461678,860
-41.65543236203828,174.17199253645617,4.3,2016-11-14 01:45:01.849483271,860
-42.55240669420292,173.76275137768806,4.3,2016-11-14 01:14:46.394132442,860
-41.78393664792622,174.19779820659218,4.1,2016-11-15 08:49:46.426269191,860
-35.656679770129706,178.70255222278254,4.1,2016-12-12 11:55:39.145245424,861
-42.3115038643416,172.85118991441442,4.1,2016-11-15 03:55:28.201264856,861
-41.72022252182128,174.18457184467647,4.4,2016-11-14 19:03:00.096436469,861
-42.3276445379824,173.40486612687337,4.1,2016-11-14 22:32:16.615955704,861
-42.3192105938633,173.99258815435053,4.7,2016-11-14 01:23:34.388363480,861
-42.656024439927,172.76054490661718,4.3,2016-11-14 03:11:20.106705893,861
-35.66260329019892,178.6959503889481,4.4,2016-12-12 11:59:37.218893291,861
-45.52457589084725,166.6626053834311,4.9,2016-12-02 07:15:19.292322,862
-37.04948039709394,176.76716355433044,4.2,2016-12-08 17:58:00.354074622,862
-41.73232830104188,174.30137897045688,4.6,2016-11-24 14:25:30.678586053,862
-41.91069081644503,173.91538125402388,4.5,2016-11-18 18:50:06.428732292,862
-41.732866308436655,174.40274092976978,4.2,2016-11-19 22:50:51.738930952,862
-41.87022092686466,174.16367226376246,4.6,2016-11-15 21:18:11.384008669,862
-41.709314999771465,174.20454777849804,4.4,2016-11-19 00:52:09.503006551,862
-42.127085803035015,173.69311906109786,4.2,2016-11-25 00:52:27.765522879,862
-41.57646826267396,174.07120568878167,4.1,2016-11-17 08:21:46.698240504,862
-42.66369052095484,172.89130607416524,4.4,2016-11-16 09:10:51.240467117,863
-42.67014043730998,172.79741618725026,4.5,2016-11-14 08:53:45.892180242,863
-41.772681505836566,173.73039845006585,4.2,2016-11-16 16:40:09.200177267,863
-41.9332316654769,173.78562406938826,5.1,2016-11-16 12:26:53.328787004,863
-42.306020593855656,173.43332137837274,4.2,2016-11-18 23:02:00.797212431,863
-41.92550422181771,174.23761674098918,4.1,2016-12-12 13:06:36.342215929,863
-41.853190452145896,173.92521819697913,4.1,2016-11-14 01:56:32.324645682,863
-41.78294908645203,174.28848799404955,4.2,2016-11-14 09:16:55.041450110,863
-37.52236363959426,176.89254544654918,4.7,2016-11-26 18:38:29.263708,864
-41.58884168427917,171.99975653623048,4.4,2016-11-27 22:49:23.763457,864
-38.02257649976216,179.43079165266195,4.1,2016-11-28 09:22:04.867071,864
-38.03983959358809,177.32843352259752,4.7,2016-11-30 16:37:09.466065,864
-37.71885609772006,179.88075659286102,4.2,2016-12-08 08:33:25.606668,864
-40.36635269038794,173.41549605648854,4.2,2016-12-13 19:09:48.056558,864
-45.17056617484143,166.71031645994594,4.1,2016-12-12 19:04:23.862737986,864
-37.427879136247526,178.93314431209345,4.5,2016-12-10 03:52:53.439038286,864
-36.92339041864912,179.1931597790749,4.2,2016-12-12 07:07:14.766774341,864
-41.97627523052055,172.65801773227437,4.1,2016-11-16 11:51:06.188758721,864
-42.1312456018429,173.68539929558716,4.9,2016-11-14 07:38:46.947942719,864
-42.2299221502326,173.54819318588932,4.4,2016-11-15 13:54:46.741574876,864
-41.82178614219868,174.31454923881674,4.3,2016-11-14 00:11:47.591480437,864
-42.28826721059888,173.87221916017106,4.4,2016-11-18 12:36:01.357077190,864
-42.639549707267264,172.79833816158705,4.2,2016-11-14 09:39:21.565744360,864
-42.66654417108178,172.72871608258023,4.6,2016-11-14 05:56:45.647256462,864
-41.89386924512809,174.40671459542747,4.1,2016-11-14 00:27:57.964731940,864
-38.60334434421755,177.17765702088474,4.3,2016-11-15 01:47:48.349537,865
-36.78063788420345,179.89714052487608,4.5,2016-11-22 02:47:59.589849,865
-39.04285780757517,175.00885854233294,4.2,2016-11-24 02:29:27.183622,865
-41.84945133549208,174.12250033203173,5.0,2016-12-10 09:39:15.845297,865
-38.49112269332209,175.7863256004247,4.1,2016-12-06 14:00:24.471000034,865
-37.3673877465756,178.99260318455734,4.1,2016-11-30 06:50:43.948017720,865
-37.08779560812911,178.94092833524377,4.5,2016-12-04 15:01:53.218671096,865
-37.390190818106376,178.78743564610804,4.1,2016-11-15 14:27:47.620739671,865
-42.48484345002824,173.79489499266526,4.1,2016-12-13 01:41:14.022105883,865
-41.66735788186998,173.96700403493355,4.1,2016-11-14 01:19:09.211871759,865
-42.40636242279435,174.04265896310838,4.1,2016-11-30 15:06:40.950588906,865
-42.348758833226746,173.76872537476984,4.4,2016-12-02 03:10:11.375388887,865
-42.17078277934509,173.64287586002231,4.1,2016-11-14 08:34:03.161871294,865
-42.32393713334929,173.44390642408982,4.2,2016-11-14 15:48:14.183766520,865
-37.48837706260527,179.42162820476534,4.1,2016-11-24 10:17:38.038408,866
-37.76048077352228,179.42710577458507,4.2,2016-11-27 09:35:52.796638,866
-39.53108626771585,175.8885078607112,4.4,2016-12-05 00:07:30.366899,866
-38.02838412107772,178.0245452447596,4.4,2016-12-10 17:30:29.481316,866
-45.97873149460204,166.1933683129543,4.9,2016-11-14 21:30:20.826546945,866
-41.942639358467225,173.66688181295828,4.1,2016-11-18 09:31:36.297565362,866
-41.615402264220585,174.20858278915028,4.6,2016-12-08 13:06:06.703290749,866
-41.76865427571992,174.202768883819,4.1,2016-12-05 12:40:42.541180223,866
-42.56644415939785,173.82968770773317,4.2,2016-11-15 11:21:31.658961808,866
-42.502098147005306,173.14474678469077,4.3,2016-11-23 20:15:25.188871296,866
-42.19672130370818,173.6912782982768,4.1,2016-11-20 05:57:37.151475276,866
-41.90492359095018,173.9121605486152,4.3,2016-12-11 11:08:45.801451444,866
-42.554645560758686,173.1401902105046,4.4,2016-11-14 00:27:15.025509339,866
-45.080801648566485,166.82217295294024,5.0,2016-12-01 05:43:46.823977,867
-37.39610702485901,179.44407518481074,4.1,2016-12-04 20:02:43.968448,867
-40.45061788712072,176.54879912294226,4.2,2016-11-23 11:16:15.961736622,867
-37.108850182346096,179.216863948453,4.3,2016-11-23 22:30:02.125500570,867
-42.5103225883886,174.40060613664824,4.6,2016-11-25 19:09:55.734215987,867
-42.73218266165671,172.86994045381206,4.5,2016-12-11 11:15:38.166170152,867
-42.2845813193461,173.2896698607015,5.0,2016-11-14 04:09:40.341965484,867
-42.415112616293456,173.4234057032169,4.2,2016-11-14 17:18:17.381690787,867
-42.31189101876912,173.54308771753435,4.3,2016-11-19 18:17:53.024279692,867
-42.46764883447118,173.23305294807506,4.2,2016-11-16 22:23:08.392385940,867
-42.40299441589381,174.22040006143183,4.8,2016-11-30 19:18:19.784587282,867
-41.6645753964128,174.34253182140898,5.2,2016-11-14 08:55:53.592303512,867
-36.90002840124144,179.9460796719958,4.1,2016-11-22 19:34:54.632656,868
-38.61043098477294,175.7474592957632,4.1,2016-12-12 14:30:12.930577,868
-43.54522381709671,172.78910380169478,4.1,2016-11-25 07:41:45.384387182,868
-42.524413740780346,173.51128950779687,4.2,2016-11-19 22:05:23.390082294,868
-42.48769109958471,173.1222520416164,4.2,2016-11-27 20:52:54.740564145,868
-42.1507635647224,173.8222501447326,4.4,2016-11-14 15:32:12.868513162,868
-41.28015776606051,175.75218128785176,4.1,2016-11-16 17:30:27.475495740,868
-41.84508541182817,174.00500305856107,5.1,2016-11-14 08:42:17.900915069,868
-42.547365004672,173.14434007783444,4.3,2016-11-17 06:32:17.384786364,868
-41.79784060940828,174.23192458887783,4.1,2016-11-14 21:53:58.884753471,868
-42.13218198149177,172.9146665794796,4.1,2016-11-19 17:17:08.307096803,868
-40.427866968105,173.38276956836063,4.5,2016-12-03 23:12:54.140685,869
-45.52451832115508,166.64369960638197,4.3,2016-12-13 16:30:42.761771,869
-35.190482985017866,177.39197960312023,4.5,2016-12-04 23:43:03.258236212,869
-45.80791226391329,166.8040168864699,4.3,2016-11-16 06:57:08.216098909,869
-37.05474295551824,178.95215982580078,4.7,2016-11-30 13:12:11.316969941,869
-37.11769936915632,179.1516555049401,5.8,2016-11-20 13:13:36.068606772,869
-39.534921597719,173.83930618219034,4.4,2016-11-17 20:44:56.699465531,869
-42.67087448628785,172.71126773243049,4.2,2016-11-17 07:11:13.953114396,869
-41.937163839250026,174.09318900441,4.1,2016-11-17 15:43:53.769104101,869
-42.15364804232703,173.81895659220547,4.6,2016-12-01 19:41:30.275811276,869
-42.052661776505865,173.93051094527812,4.9,2016-11-15 21:43:51.851751490,869
-42.34027377049142,172.92984907920857,4.2,2016-11-20 14:51:23.777618488,869
-41.737820094046846,174.53930398418282,5.0,2016-11-14 15:55:06.629285553,869
-42.05262842878221,173.3734300017638,4.4,2016-12-11 00:43:38.605909411,869
-42.6568046803099,172.77437835465884,4.1,2016-11-14 17:42:49.718521905,869
-35.39322840574011,177.9359959981846,4.7,2016-12-03 00:32:38.098924754,870
-37.30057215649034,176.92338824918932,4.2,2016-11-26 00:27:50.937529069,870
-42.23029986327484,173.74081930697298,4.7,2016-11-15 15:01:42.633612128,870
-41.63820148548518,174.2179046061546,4.5,2016-11-16 08:04:13.010690484,870
-41.73444759404203,174.10964225503912,5.1,2016-11-18 18:13:03.810076025,870
-42.26510038129192,173.44128127244986,4.8,2016-11-18 13:53:31.555146924,870
-42.616775192264775,173.29163525666866,4.6,2016-11-24 22:13:03.207269566,870
-42.35259131984405,173.0985211655061,4.7,2016-11-14 05:40:54.265286973,870
-42.294087289606246,173.8178772631436,4.5,2016-11-27 20:19:19.098609,871
-36.97318062416434,179.33769179049543,5.3,2016-11-26 12:19:56.767472502,871
-42.12598118079224,173.59009802725927,4.1,2016-11-29 00:53:55.058432411,871
-41.55249717169958,173.34632666617915,5.7,2016-11-29 12:02:40.793536299,871
-41.6967303323875,174.34227919082167,4.5,2016-11-16 21:49:18.140738395,871
-42.322150229558645,173.47759909534804,4.7,2016-11-14 21:24:53.229664640,871
-41.6505361387021,174.4782288080623,5.1,2016-11-28 16:20:40.685983915,871
-39.635187860835416,173.42203709472253,4.5,2016-11-24 04:41:45.145262,872
-43.79168930460748,170.5310154510301,4.2,2016-11-30 01:45:51.260924,872
-39.07759521081999,175.45940781428624,4.3,2016-12-03 06:28:22.518988,872
-45.489090491584335,166.5198996783448,4.1,2016-11-15 16:13:39.639377700,872
-36.03059224157114,177.5134482441951,4.1,2016-12-01 09:33:03.958041982,872
-37.00038402001926,179.14677467167314,4.3,2016-11-15 09:30:39.430524374,872
-42.65901796363732,173.1330368749212,4.7,2016-12-11 00:10:27.993530441,872
-42.17502266328356,173.86427379067615,4.2,2016-11-14 01:10:30.250274873,872
-41.91780998767188,175.48909415668803,4.1,2016-11-17 12:13:24.928009867,872
-42.37201952916679,173.50400191609592,4.2,2016-11-15 05:14:40.999250214,872
-42.22310822757336,173.4862620124376,4.4,2016-11-14 04:11:06.745813353,872
-42.21626307239429,173.74472649081633,4.1,2016-11-15 01:56:12.478561351,872
-42.651368467778845,172.7760269891494,4.8,2016-11-28 10:15:22.058101114,872
-41.71105746564634,174.42488187310158,4.7,2016-11-17 00:56:47.322029485,872
-42.52776629354426,173.2292528924631,4.1,2016-11-14 04:19:28.823160289,872
-41.79938389281361,174.17472983554802,4.1,2016-11-15 16:18:31.610795318,872
-42.30500969183675,173.62893277452616,4.3,2016-12-08 17:05:14.330464616,872
-36.76183098915447,177.25746774746077,4.3,2016-11-17 04:57:19.491097,873
-36.02643267650164,178.77300652977425,4.1,2016-11-17 16:25:22.203238,873
-37.45321811758618,177.2425923392077,4.2,2016-11-28 05:39:37.627874,873
-35.85137605047755,179.32955509946095,4.8,2016-12-01 10:56:04.828963,873
-41.7744847323896,173.96902458352682,4.3,2016-11-17 18:10:16.872030004,873
-42.27493124372674,173.67558715377012,4.5,2016-11-14 11:38:15.118637225,873
-41.86860893072336,174.10766621716414,4.3,2016-11-15 16:47:10.249034464,873
-41.7167654111134,174.26667271114846,4.1,2016-11-15 03:04:42.620507897,873
-42.50570831092579,173.28995028486446,6.3,2016-12-13 17:06:37.587384130,873
-42.47992363544716,173.56010733141977,4.6,2016-11-15 05:54:48.460656450,873
-37.68184360321516,178.57928766642522,4.5,2016-11-28 17:22:00.757535,874
-37.43293901970791,176.67771948798804,4.2,2016-12-13 07:00:59.342950,874
-36.50670732344846,177.00870530095585,4.2,2016-12-02 07:37:03.773568942,874
-43.50148837765262,172.60391121823184,5.6,2016-11-23 07:08:58.283427436,874
-42.95538861681294,173.02465965107157,4.2,2016-12-02 06:26:29.444235230,874
-42.43485266341734,173.64432793467478,4.2,2016-11-14 11:06:46.876738828,874
-42.41299270567418,174.25425429094986,5.4,2016-11-14 20:35:08.033072548,874
-41.75984523659197,174.28179541241025,4.1,2016-11-14 01:01:04.674156480,874
-42.35705890411558,173.6693120520473,4.9,2016-11-14 17:33:30.260915050,874
-42.94281287587325,173.02422100086477,4.2,2016-12-02 06:35:39.483926738,874
-45.06133564379533,167.62815700365627,4.6,2016-11-29 08:31:11.469818,875
-40.27710049772376,173.55287617728845,4.7,2016-12-01 00:54:32.616968,875
-42.21958638961926,172.75133445719953,4.2,2016-12-02 13:58:47.234462,875
-42.780572819059934,173.03670951391277,4.3,2016-11-14 13:44:33.662138539,875
-41.76673546040847,174.02753876380896,4.1,2016-12-04 23:01:48.855371311,875
-41.75103115409162,174.2103230101042,4.4,2016-12-11 12:14:59.739074852,875
-41.76978227233436,174.32486697041276,4.1,2016-11-14 03:19:27.463693627,875
-42.12209980496458,173.8096584434705,4.8,2016-11-17 00:48:57.600194432,875
-41.82894589756006,174.2236229401042,4.4,2016-11-14 21:27:29.169165762,875
-42.59077654583036,173.25083341550044,4.9,2016-11-27 08:32:21.334610902,875
-37.2375119395019,177.312618836002,4.4,2016-11-19 10:58:35.768087,876
-45.14321536847483,167.65054356796134,4.6,2016-11-27 19:40:40.620256,876
-39.07567393899392,175.41590750413542,5.1,2016-11-29 18:26:19.996365,876
-36.99261878569436,177.10035308301383,6.0,2016-12-03 01:09:51.849990,876
-45.24927129063852,167.07321927781044,4.2,2016-12-11 18:35:33.278068824,876
-38.718521835898215,175.11221196869568,4.3,2016-11-30 08:19:02.224509633,876
-37.36275869908211,178.95637025865918,4.1,2016-12-09 18:27:45.115404755,876
-37.44414742108004,178.9504459720423,4.4,2016-12-02 13:22:37.801476827,876
-40.35684611397123,174.4944315346841,4.4,2016-12-01 00:13:32.611423596,876
-42.03888355522031,173.67605930276744,5.6,2016-11-15 18:38:42.884648363,876
-42.41435737717487,173.41887731918322,4.3,2016-12-12 06:48:25.353071916,876
-42.51897631168545,173.1761146778067,4.1,2016-11-15 20:37:54.011086141,876
-41.76792397758786,174.12601077385565,4.5,2016-12-09 15:52:07.151699213,876
-42.65721558099318,172.8472012417383,5.9,2016-11-15 20:47:13.258655335,876
-38.7305371492385,175.15959756211325,4.7,2016-11-30 08:34:03.201620584,876
-39.08460229093811,175.09946337974986,4.7,2016-11-29 09:11:51.967712,877
-45.95609614079731,166.2059540501694,4.6,2016-12-02 08:29:48.844385,877
-37.25861919242925,178.92353771037682,4.3,2016-12-04 15:09:20.761691,877
-37.72194473914117,176.28704609508156,4.4,2016-12-07 13:51:57.404953,877
-36.97137978979539,178.97623407324988,4.7,2016-11-21 08:08:25.169635999,877
-42.30943889521436,173.50137172687886,4.6,2016-11-15 15:04:13.042422583,877
-42.32456147416914,173.64173601009134,4.3,2016-11-28 00:13:26.785542487,877
-42.26446369617706,173.66874524318973,4.2,2016-11-16 23:05:13.392089158,877
-42.18148592978283,173.66089610099326,5.5,2016-11-30 13:59:44.937486809,877
-42.63742386054804,173.26195633997216,4.4,2016-11-14 14:24:58.425490784,877
-36.53260507749975,177.81525332883666,4.7,2016-11-22 21:57:02.930719,878
-35.385322245028,178.65012452774022,4.7,2016-12-04 12:56:54.175879,878
-45.19933959544901,166.73481544550123,4.1,2016-12-06 15:17:14.458805,878
-40.36318024292062,173.50243011158895,4.2,2016-12-11 09:36:27.382279,878
-36.52716453252097,177.79534609551456,4.1,2016-11-22 22:11:59.652918916,878
-37.24122107858582,178.7819277372372,4.3,2016-11-16 23:11:50.249088890,878
-37.0950466247842,179.2514872405024,4.6,2016-11-29 11:45:57.658376024,878
-43.043261041610165,173.15891478589833,4.2,2016-11-16 00:49:54.680050986,878
-41.86714904880776,174.2352992816117,4.2,2016-11-29 07:18:18.567209272,878
-42.23512098857961,173.96082038242696,4.1,2016-11-29 00:44:51.997709617,878
-41.721852329676686,174.37802945100896,4.4,2016-11-15 20:15:32.015939681,878
-42.36951730768256,172.9241147101504,4.1,2016-11-14 03:33:39.132376354,878
-41.97729325718587,174.0191783138849,4.2,2016-11-15 04:48:21.405651600,878
-42.29992869634973,173.4859629894426,4.6,2016-11-14 01:11:12.502580781,878
-41.917803029807466,173.9603643853151,4.2,2016-11-14 05:29:15.602493145,878
-42.2772815765054,173.7713564863405,4.7,2016-11-14 01:16:13.326261933,878
-42.256976574610775,173.46035189991926,4.4,2016-11-17 18:42:30.197971857,878
-40.12306137042786,174.46254424465673,4.4,2016-11-19 02:01:41.340808,879
-45.30637098161054,167.40000004873144,5.3,2016-12-01 10:14:46.346376,879
-36.42550400315211,177.39998455499506,4.5,2016-12-08 11:27:26.413112,879
-42.861133210058725,173.19551782911017,4.2,2016-12-10 18:42:38.254565373,879
-42.05418306691714,174.09970595697783,4.3,2016-11-26 18:53:45.112697013,879
-42.042917344021504,173.7388240676159,4.8,2016-11-24 02:19:09.762582228,879
-42.5391537948895,173.38089867102946,4.3,2016-11-14 10:36:36.336538023,879
-42.24584335897844,173.7382112699488,4.4,2016-11-14 14:41:50.933884952,879
-41.69516717734988,174.21186908049538,4.1,2016-11-28 08:05:34.318587313,879
-41.61980510164387,174.26663281717364,4.2,2016-11-18 07:51:06.916313450,879
-42.121204634060206,173.65842577379428,5.1,2016-12-08 12:35:46.052871321,879
-42.52185403819353,173.15875454384351,4.2,2016-11-15 12:19:25.208728533,879
-42.380114388166334,173.6632876465699,4.3,2016-11-14 15:55:49.278775455,879
-41.790680649191245,174.30626593152178,4.5,2016-11-20 00:43:18.754636937,879
-42.25185185989034,173.76295313807583,4.7,2016-11-14 14:16:38.605760738,879
-35.754800654494886,179.69597672052618,5.0,2016-11-19 07:32:29.015621,880
-38.49078696734656,175.84194184631252,4.3,2016-12-02 18:37:28.223245,880
-35.795438440263446,179.1269605810955,4.1,2016-11-25 20:13:55.136898090,880
-36.58816400229011,177.256819203772,4.1,2016-11-15 03:45:06.807025160,880
-37.21474232659693,178.81816612708565,4.2,2016-12-13 06:00:35.376920534,880
-42.63010372994329,172.96706237906974,4.7,2016-11-14 06:52:11.970380461,880
-41.81832274545177,174.02471176510966,4.1,2016-11-25 01:11:07.716691219,880
-41.70635101779127,174.37406680638517,4.2,2016-11-14 17:19:04.129490490,880
-41.70480351729695,174.3186484169818,4.5,2016-12-13 16:11:06.385098536,880
-42.30383772035277,173.6757819035743,4.3,2016-11-14 07:47:48.734947148,880
-42.55852028013847,173.3486804526593,4.4,2016-12-02 12:06:29.636275384,880
-41.53940172990568,174.17633359862032,4.7,2016-11-14 07:55:25.104534725,880
-41.76213605548244,174.28495317043712,5.0,2016-11-14 17:27:52.497721305,880
-42.10007500877875,173.90137295336896,4.5,2016-11-14 00:16:29.949740947,880
-37.53529114724805,179.41567446337967,4.3,2016-11-17 12:23:11.052639,881
-36.94177609698246,177.56881952518893,4.4,2016-11-26 04:00:06.646618,881
-45.29662740126981,166.00125709714575,4.8,2016-11-30 07:52:29.808457,881
-36.661639230644106,178.07840307775172,4.1,2016-12-02 20:00:15.183008,881
-45.81952551846216,166.56674513900896,4.3,2016-12-08 10:37:20.004973,881
-45.288733021557306,165.98050541572513,5.0,2016-11-30 07:58:11.209999716,881
-41.994640156304754,173.68967495603994,4.1,2016-11-18 12:30:15.550825940,881
-42.148324859882486,173.60856379468763,4.5,2016-11-15 16:22:38.834152083,881
-41.66288589308183,174.33604993297914,4.3,2016-11-16 10:33:11.960524083,881
-41.68272871399278,174.29314634447664,4.7,2016-11-15 18:52:47.021006720,881
-42.25131098776898,173.55300408485022,4.1,2016-11-14 08:03:59.296807129,881
-41.70108679630297,174.3157560278616,4.1,2016-11-14 00:01:10.586221308,881
-39.2134046932823,174.4756834015718,5.3,2016-12-08 14:21:33.322947,882
-42.97193057124932,173.0572823445593,4.2,2016-11-24 15:35:58.836813498,882
-46.17726962594171,166.05189585032838,4.2,2016-12-09 02:53:15.192332231,882
-43.77727316180187,172.5555587971934,4.4,2016-12-05 07:33:41.450727679,882
-43.50806126129368,172.62270410926908,4.3,2016-11-23 10:15:17.966949248,882
-42.34446554162848,173.13223375324625,5.1,2016-11-14 06:47:40.426250107,882
-42.20357224591335,173.83957523799216,4.4,2016-12-12 22:57:11.572281560,882
-42.06665214789734,173.69744374105798,4.5,2016-11-25 09:57:04.741405126,882
-42.635131808333554,172.83905878169077,4.2,2016-11-22 00:02:47.897553544,882
-42.19541916323189,173.61143666488817,4.1,2016-11-25 18:49:39.685137750,882
-41.69607676134922,174.25992943701291,4.8,2016-11-21 10:45:25.264935010,882
-42.36502766639257,173.4828138651771,4.4,2016-11-14 01:48:51.216075454,882
-41.72027663545556,174.3642146003127,4.9,2016-11-15 15:39:04.306422427,882
-40.54967452520892,176.67926560760347,4.6,2016-11-21 19:17:52.547107,883
-47.62786218282582,165.4676511880469,5.4,2016-11-23 19:57:27.787480,883
-43.19016462418647,171.5701990662818,4.4,2016-12-12 06:36:07.286120947,883
-37.23466518618182,179.09101961306826,4.3,2016-11-29 02:37:50.605897275,883
-42.58639268676897,173.2647159354446,4.2,2016-11-15 11:42:12.144700840,883
-42.16577836210312,173.45767251540764,4.1,2016-11-16 01:25:17.772053421,883
-43.42353118639812,175.6717551564971,4.5,2016-11-14 00:37:05.369853654,883
-42.46602674072139,173.03061361619362,4.5,2016-12-08 19:43:19.061733191,883
-42.216560368005815,173.66179324491728,4.3,2016-11-25 06:02:30.871879430,883
-42.24243383389484,173.3711575374662,5.0,2016-12-01 18:31:22.626582714,883
-42.33080085591089,173.68712043708837,4.2,2016-11-23 09:39:51.662523540,883
-41.910974432518536,174.13117065220013,4.1,2016-11-17 16:03:11.653140264,883
-42.2954463014599,173.6252390207492,4.5,2016-11-15 18:17:01.344959904,883
-42.11458865968024,172.99260833369954,4.3,2016-11-15 05:42:51.819765511,883
-43.45032615269751,172.80288397839865,4.7,2016-11-17 20:09:11.099590,884
-41.430539855323126,174.16816111158053,5.4,2016-12-05 07:27:22.877032,884
-41.23924140443114,172.78413679945976,4.1,2016-12-07 14:52:52.546826769,884
-42.25738908207137,173.67657233012756,4.2,2016-11-22 03:38:28.299791956,884
-41.67681856428934,174.28690009479212,4.1,2016-12-12 11:19:18.424050140,884
-41.6957351495354,174.34378585265534,4.3,2016-11-16 02:01:12.953173538,884
-41.78002331013524,174.19020349531357,5.1,2016-11-25 03:52:57.777722206,884
-42.756990327362445,172.9188387204522,4.4,2016-11-16 08:26:25.981469466,884
-42.355844552640754,173.73247262764514,4.2,2016-11-15 07:37:38.784722536,884
-41.60913398366596,174.29486424554818,4.7,2016-12-05 03:14:12.191376551,884
-41.74972593882367,174.30315551121112,4.9,2016-11-16 07:50:03.954931905,884
-42.32911313623103,173.88446546926804,4.4,2016-12-05 11:40:53.124962,885
-43.17880494880009,171.49555642443758,4.4,2016-11-24 08:05:24.595016592,885
-36.8139296578661,179.46621538600965,4.2,2016-11-14 21:33:31.783037272,885
-41.98714736222698,173.80883716569184,4.2,2016-11-23 22:53:53.379977696,885
-42.2660387097764,173.42839639438287,4.4,2016-11-18 02:53:57.423094993,885
-42.143835306113175,173.3883023188665,4.9,2016-11-15 05:55:20.500339959,885
-42.31802993306821,173.63537750460492,4.2,2016-11-20 01:09:50.814854453,885
-41.8011276772479,174.0279627131339,4.2,2016-12-01 20:25:27.777502228,885
-42.47932068495021,173.21352196157807,4.4,2016-11-16 05:20:33.692635570,885
-42.55937289143727,173.0441040836963,4.4,2016-11-14 02:28:23.459971328,885
-41.770629736656986,174.23380555221084,4.1,2016-11-14 03:27:33.551098799,885
-41.71602218003876,174.34575229447623,4.5,2016-11-15 03:35:30.218762002,885
-36.601698631663375,178.1938662060347,4.8,2016-11-16 03:28:02.708320,886
-40.23106132605953,173.54433316049855,4.5,2016-12-01 01:11:39.842738,886
-42.76157202551773,173.12221182506704,4.1,2016-11-14 02:01:22.356242273,886
-42.00629602375315,174.0758308006316,4.8,2016-11-16 17:02:52.900698961,886
-41.739023096355005,174.27094881392958,4.2,2016-11-29 18:18:12.197504683,886
-41.861664059730266,174.08915609900762,5.7,2016-11-17 21:21:04.459378086,886
-42.31820775479337,173.62838069576244,4.4,2016-11-19 18:23:35.125256774,886
-42.26702707544829,173.78019132737185,4.2,2016-11-14 18:34:48.997540499,886
-41.69481842259641,174.45042494962112,4.6,2016-11-14 05:01:08.146199059,886
-42.45011230162391,173.39340342229858,4.2,2016-11-14 04:34:46.747517465,886
-41.75791872555166,174.29660858517985,4.3,2016-11-22 07:38:05.977826640,886
-41.73772431894699,174.3443049689201,4.8,2016-11-14 15:09:20.292200072,886
-42.12916776253287,174.1935757812267,4.1,2016-11-17 17:21:49.023786408,886
-41.69156071541483,174.24790516387907,4.2,2016-11-14 03:11:23.454135899,886
-45.43139028911958,166.85421588799903,4.1,2016-12-13 03:42:19.835678204,887
-42.8142079650764,175.43801206489687,4.1,2016-11-25 07:35:51.347760299,887
-42.28590297006334,173.71950146518773,4.1,2016-11-26 04:09:07.890805553,887
-42.609292591282966,172.80520076326596,4.2,2016-12-05 07:03:42.662764152,887
-41.842390846125234,174.03894493571005,4.1,2016-11-27 20:36:11.187528695,887
-41.771775632256734,174.2523807905548,4.4,2016-11-14 08:19:53.006622600,887
-42.37872198910394,173.51799657068813,4.2,2016-11-14 02:47:56.006304002,887
-39.28305702065109,174.7893965970148,4.2,2016-11-22 02:35:25.664653,888
-41.98555853405918,173.78013073671357,4.4,2016-12-03 03:51:43.656538,888
-42.74070572638773,172.9040543107698,4.4,2016-11-20 12:01:36.738309639,888
-42.608339612306416,172.8192664689783,4.2,2016-11-16 14:12:34.804419921,888
-42.63116785730183,173.0844488168977,4.1,2016-12-07 17:01:12.213085746,888
-42.26427508693244,173.73080729845992,4.7,2016-11-24 23:52:16.950450166,888
-42.42199970663631,173.68614989614505,4.2,2016-12-08 14:12:11.177571713,888
-41.69414093958076,174.29179859183776,4.1,2016-11-27 03:30:25.687798065,888
-42.14272379662924,172.98547243181326,5.0,2016-11-15 14:39:40.253827369,888
-41.89913526906941,173.94062750838003,4.7,2016-11-14 09:07:27.093297776,888
-41.658632364331325,174.3832908567437,4.9,2016-11-14 05:22:41.983871692,888
-41.69139385884203,174.35532229002456,4.3,2016-11-14 12:49:51.901058743,888
-42.629027468482725,173.12603382115495,4.3,2016-12-07 19:09:48.949767064,888
-43.50224033197966,172.87958010944018,4.1,2016-11-17 06:22:49.760290,889
-38.37392658397019,176.05577209772483,4.2,2016-12-02 12:20:16.297485,889
-44.65029116465215,166.50371127031536,4.7,2016-12-03 16:59:45.300447,889
-46.30363248874892,166.21632049770506,4.2,2016-12-06 01:09:20.756698,889
-35.51911906885134,178.79026976878706,4.7,2016-12-05 09:04:36.243463989,889
-39.1019537871405,174.86761456719017,4.2,2016-11-30 17:54:27.911425628,889
-42.0076500836763,173.6354014680003,5.1,2016-11-22 04:43:20.792307909,889
-41.29247390723912,174.44219726420877,4.4,2016-12-06 19:50:02.860982100,889
-41.607101411587365,174.39272084091027,4.5,2016-11-15 00:43:12.776867388,889
-41.79216295817813,174.28187267679888,4.1,2016-11-26 03:53:45.005816752,889
-42.15440320968846,173.8588837355766,4.4,2016-11-16 05:38:40.710053631,889
-41.68547225037951,174.29386242649687,4.8,2016-11-28 20:20:32.214504596,889
-41.70269705595352,174.29590816769647,4.2,2016-11-18 09:07:30.863531631,889
-41.678186626133176,174.33238793862697,4.4,2016-11-20 15:24:41.270575408,889
-42.63204871990157,172.98497307049783,4.1,2016-11-18 12:05:47.723234718,890
-41.93679434331582,173.59127641751965,4.5,2016-11-17 07:41:14.757448230,890
-41.78286322457334,174.23606084952337,4.4,2016-11-14 01:56:31.585628278,890
-42.30960564781977,173.45340332301365,4.2,2016-11-14 09:32:39.934639253,890
-42.212668558403045,173.66116793514183,4.5,2016-11-14 03:10:58.424694907,890
-41.93218500845239,174.24323292330186,4.2,2016-12-06 08:57:26.132115097,890
-42.216288335144746,173.89464014195343,4.9,2016-11-21 05:49:17.242450868,890
-41.87601488083163,174.33091213468458,4.8,2016-11-14 15:32:42.879749424,890
-41.94386198002578,174.06309889930668,4.1,2016-11-14 14:28:23.774615014,890
-42.38139094197474,173.01983189206763,6.2,2016-11-21 21:28:45.326986684,890
-42.07889598020487,173.85594784369607,4.1,2016-11-14 08:38:20.901355984,890
-42.08448543506191,173.84116674382466,4.4,2016-11-14 01:19:58.186589822,890
-41.78385264258763,174.41243636859912,5.2,2016-11-14 00:24:36.740269218,890
-41.924528899616654,173.34422507377136,4.6,2016-11-14 20:20:48.192456,891
-42.6202190844727,173.9880708075772,4.2,2016-11-15 13:04:50.454362308,891
-42.17201337052468,173.65121591638393,4.6,2016-11-16 08:03:17.357438412,891
-41.7353564775303,174.18916485481648,4.1,2016-11-15 01:40:30.830560766,891
-42.52294082087531,173.15533760411415,4.4,2016-11-16 14:40:35.631052969,891
-41.903613745211615,173.85723667242516,4.1,2016-11-15 03:14:13.644263153,891
-42.23144363784725,173.6190013345121,4.2,2016-11-20 04:43:02.291803050,891
-41.78514689187328,174.22960972203137,5.7,2016-11-14 02:24:56.343924805,891
-42.47758837450498,173.77725286772767,4.8,2016-11-24 04:22:22.071228447,891
-41.75486835277405,174.41196660219137,6.5,2016-11-15 22:37:55.484616670,891
-41.6217234831912,174.24299748062415,4.4,2016-11-16 17:14:36.782969431,891
-36.58004830215269,177.7607823253781,4.4,2016-12-01 18:52:59.741295,892
-43.44470649505666,171.15944733500746,4.2,2016-11-16 23:29:55.704150818,892
-42.7853309622411,172.999737541542,5.2,2016-11-16 19:20:53.679544068,892
-41.97519549427639,173.62207165271406,6.1,2016-11-17 02:46:19.416714912,892
-41.97979202718374,173.8409250012342,4.3,2016-11-22 01:40:02.996367365,892
-41.715771727881936,174.23920781721498,4.3,2016-11-28 02:36:11.811139846,892
-41.739567837598926,174.3198991547241,4.9,2016-11-21 03:43:22.816398127,892
-41.74863224352932,174.184919185718,4.1,2016-12-04 06:50:41.442917685,892
-41.73026600982772,174.19039924257604,4.2,2016-12-13 10:51:02.549714792,892
-38.3129792622505,175.9891686769361,4.8,2016-11-23 22:23:15.748592,893
-37.306130490734525,178.97055384518742,4.7,2016-11-18 00:12:31.958833293,893
-44.04236483870446,174.41999630749794,4.5,2016-12-01 20:43:19.372242989,893
-42.37760376716227,173.35653152212365,4.1,2016-11-14 07:03:45.826773261,893
-41.71850379000597,174.2549958602411,4.4,2016-11-14 14:13:14.177500081,893
-41.69571839825682,174.32199986858845,4.1,2016-11-24 03:38:27.817521423,893
-42.0377858866162,174.11899313263416,4.3,2016-11-14 04:11:51.296765283,893
-42.44528110106181,173.3251706291774,4.4,2016-11-14 02:53:04.709422901,893
-39.542438465250406,173.44077649542336,4.6,2016-11-16 15:21:10.121418,894
-35.49640611785766,179.61105299650222,4.3,2016-12-03 10:57:16.924868896,894
-42.71471819049976,173.1449702303558,4.9,2016-11-14 05:43:56.747551780,894
-42.37660597404484,173.4248035108213,4.5,2016-11-14 00:08:35.297801098,894
-41.75294415679831,174.26776670137997,4.1,2016-11-27 13:36:22.965868754,894
-42.298757867541525,173.62363565501568,6.4,2016-11-20 05:21:29.349780501,894
-42.11074118076852,174.0876504876761,4.3,2016-11-19 21:15:35.625013036,894
-42.60551836577371,172.9998366247784,4.5,2016-12-12 18:12:11.772900839,894
-41.80941558018991,174.15423018638955,4.6,2016-11-14 10:19:04.743349099,894
-41.69610396993629,174.2845653020984,5.4,2016-12-02 18:59:34.244809218,894
-42.25025018648169,173.7518214496815,4.1,2016-11-14 03:59:14.045145932,894
-36.72616354403036,178.37038999407892,4.1,2016-11-20 09:57:06.070704,895
-37.16077259181257,177.689701284959,5.2,2016-11-22 23:02:16.911512,895
-37.54315123802293,177.97993737263218,4.1,2016-11-25 19:15:33.555398,895
-40.33219579672984,175.0935585435998,4.4,2016-11-26 09:09:35.395787,895
-36.38633866620462,177.42656227337758,4.2,2016-12-02 07:22:42.531589,895
-41.9383046013821,173.9377577349592,4.3,2016-12-02 20:28:49.834741,895
-38.93374535073772,174.74352008135492,4.2,2016-12-07 00:40:43.535484,895
-37.35548702639626,178.7968761005564,4.1,2016-11-25 11:26:30.654544250,895
-42.56656070782794,172.94437616813715,4.3,2016-11-16 16:01:41.420069714,895
-42.02322871170153,173.80304995332924,4.4,2016-11-14 08:06:59.675309793,895
-42.48561617264159,174.62055294471023,4.3,2016-11-18 18:39:58.905228890,895
-41.89955675577194,174.22917204015118,4.4,2016-11-18 03:53:45.820985857,895
-41.9838167311764,173.93557654861814,4.6,2016-11-15 15:22:45.371997171,895
-42.02754438561615,173.78707506969363,4.1,2016-11-19 02:13:15.884128281,895
-41.81001104439889,173.9667276742471,4.2,2016-11-14 13:35:48.722364672,895
-41.50828346351387,174.02774705921712,4.1,2016-11-14 07:10:40.857230066,895
-41.7067600740132,174.25291231962973,5.2,2016-11-14 00:16:00.988778676,895
-41.6986504552974,174.25198772253705,6.3,2016-11-14 03:46:02.199685155,895
-41.89222105315137,173.9298511512064,4.2,2016-12-13 17:03:59.641809997,895
-42.03913160074596,174.08798397925955,4.5,2016-11-22 12:12:20.192803992,895
-42.56425041175432,172.83730339260993,4.2,2016-11-14 20:40:32.004479,896
-39.805707772555714,174.35374833547203,4.6,2016-11-19 00:25:10.693909,896
-40.52726937497586,176.28219239335496,4.5,2016-12-05 22:01:20.799961,896
-39.81511942542352,174.36001697668877,4.1,2016-11-19 03:05:13.318550547,896
-39.68436136392006,177.0355412289441,4.3,2016-12-13 06:49:15.982008144,896
-37.11922400875397,179.11894688065146,4.1,2016-12-08 10:44:18.963101535,896
-42.88125902317616,173.1330243914858,5.5,2016-11-14 05:42:43.997029949,896
-41.99215791195042,174.0943068333866,4.5,2016-11-17 11:27:05.351996519,896
-42.40512285265439,174.25923647340838,4.5,2016-11-18 20:35:35.825350430,896
-42.16238593850313,173.77130822534332,4.1,2016-11-23 22:53:18.690311074,896
-42.44232243939223,173.23512327306503,4.5,2016-12-06 15:30:31.854877573,896
-41.67344454690448,174.2572351023297,4.1,2016-12-02 17:40:56.320448957,896
-39.71061988217093,177.05221891797245,4.1,2016-12-13 07:06:19.459329101,896
-42.43273088319353,174.27599822306584,4.2,2016-12-01 16:32:31.728131689,896
-38.871432293181,175.9495448235524,4.1,2016-11-30 07:50:15.612268,897
-36.665576560866285,176.9715172089966,4.5,2016-11-30 15:07:07.803421,897
-37.382116997691526,178.61201361871767,5.3,2016-11-29 06:44:19.682921462,897
-42.57998862368042,172.88885802326183,4.1,2016-11-14 18:13:09.467544320,897
-42.03892861338791,173.63940996535524,5.6,2016-11-16 11:06:43.782755574,897
-42.17161980028156,173.80913243901247,5.5,2016-11-17 19:41:48.138191317,897
-42.31283359416182,173.84920093914977,4.8,2016-11-19 20:42:07.280292690,897
-42.462310534297806,173.6594341519705,4.2,2016-11-15 20:48:14.274320565,897
-42.53897908172589,173.08204083990685,4.3,2016-11-14 17:36:22.937677008,897
-42.08153595701317,174.03318437038556,4.5,2016-11-30 05:24:17.226773756,897
-41.64166343685564,174.21662056143796,4.1,2016-11-26 12:35:48.933741442,897
-42.64630070600469,174.434926775292,4.1,2016-11-15 06:22:42.202278407,897
-42.31573368166927,173.90248553161106,4.6,2016-11-14 12:43:15.806125979,897
-42.095131908788005,172.9693919057668,4.2,2016-11-16 06:45:46.035355270,897
-42.37268874969094,173.69237137219045,5.9,2016-11-24 07:04:52.882348435,897
-42.6133486715818,173.1383303493796,4.3,2016-11-14 19:12:09.091506096,897
-37.44667521625735,176.77016038927275,5.1,2016-11-17 04:07:25.664820,898
-36.812131356673206,177.0412786130662,4.3,2016-11-17 15:41:44.780023,898
-35.63980771610716,179.3169672335141,4.3,2016-11-29 10:34:39.299777,898
-42.47030469794389,173.08963345219613,4.2,2016-12-06 22:44:40.482508095,898
-42.41271244970573,173.79688749483412,4.2,2016-11-25 22:15:58.174593588,898
-41.65848211563876,174.11797628722294,4.4,2016-11-14 00:02:28.381605859,898
-41.7627217631801,174.07259636946438,4.2,2016-11-14 20:27:58.695543575,898
-41.64985797579429,174.14576121450918,4.2,2016-11-15 22:53:11.513748034,898
-38.50377810141167,175.7410675491772,4.4,2016-11-25 05:24:57.763147,899
-38.39606173331056,176.13611697875098,4.6,2016-12-02 20:59:26.086312,899
-36.871588359134165,177.6431898326217,4.1,2016-12-02 23:47:21.661778,899
-37.12578882864383,178.86375335089951,4.3,2016-11-29 10:32:59.537323414,899
-41.7933215559395,174.05063224792053,4.2,2016-11-22 06:52:54.722661950,899
-42.26884520453553,173.9450232730162,4.5,2016-11-15 12:42:37.276352078,899
-41.74778811819307,174.30251891190844,5.1,2016-11-16 00:19:02.095633399,899
-36.841287194414114,179.0810579829454,4.3,2016-11-14 06:08:48.063800813,899
-42.29759094007647,173.6947469075455,4.3,2016-11-14 01:35:14.882646499,899
-37.9211688139484,176.9518503492665,4.1,2016-12-08 23:38:21.201157,900
-43.4280883010848,172.18631024946117,4.1,2016-11-16 19:22:32.690595427,900
-42.61805344987027,173.12343291629483,4.3,2016-11-16 18:41:56.675706420,900
-42.2838620828973,173.79873939322985,5.0,2016-11-17 16:04:57.788479741,900
-42.30136310970545,173.76374888809312,4.8,2016-11-14 01:12:03.633735336,900
-41.77177866563529,174.1803053122688,4.6,2016-12-05 04:54:25.571402546,900
-42.63036446550889,172.84805988677883,4.1,2016-11-18 01:12:33.686852540,900
-42.42850144673179,174.27461079134028,4.8,2016-11-14 00:51:38.769466565,900
-41.76383095470766,174.2378512731004,4.4,2016-11-17 15:41:30.449934075,900
-41.79075004309811,174.1709097434054,4.4,2016-12-05 06:00:05.079324595,900
-44.87428864890722,167.6166015213083,4.2,2016-12-01 21:14:16.261410,901
-42.4764984034814,177.9088053379402,4.2,2016-12-07 10:45:13.089532,901
-37.61600875760333,176.4521858556564,4.2,2016-12-10 06:37:46.011498,901
-38.81523928102833,176.07361839824392,4.3,2016-12-10 21:54:43.866426,901
-42.59386844990964,177.88259514289314,4.1,2016-12-07 10:55:14.579472218,901
-42.698366111201445,172.89701536254293,4.2,2016-11-21 10:42:17.069728658,901
-42.14051032436894,173.4606905516687,5.3,2016-11-23 08:06:17.998600015,901
-41.78218718541876,174.36574580898198,4.1,2016-11-26 11:50:37.593585230,901
-41.82187697925757,174.0174558256061,4.2,2016-12-03 04:43:14.456589576,901
-41.738883777246485,174.22716228017546,4.3,2016-11-19 00:28:36.847848624,901
-42.517124458970166,173.1587756007966,4.3,2016-11-15 15:05:01.373805207,901
-42.350713723182906,173.8921998803885,4.1,2016-11-24 16:32:56.631691036,901
-42.70286953871262,172.8795596798254,4.2,2016-11-23 09:28:40.859934295,901
-42.70729098264344,172.8866017583505,4.5,2016-11-26 15:01:37.106472496,901
-42.72433922559738,172.94974053528907,4.1,2016-11-27 21:02:32.286159286,901
-38.87130254575667,175.18831865902703,4.2,2016-12-02 22:05:24.618241,902
-40.19423790608837,173.51913699909795,4.2,2016-11-22 22:26:04.045124324,902
-37.18800313179401,178.8607746856117,4.1,2016-12-06 17:55:59.521765180,902
-42.28574520304264,173.61411115430036,4.2,2016-11-16 07:22:40.466457811,902
-42.20833350585137,173.64393316202475,4.1,2016-11-15 03:57:00.728056659,902
-42.19011331332871,173.72001210621386,4.5,2016-11-30 17:45:09.477806340,902
-41.84582241308659,173.86842677365266,4.1,2016-11-16 04:04:29.699481579,902
-42.52961566364383,173.80397221616295,4.1,2016-11-15 10:10:41.607601963,902
-41.98274131005394,174.4757773762188,4.8,2016-11-16 10:47:27.501941874,902
-42.25502774498165,173.68901200631802,4.2,2016-11-15 17:34:23.845501458,902
-41.804289852520725,174.22490982321796,5.0,2016-11-14 04:44:05.718062021,902
-42.53473394730848,173.1274411396577,4.1,2016-11-14 08:44:32.166870086,902
-41.85304860067642,173.89206866783385,4.2,2016-11-18 06:33:03.390265880,902
-37.6661751463588,176.32422686920475,4.3,2016-11-16 22:29:59.024781,903
-41.12035980837763,175.0087511008609,4.1,2016-11-20 09:07:22.224473,903
-42.74757230248398,172.69180378497953,4.3,2016-11-22 14:11:50.048159,903
-38.001268947790166,176.45519387418727,4.3,2016-11-28 13:19:11.958782,903
-45.33467968168061,167.2470625509948,4.4,2016-11-30 19:13:51.423375,903
-36.867575414161855,179.35665901614837,4.4,2016-11-23 22:32:46.994391810,903
-42.55900245724015,172.98812677712513,4.1,2016-11-24 04:21:05.184092515,903
-42.59683687718462,173.28860618496552,4.3,2016-11-24 17:54:12.513321100,903
-42.4895755427417,173.30874335165257,4.4,2016-11-15 01:53:11.919542862,903
-41.78639047687065,174.2476264939892,4.1,2016-11-30 16:25:59.525716990,903
-41.918397115459584,174.0060630933086,4.3,2016-12-05 09:02:34.469916149,903
-41.68645286039669,174.28942792607768,4.5,2016-12-09 01:25:26.352762163,903
-41.70279745515669,174.27487892408425,4.7,2016-11-14 00:00:40.547528047,903
-42.193455694421765,173.8579236668931,4.2,2016-11-20 20:35:54.886268929,903
-44.401186872496766,168.1510834756902,4.1,2016-11-18 01:19:58.093819,904
-37.206518713635504,177.85161329831206,5.7,2016-12-13 00:28:52.982705,904
-37.08105942941846,178.9427268507015,4.1,2016-11-29 19:16:49.069648799,904
-42.04621086899141,173.69887199280592,4.2,2016-11-17 04:01:08.723247365,904
-42.02745380604933,174.0222850904437,4.1,2016-11-20 14:29:09.581827038,904
-42.30383646708093,173.5408238445018,4.2,2016-11-26 06:48:06.028505908,904
-41.9544729164365,173.81804876103806,4.1,2016-11-24 07:48:59.549715210,904
-45.14184545205661,167.1114945228868,4.1,2016-11-25 08:53:31.342939,905
-46.15796878568256,165.64096716999606,4.9,2016-12-08 10:43:11.059129339,905
-42.04277678198466,173.7350855721142,4.5,2016-11-15 18:50:35.604554189,905
-41.97481908933128,173.97876327996258,4.4,2016-11-16 10:05:54.677632361,905
-42.43559930961989,173.2300843743433,4.2,2016-11-19 23:21:19.763362571,905
-42.21231562833332,173.512648015827,4.3,2016-11-21 17:39:59.680533132,905
-41.773433316660665,174.2624349247912,4.2,2016-11-16 03:34:08.262190759,905
-42.04264421151021,173.65757096259688,4.8,2016-11-14 02:03:08.156414999,905
-42.20396518387134,173.62617697486837,4.1,2016-11-25 03:08:37.369821196,905
-42.32952404195584,173.62353179400296,5.4,2016-11-18 04:04:16.452198317,905
-41.7341962492674,174.40101327702453,4.2,2016-11-14 06:13:31.425535600,905
-37.0484133059597,177.2738607481527,5.0,2016-11-15 12:55:45.565200,906
-38.647071398199984,175.5923794693281,4.2,2016-11-15 14:33:21.108122,906
-45.89832297563338,166.09610542499638,4.6,2016-11-22 11:28:49.146007,906
-35.055345395465494,178.837672984985,4.1,2016-11-27 01:46:16.740543,906
-37.857420137057815,179.54449070669557,4.3,2016-12-02 20:45:33.328293,906
-39.28697435133791,177.4740784343805,4.1,2016-12-02 23:23:31.874497,906
-37.09292577123097,177.82481714451183,4.6,2016-12-09 13:55:49.609283,906
-37.07858145922122,177.82041856597806,4.3,2016-12-09 14:01:48.599998612,906
-42.17867007996768,173.8032507801283,4.2,2016-11-21 16:14:47.474121392,906
-41.71711421004217,174.2671329510904,4.4,2016-11-23 22:12:03.613083848,906
-42.51844389737373,173.16886319423688,4.7,2016-11-14 21:16:09.927724742,906
-42.31760366677881,173.88249807889898,4.5,2016-11-24 08:04:02.151816743,906
-41.77069594664419,174.17252169846017,4.8,2016-11-17 06:00:04.328145840,906
-42.24050451777031,174.0848063454481,4.4,2016-11-17 13:57:52.757616464,906
-41.67025000378749,174.29811147252252,4.3,2016-11-19 06:21:00.289799876,906
-42.43725188513358,173.29609056598957,4.6,2016-12-11 01:38:49.427343023,906
-45.22767269888556,165.53337846696354,4.1,2016-12-12 02:55:33.207516013,907
-42.78515823690941,173.22623260895853,4.4,2016-11-14 02:11:32.942937120,907
-42.60504408121467,172.8781460090393,4.5,2016-11-23 09:40:24.594897990,907
-42.33070599266261,173.8813277253161,5.0,2016-11-16 04:46:38.482411732,907
-41.8216524100297,174.1048852464573,4.6,2016-11-18 19:46:17.513448349,907
-42.90764272197423,173.25631261686618,4.1,2016-11-18 06:02:29.065718,908
-38.44727552307362,175.89271358265404,4.2,2016-11-23 07:18:32.399674,908
-40.59447395525031,176.451282463571,4.4,2016-11-27 23:07:20.158536,908
-45.085488375867065,167.0148615657813,4.2,2016-12-08 17:43:49.120638,908
-36.04722443528886,179.7773677130375,4.3,2016-11-16 13:51:07.559820483,908
-42.19104597764552,173.6528154751281,4.6,2016-11-16 15:43:52.718438571,908
-42.38504963229497,173.89797739387942,4.3,2016-11-15 03:19:47.235301096,908
-42.24813988768616,173.69838211042048,4.4,2016-11-14 07:45:07.461291759,908
-41.926327718864464,174.03595850274257,4.3,2016-11-14 01:47:29.767007832,908
-45.55127407960014,166.60872938749054,5.1,2016-12-03 19:33:27.643444,909
-42.72615232277297,173.40426167625196,4.4,2016-12-08 03:20:48.263303,909
-36.96704850998395,179.45960070320058,4.2,2016-12-01 04:16:57.655398033,909
-42.08023793246088,172.86799624925476,4.8,2016-11-14 10:22:05.640534560,909
-42.59911853842944,173.00596867601146,4.2,2016-11-17 01:44:01.530513019,909
-41.71476972690984,174.14569149720825,4.9,2016-11-26 12:58:34.851869726,909
-44.59130720465132,175.6724015088726,4.8,2016-12-03 21:03:38.906159985,909
-42.24928547825529,173.93033616746587,4.2,2016-11-25 05:27:13.962830770,909
-42.50805568990803,173.30273190267067,4.6,2016-11-16 12:13:18.756368446,909
-42.17533597102768,173.75662584304757,4.3,2016-11-30 10:57:03.677381659,909
-42.36607217510733,174.0547385835706,4.8,2016-11-23 11:22:28.742019604,909
-41.77490614272922,173.91172202131375,4.3,2016-11-14 19:27:54.166021667,909
-38.36084683755311,175.9898097056227,4.2,2016-12-13 00:41:15.096615,910
-41.69154876894158,174.1534837261745,4.2,2016-12-05 03:44:29.682892952,910
-41.95229700226472,174.0421253075218,4.3,2016-12-03 18:36:17.926937619,910
-42.34081192644604,173.49242857593913,4.1,2016-11-14 11:29:19.739083814,910
-41.98483568643818,174.32714408479544,4.1,2016-11-14 04:32:23.489997505,910
-41.68799347242279,173.9876649160444,4.3,2016-11-14 08:38:27.310137183,910
-42.0020139014832,174.06116098265096,4.1,2016-11-15 10:11:44.656242404,910
-36.88580857175949,179.10193255151907,4.7,2016-11-14 12:45:24.470896983,910
-42.213374098853045,173.57180435291235,4.2,2016-11-17 15:09:57.843329418,910
-41.73551574969008,174.20049719626962,4.9,2016-11-14 01:02:25.665091327,910
-41.66112991138751,174.251258685311,4.4,2016-12-04 22:50:41.876243378,910
-42.368561645192045,173.92395476700787,4.1,2016-11-14 13:41:09.523069163,910
-42.30629828136743,172.96848932557418,4.3,2016-12-04 15:05:38.097338479,911
-45.16957648916208,167.45570938061914,4.2,2016-11-14 05:33:00.448294392,911
-37.21730897166333,178.78649248724713,4.2,2016-12-09 17:54:52.282797591,911
-41.74761352337183,174.24453692436873,4.3,2016-11-24 07:40:52.588995717,911
-41.882962379818856,173.88352864409237,4.3,2016-11-22 21:55:43.532446119,911
-42.17665358162396,173.44561598858758,4.6,2016-11-14 04:15:09.577404710,911
-42.32518294137397,173.90660012454904,4.4,2016-12-01 04:14:48.490073343,911
-47.6544786021001,165.16267708668602,4.7,2016-11-20 09:55:02.744305,912
-38.29750304507858,175.81903735388937,4.1,2016-12-04 17:05:35.611758699,912
-45.64136198160623,166.423512057053,4.2,2016-12-09 01:57:42.702353402,912
-42.61325144185886,172.94511580449006,4.3,2016-11-17 06:31:02.125111299,912
-36.94657671977534,178.99647107156676,4.4,2016-11-30 19:25:32.243976,913
-47.37137996397512,165.8833383354282,4.2,2016-11-29 13:51:22.781099747,913
-36.991741515812194,179.46167506281492,4.1,2016-11-18 20:14:57.819640339,913
-42.3583821403054,173.83899227715244,6.2,2016-12-05 09:07:44.227504616,913
-42.32170269076477,173.4251738122451,5.2,2016-11-23 15:45:37.648605213,913
-41.80418212384536,174.18860472088372,4.7,2016-11-21 11:39:42.032411833,913
-41.80741015235869,174.3224431650016,4.1,2016-12-04 08:56:09.992330284,913
-42.83294215687293,173.02614819861546,4.3,2016-11-19 22:20:11.054765234,913
-41.668291405251445,174.2592599569228,4.2,2016-11-15 05:20:14.918605617,913
-42.16011334253771,173.68884244568383,4.6,2016-11-14 02:51:55.671699316,913
-47.31306070376058,165.92229153299368,4.1,2016-11-16 05:54:26.662782,914
-44.17079380993589,168.43012736893533,4.4,2016-11-20 20:08:12.987331595,914
-36.83266535468239,177.59815562785465,4.2,2016-11-16 08:25:30.655973214,914
-37.18485973147077,179.10809499212235,4.3,2016-12-06 06:29:10.919607456,914
-42.986440632649135,173.4836084320426,4.3,2016-11-23 16:33:47.625430760,914
-41.966038983707215,173.61815146100304,4.1,2016-11-17 05:38:58.848427097,914
-42.53717262256595,173.17380242614948,4.1,2016-11-20 14:37:26.912974568,914
-36.8945591204254,179.12142488745494,4.4,2016-11-16 09:19:47.760064525,914
-42.97939655555257,173.4893313833815,5.1,2016-11-28 16:38:32.326811173,914
-39.52225515633873,174.84698421439427,4.3,2016-11-25 03:50:24.224763,915
-37.44135573750795,177.11205986261146,4.5,2016-11-15 15:20:26.848018571,915
-40.56005770616371,173.95121419488208,4.5,2016-11-15 01:33:39.731056671,915
-42.55894621974812,173.0796958562389,4.4,2016-11-16 15:58:56.660854613,915
-42.039856988281485,173.67074729593867,4.7,2016-11-24 01:29:49.921810810,915
-41.87134351364904,174.12667861017235,4.7,2016-12-06 02:37:00.402400962,915
-40.52400507156402,174.0663263166262,4.4,2016-11-15 07:21:35.442330320,915
-40.538823897477016,173.9509092284136,4.1,2016-11-15 05:45:26.618905553,915
-40.88363474013339,174.286400596819,4.5,2016-11-21 07:44:51.338603,916
-35.4066148742329,179.21251226140356,4.7,2016-11-23 13:33:41.619636987,916
-42.6815526022891,173.26636171092022,4.1,2016-11-28 22:41:58.409857138,916
-41.77226890335231,174.1413587315505,4.5,2016-11-23 04:50:13.463369661,916
-41.492132555504696,174.27450407924107,4.2,2016-11-27 00:59:41.293670731,916
-40.26803001411231,173.78295722085667,4.1,2016-11-25 00:35:34.804872,917
-40.468481191989405,176.4511304165884,4.1,2016-11-27 03:16:55.975422,917
-36.39603179017509,178.17561109914624,4.3,2016-11-30 07:43:49.916594,917
-38.09019486150731,175.95033163938749,4.6,2016-12-13 22:20:40.303716,917
-38.54307483368024,178.04024111333322,4.5,2016-12-13 23:40:43.113473166,917
-37.135623617530825,179.0147512778169,4.1,2016-11-23 01:52:25.919284732,917
-42.60500964353412,173.00749664961546,4.3,2016-12-10 09:14:20.397719976,917
-41.78239768868175,174.31317670449448,4.2,2016-11-14 10:55:23.084612679,917
-41.73590489907512,174.3972182184483,4.5,2016-11-14 00:28:44.494224528,917
-41.73250079563213,174.43407482615652,4.3,2016-11-20 17:37:36.842207162,917
-45.217655780940525,166.69456840758525,4.7,2016-11-20 19:37:19.707981,918
-37.02505983020579,177.4863605989148,5.1,2016-11-27 04:31:00.736965,918
-41.42885542758762,174.81809566367517,4.8,2016-12-13 09:39:57.409775058,918
-42.30968919596724,173.9946052409814,4.4,2016-11-14 06:57:40.246063256,918
-42.41265225087065,173.98199475493,4.7,2016-11-17 23:16:05.628343501,918
-42.61264352240329,172.9220433829404,4.1,2016-11-17 14:22:27.358808852,918
-41.96152691580843,174.1761458500634,4.2,2016-11-18 09:37:17.000575432,918
-42.567486193173565,173.18634964325966,4.7,2016-11-16 08:05:31.431768171,918
-42.45173005337872,173.27946596140129,4.1,2016-11-14 03:04:51.162618817,918
-41.73302061213397,174.27468836841453,4.7,2016-11-14 01:57:38.534724406,918
-41.8760248600294,173.6784610269677,4.2,2016-11-27 19:04:03.418405186,919
-42.19607047554004,173.84217305593666,4.4,2016-11-15 01:46:41.198275329,919
-42.49528343540766,173.3053404666724,4.4,2016-11-14 16:47:09.651337305,919
-42.6466022868985,172.93107670049335,4.4,2016-11-17 18:42:07.618334064,919
-40.708677752925205,175.66908026218732,4.5,2016-11-15 14:29:38.163463648,919
-42.45321044032897,173.2827508994339,4.2,2016-11-15 23:25:08.083941803,919
-41.898015224174266,173.6436455694064,4.2,2016-12-05 13:19:03.686840001,919
-46.18380703933409,165.97105935669816,4.6,2016-11-26 18:48:35.615246,920
-39.26548051759882,177.19433167485025,4.6,2016-11-29 01:20:19.085757,920
-43.558754876948285,172.60449577002038,4.6,2016-11-21 19:24:46.213892856,920
-37.24006013017031,179.28369585113938,4.4,2016-11-30 11:26:17.317768788,920
-39.28196658910109,173.83087045048262,4.4,2016-11-29 03:25:36.293796826,920
-41.71514038452503,174.23295488014622,4.5,2016-11-14 09:13:09.131735294,920
-41.69657326530601,174.40873936377585,4.1,2016-12-13 03:05:46.238246056,920
-42.50216182733188,173.15377268909063,4.2,2016-11-14 07:01:18.019511105,920
-42.5035039512803,173.76056990500146,4.1,2016-11-14 09:08:46.718740156,920
-41.736057129290415,174.23275495600663,4.3,2016-11-14 17:51:57.997670411,920
-41.93245084069588,174.01353623497047,4.7,2016-11-14 15:50:49.335370307,920
-35.7241905946203,179.23211872714094,4.1,2016-11-20 19:15:29.245684,921
-36.91872532096247,179.64635248868066,4.5,2016-11-26 00:49:49.791705,921
-36.53435717824542,177.7289199669048,4.6,2016-12-07 16:04:39.000692,921
-38.50126257032521,177.6376243761792,4.3,2016-11-23 20:50:48.215347980,921
-37.23113184543852,178.83119091725945,4.3,2016-11-18 01:36:09.809400316,921
-42.218362900031096,173.36526320784532,4.2,2016-11-16 12:47:11.011691924,921
-42.30188769533347,173.96039136896496,5.0,2016-11-21 14:31:37.422125439,921
-42.54959670532522,173.17728630637615,4.7,2016-11-16 06:29:03.200810320,921
-42.7534695346652,172.80258393804553,4.5,2016-11-14 16:55:59.550120046,921
-41.71786453898836,174.2880120582915,4.5,2016-11-15 11:47:38.155462911,921
-41.67869521349624,174.28918033750247,4.5,2016-11-16 07:39:20.265148794,921
-38.81202328222299,175.60441443342515,4.3,2016-11-18 03:11:46.038487,922
-38.24519141195503,176.26145068697582,4.4,2016-11-30 23:08:39.495397,922
-45.15824590804747,166.71512099149365,5.0,2016-12-13 06:02:43.296208,922
-38.79846629159049,175.2728891526642,5.3,2016-12-10 11:30:47.141079580,922
-41.788553880509454,174.35278822020376,4.3,2016-11-17 09:37:18.014635282,922
-41.73984891413775,174.26689898045035,4.1,2016-11-15 07:47:29.663971285,922
-42.24106742358139,173.8254736178544,6.0,2016-11-16 20:28:20.351820202,922
-41.70583470310955,174.21108536567542,4.3,2016-11-23 22:56:37.234788852,922
-41.73322183789848,174.35049820426573,4.5,2016-11-21 03:09:31.013921044,922
-41.7470324742729,174.0391522245161,4.1,2016-11-29 08:59:34.322444,923
-40.61997980723479,173.48465479015132,4.4,2016-12-12 21:49:25.039964,923
-37.29022104007661,179.52384773592803,4.1,2016-11-23 05:33:29.440622032,923
-41.6418032671286,174.36032268361478,4.1,2016-11-14 20:36:18.592875826,923
-41.72466528298301,174.1874828965861,4.8,2016-11-16 01:14:25.227901880,923
-42.09913240210232,173.95553898585072,4.4,2016-11-14 21:27:52.704445422,923
-41.92143694995098,174.43926460269742,4.6,2016-12-01 10:53:38.345401891,923
-42.661042213769385,172.93697843493254,4.2,2016-11-21 06:02:07.437791469,923
-41.747615451738014,174.27618652693803,4.4,2016-11-23 02:02:58.987405683,923
-42.32874483204122,173.89993797652656,4.2,2016-11-21 16:15:26.695735250,923
-39.18775720863714,174.6200280409305,4.2,2016-11-24 13:12:58.488465,924
-39.30721715154896,174.49394081172034,4.4,2016-12-12 06:05:22.974693,924
-39.01742085047215,174.63143903431632,4.6,2016-11-24 13:55:22.949840460,924
-38.49406175756957,178.0018422147905,4.1,2016-11-24 21:19:42.426687234,924
-37.02183728887167,179.06263860397164,4.1,2016-12-03 15:54:19.933840963,924
-42.565932481055626,172.80121763589605,4.7,2016-11-25 01:12:36.603447838,924
-42.3075300509806,173.46520794332687,4.3,2016-11-17 10:35:02.978418474,924
-42.06970827644636,173.85698619261368,4.2,2016-11-14 09:53:33.627802258,924
-42.06125310387126,173.85835125514552,4.2,2016-11-14 02:52:12.720215798,924
-36.87216838978377,179.08965136926162,4.5,2016-11-17 11:08:35.805382668,924
-41.97186072499184,174.06352725460312,4.1,2016-11-17 22:29:05.097381152,924
-42.53166999971136,173.77884485622363,4.6,2016-12-08 09:31:28.805577989,924
-42.45349133913479,173.30039719513053,4.3,2016-11-21 04:49:58.272431466,924
-41.95533147949445,174.0639035569705,4.3,2016-12-02 01:13:03.416042967,924
-36.711916932361945,177.27673075473564,4.1,2016-11-27 03:34:33.804914,925
-42.69255424165496,173.35664905580282,4.1,2016-11-26 01:13:31.994625461,925
-42.435537488525576,173.80194128368197,4.1,2016-11-18 17:09:16.833184061,925
-42.43609498825656,173.4449485340651,4.3,2016-11-15 01:14:30.423033357,925
-42.37590123552645,173.88443002403395,4.3,2016-11-14 21:00:42.469715947,925
-42.28737733245289,173.8784869888308,5.3,2016-11-15 02:21:55.140940443,925
-42.65471299448381,172.8318099668566,4.1,2016-11-16 22:50:46.500218473,925
-42.57288516204447,172.61238531285358,4.7,2016-11-14 22:58:38.548245790,925
-35.61954196337701,179.05037873960987,4.1,2016-11-23 14:46:29.151473107,926
-41.65910960138992,174.12701510407663,4.2,2016-12-02 04:46:10.093384805,926
-41.7075294697474,174.25304681321555,4.3,2016-11-15 07:20:25.224052367,926
-41.74715217470572,174.28495660805464,4.3,2016-11-15 15:15:27.236152047,926
-41.72786609789492,174.2606360003882,4.2,2016-11-25 06:40:33.790013626,926
-42.528939084284254,173.50919195449887,4.1,2016-12-09 09:43:05.841082744,926
-41.72254630721,174.21787064274346,4.5,2016-11-18 02:59:08.377385121,926
-41.69753839291623,174.2520969559827,4.3,2016-11-14 09:50:53.035451608,926
-39.50447351764856,176.07775704250463,4.3,2016-11-24 20:10:33.127894,927
-36.69292138544027,177.68006015452175,4.9,2016-12-04 17:18:04.084498,927
-37.41510183883042,177.7569358719584,4.3,2016-11-26 00:10:35.338751773,927
-42.57180500231736,173.20550816766277,4.3,2016-11-14 19:45:58.069271068,927
-41.82050146756711,174.507678224075,4.2,2016-11-28 19:36:11.868633696,927
-42.43777595718573,173.22086161449934,4.4,2016-11-30 06:40:47.081952152,927
-42.1458004929413,173.58829378157623,4.6,2016-11-14 13:43:36.740608057,927
-41.71906312525401,174.25437525203776,4.2,2016-11-15 13:01:17.006035754,927
-42.2811298193416,173.6512162893663,5.3,2016-11-15 04:29:35.959254045,927
-42.33567814221329,173.94681022440952,4.2,2016-11-14 03:59:51.017884117,927
-41.7072886183353,174.1664493541126,4.5,2016-11-15 02:02:27.149465610,927
-44.49809285485924,168.40515956549817,4.9,2016-12-13 04:47:39.971423,928
-42.66283860722388,173.20315919987482,4.1,2016-11-28 23:27:16.876698506,928
-42.56504042353374,172.57361992508478,4.1,2016-11-28 13:54:21.562527134,928
-41.60173622848234,174.35622727451226,4.1,2016-11-17 02:10:07.992390780,928
-41.65555988783559,174.3849837647871,4.5,2016-11-29 00:50:21.092168484,928
-42.23407119380448,173.55729755496898,4.3,2016-11-14 13:40:40.203591952,928
-42.51372962358731,172.6221541721824,4.2,2016-12-02 06:21:46.586402278,928
-42.519122523901714,173.1107749680609,6.5,2016-11-22 20:52:57.058108886,928
-36.88748690707489,179.13107511630102,4.3,2016-12-01 10:41:15.775184372,928
-41.72929722302445,174.30675120089987,4.3,2016-11-14 04:15:17.255190625,928
-41.65528204385426,174.36821286797024,5.0,2016-12-03 16:24:18.003000557,928
-35.2585860169118,179.4571392134908,4.4,2016-11-17 19:46:26.685458,929
-36.95311214337059,179.95049947970656,4.4,2016-11-20 03:27:27.420011,929
-41.73129820129329,174.21693456740263,5.0,2016-11-24 00:42:22.180228976,929
-41.87115319554714,173.28783264340296,4.1,2016-12-09 13:16:58.651428458,929
-42.6676030292847,172.992137061674,4.5,2016-12-04 15:40:57.374050083,929
-42.09256024637505,173.82904766225764,4.9,2016-11-19 00:04:56.687368355,929
-42.03621624851002,174.34981227054894,4.3,2016-11-16 18:03:06.782564158,929
-41.84704632734263,174.20314797592954,4.2,2016-11-14 10:55:00.950224534,929
-42.45181652097912,173.5141755618222,4.1,2016-11-14 02:05:31.394656127,929
-41.72231756869992,174.23569525775002,4.1,2016-12-07 13:04:21.343638387,929
-41.82786444391446,174.1896833833664,4.2,2016-11-14 11:00:31.155566329,929
-42.18347818363954,173.87052570228616,4.8,2016-11-16 05:58:03.393907,930
-36.67362917307705,177.48917516595822,4.1,2016-11-16 10:26:28.230571,930
-45.43561502296358,167.06138689620826,5.0,2016-11-20 23:57:15.600951,930
-38.39810503748908,176.0313522767404,4.3,2016-11-30 07:42:15.110739230,930
-42.26996904698364,173.7545790123361,4.4,2016-11-14 13:56:21.618274189,930
-41.90292351592917,174.0448855194685,4.2,2016-11-14 04:09:35.160829329,930
-41.83846205010066,173.97829817909164,4.1,2016-12-12 23:03:01.661028989,930
-42.14325697512467,173.62263147755587,4.1,2016-11-14 05:17:13.481872119,930
-42.59970558948376,172.8258466306255,5.0,2016-11-25 15:06:41.036828664,930
-42.30406811865264,173.32463407095668,4.2,2016-11-17 07:22:46.913749133,930
-41.8337995973345,174.21944839664187,4.1,2016-12-09 09:55:28.218571857,930
-42.088581629817554,173.63760662461047,4.6,2016-11-15 19:57:44.820231256,930
-41.76209445695941,174.2976688240871,5.1,2016-11-14 08:58:43.548160508,930
-41.77488977363747,174.22701090075535,4.1,2016-11-15 14:37:54.596096302,930
-42.5239116124133,173.24164825345645,4.1,2016-11-15 22:47:28.298842557,930
-41.8146014537812,174.02640163423078,4.2,2016-11-20 01:42:23.067344671,930
-42.319173630285455,173.8021990606445,4.1,2016-11-14 14:10:12.532209164,930
-41.81345816302625,174.34655880653946,4.3,2016-11-30 06:25:54.419162628,930
-41.35418843535265,172.5362955127641,4.6,2016-11-14 11:50:56.216878,931
-36.47732124489696,177.91811626210878,4.4,2016-11-28 08:00:52.593657,931
-43.70288657764307,169.801806888655,4.1,2016-12-04 04:47:03.175905,931
-36.7717008747705,177.37192683640413,4.3,2016-12-09 15:26:59.317076,931
-37.17754722590929,177.53654804971785,4.4,2016-12-11 09:09:44.871531,931
-42.55715646808555,173.3274923060026,4.1,2016-11-21 23:08:23.941945695,931
-41.92233468060713,173.70247936942317,4.1,2016-11-14 01:26:18.764703717,931
-42.14952806083541,173.58981280978333,4.8,2016-11-16 08:17:52.693180678,931
-41.74982058028516,174.24742901570477,4.8,2016-12-01 01:38:56.186830552,931
-42.39456236084254,173.5507584125092,4.4,2016-11-17 01:30:14.072851881,931
-41.73283801397659,174.20424160723576,4.2,2016-11-15 19:00:54.844118642,931
-41.755575524096734,174.29659272506768,4.5,2016-11-28 07:55:49.911757550,931
-42.321146005109725,173.9468299209105,4.6,2016-11-14 11:44:56.528893138,931
-41.7104767209128,174.18621479426938,4.7,2016-11-18 04:05:00.483551347,931
-41.88426722057631,174.06100343363698,4.2,2016-12-05 07:25:04.165544092,931
-39.27176866211156,173.57212914462283,4.1,2016-11-17 09:51:00.922845,932
-38.62657849631994,176.11155606416088,4.1,2016-12-04 15:10:21.292983,932
-38.41619373328319,179.24243178533442,4.7,2016-11-15 17:08:15.143787896,932
-37.14754374286435,177.968513067796,4.3,2016-11-18 08:02:03.691828540,932
-42.84984218254993,173.32744660445303,5.1,2016-11-14 18:28:07.483347442,932
-42.46138707968808,173.68758168097148,4.5,2016-11-22 22:03:28.307572609,932
-42.640245681734285,172.78067293251442,4.3,2016-12-04 13:38:39.532470555,932
-41.825390152852535,174.1304721480126,4.3,2016-11-18 00:28:55.229569958,932
-41.71451394905471,174.27634916526316,4.1,2016-11-20 06:45:08.704871682,932
-41.80363953426765,174.23168090195074,4.7,2016-12-02 16:32:15.772797915,932
-42.15270396424772,172.72955268749865,4.5,2016-11-20 01:23:37.989056785,932
-41.73149820040405,174.39208211537905,4.4,2016-12-03 02:58:56.779802019,932
-44.90442777203949,167.83498900700954,4.1,2016-11-17 07:50:24.756028,933
-45.05578261919676,167.05339623142416,4.3,2016-11-22 17:29:01.934659686,933
-37.09039058674422,177.94316989156442,4.1,2016-11-23 09:05:19.668630081,933
-37.130112201138864,179.1643187274008,4.2,2016-11-27 01:19:53.742593886,933
-42.25602541721499,173.6566691266042,4.7,2016-12-13 00:12:04.228313959,933
-41.67304085827866,174.10033165059147,4.3,2016-11-15 10:54:37.272970407,933
-42.550440255025485,173.85267653768665,4.7,2016-11-30 18:13:26.726938818,933
-41.69620859500083,174.32184583320418,4.3,2016-12-04 01:33:04.269089248,933
-37.06536200693593,179.9805641323785,4.6,2016-11-21 03:19:52.817848,934
-39.57007250098308,177.73391283653788,5.1,2016-11-21 11:11:00.759727231,934
-38.48586498033714,176.1271109491853,4.1,2016-12-07 17:38:58.458038414,934
-37.33766994817975,179.0648227157288,4.6,2016-11-21 04:36:48.273343616,934
-41.77462772137943,174.32705090979647,5.2,2016-11-15 21:15:27.022203863,934
-41.60462339629776,174.5108792388468,4.1,2016-11-18 01:09:45.440306499,934
-42.46077847332452,173.22299323016222,4.8,2016-12-12 04:51:48.884260633,934
-42.05911740631915,173.88124910387276,4.9,2016-11-17 23:16:32.991232357,934
-42.501578475232265,172.91825718315835,4.2,2016-11-15 21:15:19.637863875,934
-42.63542496379615,172.84335913100986,5.3,2016-11-21 02:27:11.633300029,934
-41.710596538809696,174.2033789143905,4.4,2016-11-14 07:10:06.306672569,934
-36.84155355087446,179.15729455960926,4.4,2016-11-16 16:37:33.561345344,934
-42.32947206217574,173.93139653951482,4.1,2016-11-14 01:05:51.394845586,934
-42.81000840131833,172.58266072954729,4.2,2016-11-14 11:48:16.750237288,934
-42.64532080370485,172.82758951530548,5.2,2016-11-21 11:23:27.444073539,934
-45.47738547516367,166.92695587328177,4.3,2016-11-28 03:42:47.172497,935
-38.96900587351509,175.70913567060649,4.3,2016-11-29 22:37:11.924599,935
-43.552469830839605,171.8852413468767,4.2,2016-11-14 13:33:43.359268032,935
-42.7920234067032,173.10103501429117,4.9,2016-11-14 03:33:58.713500307,935
-41.76642286038412,173.4370210239762,4.3,2016-12-12 07:24:17.615767296,935
-42.242564062263526,173.53112687065382,5.3,2016-11-25 08:00:30.611614830,935
-41.69826416639509,174.22116046394353,4.1,2016-12-06 00:20:47.121542646,935
-42.46197568913887,173.23708563979835,5.1,2016-11-14 00:52:27.620694842,935
-42.39120170146331,173.68428934925657,5.1,2016-11-27 01:33:12.683046050,935
-40.22695000344989,175.04448597157,4.5,2016-11-23 09:26:20.812389,936
-35.96912381572635,178.9017525080471,4.4,2016-12-12 08:20:40.227674,936
-37.82382538261963,176.14166910925087,4.4,2016-11-28 11:43:48.237917703,936
-37.78516586170845,176.24457231143046,5.8,2016-11-24 10:05:06.549507136,936
-36.926581363016766,178.70740016773613,4.3,2016-12-12 14:18:32.397213160,936
-42.88104323564535,173.2442097045748,4.5,2016-11-14 05:01:04.159608879,936
-42.04172833351903,173.74269655137215,4.4,2016-11-22 08:00:07.173946530,936
-42.2072775120216,173.6620419411739,4.3,2016-11-14 11:56:13.801459768,936
-42.46951309657079,173.7122524709115,4.5,2016-11-14 14:44:11.410203203,936
-42.38587024481631,174.2728685714516,4.4,2016-11-23 05:53:10.781359719,936
-41.73236972962718,174.34676382199223,4.7,2016-11-14 00:12:29.215244243,936
-41.7180559275515,174.38049884907176,4.3,2016-12-05 16:19:01.966672725,936
-42.72375498216868,172.66264627352575,4.6,2016-11-21 10:19:52.094031276,936
-37.00977755842815,178.87047475807128,4.2,2016-11-14 23:42:05.929305,937
-35.87058993946774,178.97206564089447,4.4,2016-11-16 21:39:20.707173682,937
-42.2873008617299,173.50141961571669,4.3,2016-11-26 22:12:37.112674372,937
-42.32703859204242,174.04405778818332,4.2,2016-12-05 21:37:39.657405497,937
-38.150735442842645,176.26312444709768,4.9,2016-12-08 21:44:49.209876,938
-37.06494683996444,177.47115096983129,4.5,2016-12-13 21:34:37.985999,938
-42.41269443627409,173.83321407712864,4.2,2016-11-23 17:00:16.188901308,938
-42.36425878310278,173.5260963415232,4.8,2016-11-19 13:19:19.391981554,938
-41.743962985176445,174.3817970162274,4.7,2016-11-22 12:25:21.512085963,938
-41.790669211317415,173.93165833702537,4.1,2016-11-19 02:34:07.229674534,938
-42.30680938065899,173.58423231727895,4.5,2016-11-16 22:26:51.854748855,938
-41.73321760115913,174.16015207583925,4.8,2016-11-19 19:02:29.033489626,938
-42.470188019628274,173.24629155015026,4.3,2016-12-08 01:13:05.326171538,938
-41.90713934104862,174.20216831999514,4.1,2016-11-25 21:51:22.450696366,938
-42.39216226706174,173.84978600055936,4.3,2016-11-17 20:29:03.218957753,938
-42.41561145535128,173.21322468060197,4.3,2016-11-14 10:45:54.952220788,938
-42.421301398813405,173.70125866469854,4.3,2016-11-19 13:33:28.727540769,938
-44.33858297647263,168.4558983639647,4.1,2016-11-18 04:33:35.918216395,939
-42.50721595165577,173.06294838462492,4.6,2016-11-15 05:26:50.749467723,939
-42.040449441791495,173.54556725915978,4.6,2016-11-21 10:34:10.353663830,939
-42.3817870998308,173.41463985564275,4.5,2016-11-15 17:11:56.552783439,939
-38.57464955447579,176.01663457179498,4.1,2016-11-14 11:01:41.544967,940
-38.06036299171654,176.56305616332156,4.1,2016-11-14 14:21:41.850776,940
-42.33375714386239,173.4887157507545,4.8,2016-11-19 22:30:44.695135589,940
-41.71388356854976,174.34662233876725,4.8,2016-11-14 18:47:38.449065799,940
-42.42668999379721,173.16004585489975,4.2,2016-12-09 21:02:19.147814176,940
-41.80340343525058,174.15920492135012,4.3,2016-11-14 03:41:57.947750841,940
-42.24044082356016,173.62268827916802,4.6,2016-11-14 14:35:16.486694005,940
-42.156370714761096,173.59756913129712,4.2,2016-11-14 09:31:14.423813557,940
-41.80480915497623,174.12533644610804,4.4,2016-11-16 16:37:24.069791955,940
-41.82860138849576,174.22917073505317,4.1,2016-11-20 05:13:38.864909506,940
-41.691232941203616,174.40032613384616,4.4,2016-11-14 22:40:18.148701376,940
-43.56835164195518,170.69894985108405,4.6,2016-12-13 13:37:35.118436,941
-36.97480112043064,178.68879333992186,4.2,2016-12-06 19:55:27.456185699,941
-42.7243594327507,173.15521959593417,4.1,2016-11-21 12:18:12.877464829,941
-42.65887567928648,172.98593557498037,4.5,2016-11-20 07:25:17.621806446,941
-42.03561323824635,173.82167427215765,4.3,2016-11-16 11:32:38.687526438,941
-42.58030061284345,173.01892747940195,4.7,2016-11-14 00:55:44.893480104,941
-42.6296433069405,172.78522256159673,4.5,2016-11-21 06:14:44.499662252,941
-42.5917028618296,173.10624942044996,4.3,2016-11-14 01:30:28.706448604,941
-42.55837853304952,173.1689722636795,4.4,2016-11-14 19:50:05.420219972,941
-42.62027950461758,172.7883494907076,4.7,2016-12-13 18:55:12.307195922,941
-38.85377520346697,176.0686664359935,4.3,2016-11-30 00:20:19.751721695,942
-35.968979980285525,179.38146422231387,4.4,2016-12-07 20:08:19.859611310,942
-42.58981123890452,173.00819238525696,4.4,2016-11-23 11:36:26.644984900,942
-42.30563989900976,173.60113957654335,4.9,2016-11-19 11:29:31.781269676,942
-41.69231944145125,174.19078271595458,4.6,2016-11-15 11:11:55.759409818,942
-42.36966795903982,173.47905575727927,4.1,2016-11-14 03:43:49.480034930,942
-39.82351112363953,174.2008364350479,4.4,2016-11-17 03:51:55.048164605,943
-36.33855019455012,177.91614311624198,4.4,2016-12-02 01:13:09.033808225,943
-45.2855014925761,166.76595732773535,4.2,2016-11-22 12:50:36.781339895,943
-41.97001038779906,173.88008181585155,4.2,2016-11-14 19:37:21.881060052,943
-42.62442212326101,172.86527382166778,4.2,2016-11-14 01:09:37.308617676,943
-41.807963731879646,174.11131940855398,5.1,2016-12-07 07:10:34.971819916,943
-42.409927471046366,173.3421548953888,4.5,2016-11-21 20:39:30.077589372,943
-42.67228107001517,172.8780703792893,4.4,2016-11-20 13:14:11.983391861,943
-42.41637680662,173.3659647735645,4.5,2016-12-06 02:12:34.008062521,943
-36.34476299043772,177.47432596857578,4.1,2016-12-08 04:52:49.807154154,944
-37.37630338118741,177.78041399605948,4.7,2016-11-16 02:09:21.339497242,944
-41.8139354596526,174.2308463229487,4.2,2016-11-24 20:51:48.753450826,944
-42.257067711899474,174.0502356730875,5.0,2016-11-26 16:17:07.302695186,944
-42.59104258880874,173.1061370275997,5.8,2016-11-14 08:49:15.172568303,944
-42.31340793894459,174.03829387184317,4.4,2016-11-22 19:17:45.906813196,944
-42.13838761190628,173.9988978549559,4.9,2016-11-15 07:37:48.930512178,944
-41.64036789018667,174.27116970741295,4.1,2016-11-14 07:55:41.680148513,944
-41.78868815367103,174.1398048495733,4.5,2016-11-14 13:31:06.459499005,944
-42.04354568213893,173.68271108100186,4.3,2016-11-14 05:20:24.426585259,944
-41.74366565873981,174.37308651217344,4.4,2016-11-14 01:59:48.562584377,944
-36.16267134968898,178.03109008082774,5.9,2016-11-25 13:56:16.196166,945
-38.18180786260594,177.06139932732682,4.2,2016-11-25 21:12:41.189012,945
-35.87001950527447,178.5489058250155,5.2,2016-12-13 15:57:40.380296,945
-42.03657746828296,173.7709806121077,4.5,2016-11-14 07:35:55.369531240,945
-41.72465502576553,174.320150259055,4.4,2016-11-14 01:27:19.408771337,945
-42.29215643310383,173.70808178033158,5.3,2016-11-23 01:30:03.326320715,945
-41.70880350886065,174.24544407141542,4.8,2016-11-14 20:49:13.081841071,945
-42.50037646274529,173.79623895652944,4.6,2016-11-23 13:41:50.096874115,945
-45.19423891403272,166.8900482849941,5.0,2016-11-18 12:04:16.078630,946
-45.05318332699285,167.90002767038723,4.8,2016-11-23 04:46:54.800292,946
-36.8540885237932,179.36715204792847,4.5,2016-11-27 13:50:01.851243750,946
-41.98330634638551,173.47773870718325,4.4,2016-11-22 11:19:55.431797878,946
-38.513319843086165,176.33408837033673,4.2,2016-12-06 14:19:25.397189,947
-37.46973300999415,179.80453714256345,4.5,2016-11-18 18:43:45.683767430,947
-42.28718454840696,173.03512520920498,4.6,2016-11-14 16:12:43.843512609,947
-42.19801117727943,173.84870262332348,4.6,2016-11-28 19:19:40.077227815,947
-42.148271942708405,173.6374749463051,4.1,2016-11-14 09:40:38.721650660,947
-41.78466205735154,174.16953433468066,4.1,2016-11-27 00:06:08.001731575,947
-41.7088605190463,174.20052211565562,4.2,2016-12-06 12:29:19.118718605,947
-42.23667891925752,173.51606510719898,4.1,2016-11-14 09:18:53.226097240,947
-42.56700306725477,173.23041912978195,4.5,2016-11-14 02:00:38.980903192,947
-42.64381389097638,173.3806390563508,4.2,2016-11-15 03:10:17.772960452,947
-42.58540058840166,173.12664844826534,4.3,2016-11-17 05:46:32.985819520,947
-38.31384296579388,175.97083282255616,4.3,2016-11-30 00:22:06.974870,948
-42.62704404524995,172.92625413145402,4.8,2016-11-15 02:43:26.430970690,948
-41.72496252457667,174.36397192324208,4.2,2016-11-15 01:19:36.319501139,948
-42.52271569664148,173.13286956829077,4.1,2016-11-25 13:37:16.087750008,948
-42.602106480810185,172.98001348227217,4.3,2016-11-15 02:46:23.190011629,948
-34.75747538684587,178.44604932253498,4.6,2016-11-22 17:46:07.308870,949
-37.367595202412986,179.38302783900133,4.1,2016-11-25 19:17:33.322864,949
-36.89210379429264,177.5411802358646,4.1,2016-11-29 05:37:17.610117,949
-41.61389457628296,174.24768350855047,4.1,2016-12-01 21:30:54.397755,949
-40.432631206865736,174.29523798850207,4.1,2016-12-02 21:39:27.826516,949
-42.43266078934884,173.0564529506962,4.4,2016-11-21 21:31:08.502943281,949
-41.77791444891517,174.2358416430518,4.4,2016-11-14 23:59:00.799851826,949
-41.83463742537231,174.26398030437468,4.6,2016-11-14 12:18:48.960964382,949
-42.30841415200534,174.03168221783974,5.2,2016-12-01 10:18:48.089759701,949
-41.83212450411536,174.10517796371082,4.1,2016-11-14 12:23:44.012623162,949
-38.11996918320872,175.92423962874213,4.9,2016-11-30 08:10:38.894815,950
-41.049668595606114,175.19454746744205,4.4,2016-12-05 10:56:13.337600485,950
-42.840076549978825,173.16668000518544,4.1,2016-11-14 12:35:01.480089059,950
-42.82060957796472,172.5378528748857,5.6,2016-11-27 13:00:59.652710130,950
-42.50806505622226,173.1960239807018,4.1,2016-11-17 08:56:48.232386075,950
-41.85138576495446,174.02054229416012,5.0,2016-11-14 14:50:33.252873767,950
-41.42469419535546,174.03287884968037,4.1,2016-11-24 15:13:48.218369819,950
-42.77578043440865,172.60548588321657,4.1,2016-11-19 09:42:52.179192558,950
-41.805951559161535,174.1485424240889,4.5,2016-11-14 09:05:02.212666936,950
-42.47113659856308,173.49301217817947,4.4,2016-11-27 03:05:08.955662810,950
-41.7979487812878,174.0357537812847,4.1,2016-11-14 12:02:27.566732536,950
-41.86358588398501,173.95917863168066,4.1,2016-11-14 04:47:29.407622809,950
-35.90467182386043,178.0730058449442,4.9,2016-11-25 14:40:06.339535,951
-37.22189847892346,176.71963106257544,4.6,2016-12-13 22:03:37.929941,951
-36.5635577648585,177.64231052026236,4.2,2016-12-08 16:44:40.960380322,951
-42.80369276381393,172.9710304615435,4.8,2016-11-15 06:42:55.582409148,951
-42.58141244752492,172.84604032357382,4.2,2016-11-14 22:28:40.982345222,951
-42.57180375089386,172.78583862415928,5.4,2016-11-26 13:39:05.504223909,951
-42.28960792446153,173.58646766748728,4.3,2016-12-09 07:49:16.387626198,951
-41.75034218470478,174.2280626173241,4.9,2016-11-24 03:28:24.630964383,951
-41.69064256265524,174.2804145252683,5.1,2016-11-17 19:01:41.555691289,951
-42.29970283490886,173.82188223561192,4.3,2016-11-21 17:52:55.778108436,951
-42.364698621717125,173.12683576877097,4.4,2016-12-07 01:44:33.718409210,951
-41.70560006639659,174.30829069728597,4.2,2016-11-20 17:06:07.794923145,951
-38.23108807056119,175.90391021025934,4.2,2016-11-24 07:24:38.710297,952
-37.50595863936759,179.41603761290116,4.1,2016-11-29 06:25:37.804976,952
-35.17454377321881,178.8929101141249,4.2,2016-12-08 11:43:18.716767997,952
-42.50167097529536,173.34698798255383,4.1,2016-11-15 11:42:19.105996464,952
-42.22629455874284,173.65555114437726,4.1,2016-11-16 11:05:14.785944875,952
-41.71706112989028,174.2881307736562,4.3,2016-11-18 13:05:15.510673303,952
-41.70991515564512,174.29269586896652,4.9,2016-11-25 10:49:44.772133228,952
-41.87375039765752,174.1664646873013,4.6,2016-11-16 11:56:12.758643434,952
-42.65395986503503,172.82297545655592,4.2,2016-11-14 00:52:22.522683604,952
-42.43656491298774,173.3209197487605,4.2,2016-11-27 15:45:29.709188155,952
-42.46843876518199,173.3452778597659,4.6,2016-11-15 14:26:16.180848018,952
-37.88626846376239,177.59938079079146,4.4,2016-11-24 05:28:46.330677,953
-41.31248932966033,174.49185811104348,4.1,2016-12-13 21:26:55.618720,953
-45.68679798445091,165.6802818204141,4.3,2016-12-06 23:09:41.781916077,953
-36.05235981649289,178.66123549485397,4.3,2016-11-19 22:28:21.039888432,953
-37.29949567785326,178.75464061947503,4.2,2016-12-02 18:32:37.553334492,953
-36.070264375805614,178.83069924655248,4.2,2016-12-12 19:40:43.898331254,953
-42.50189236772674,172.97169356164264,4.3,2016-11-14 13:48:28.102236444,953
-42.166392280488,173.65764941721596,4.8,2016-11-15 18:18:47.341981706,953
-41.87661145263967,174.4697621585758,4.5,2016-11-14 22:53:39.228452824,953
-41.70010866153751,174.38818321997454,4.4,2016-11-14 04:22:31.853146630,953
-42.4401537549188,173.19328559382345,4.1,2016-11-15 12:35:52.445915861,953
-42.13490258090364,173.75139492089508,4.1,2016-12-06 12:25:07.736230594,953
-42.27320015267965,173.6319266274119,5.3,2016-11-14 20:49:51.978644522,953
-41.64527748986127,174.2910322233215,5.0,2016-11-14 00:53:37.506279483,953
-41.934487018039526,173.90612240198226,4.2,2016-11-15 23:52:29.020988216,953
-36.86487032827229,179.07602460999556,5.0,2016-12-02 22:02:21.548407794,953
-41.715439118042816,174.3103527084302,6.0,2016-12-10 01:17:11.616797396,953
-42.04887654622097,174.0364461097011,5.1,2016-11-22 21:15:32.359574080,953
-42.04098272486149,174.15868819296537,4.3,2016-12-07 14:18:59.054515142,953
-42.287925484558215,173.799307600826,4.3,2016-11-14 01:47:07.729916144,953
-41.59550932630164,172.05440644018506,4.3,2016-11-20 21:01:06.042600,954
-38.02662316291947,176.1867642944485,5.1,2016-11-28 21:08:24.279924,954
-36.994824410860375,179.1926048331811,4.3,2016-11-24 22:43:57.880092323,954
-42.15377844774952,173.38745683018388,4.1,2016-12-13 07:12:27.613818570,954
-41.76444533616106,174.31261903636758,4.1,2016-11-17 09:12:27.239471746,954
-42.32663548811706,173.5044969122007,4.4,2016-12-02 22:02:05.943017643,954
-42.49127159844421,173.18069686797423,4.2,2016-11-16 13:00:42.786616688,954
-45.26530350312928,167.1869909336991,4.1,2016-11-21 13:31:13.891247,955
-37.71789052067532,177.44669635323254,4.1,2016-12-01 23:18:42.292268,955
-44.78620076075496,168.25674268980154,4.6,2016-12-10 21:40:30.752268,955
-42.94066512862396,171.82934155374238,4.7,2016-12-11 02:23:56.609314,955
-45.397678305738886,167.5529959287149,4.1,2016-12-12 21:48:03.980135,955
-42.5410501896786,172.89402028041314,4.5,2016-11-16 12:24:37.244369832,955
-42.0177159168608,174.0490785946612,4.3,2016-11-14 17:46:43.475731775,955
-42.51351388338758,173.29393404950093,4.5,2016-11-21 19:06:38.967421110,955
-42.68744130114086,172.93984888953338,4.1,2016-12-13 15:36:21.582522676,955
-41.7520757513017,174.3044584622157,4.1,2016-11-18 00:52:28.207487837,955
-42.38227131419068,173.22023274583128,4.7,2016-11-20 13:51:15.548259984,955
-41.75548605509928,174.40247170709185,4.4,2016-11-16 11:07:48.902625367,955
-41.77184825054925,174.05372670833182,4.5,2016-11-24 15:23:30.366689720,955
-42.532452767144406,173.2201321405042,4.4,2016-11-18 16:27:16.836249209,955
-42.41073389265849,173.21993680643615,4.1,2016-11-20 15:22:29.911319118,955
-45.31023261460166,167.00600781378364,4.1,2016-11-20 14:15:12.157317,956
-39.36594806225357,175.49615685108606,5.0,2016-12-02 09:33:17.342060,956
-40.04880254075572,176.01017597607753,4.4,2016-12-12 17:40:20.334772,956
-42.52137450527569,173.21611849271216,4.3,2016-11-15 12:36:09.744103909,956
-42.30393286313377,173.4024590871174,4.1,2016-11-14 19:15:04.855980541,956
-42.14943099756824,173.6221022610522,5.2,2016-11-24 19:22:26.165479724,956
-41.76369441894844,174.23100321012453,4.5,2016-11-23 19:14:54.351954266,956
-42.69857384413505,172.8140348035721,4.3,2016-11-22 01:48:37.177028023,956
-42.10756110746476,173.86694791661506,4.3,2016-11-14 01:19:23.838726169,956
-39.2269954902478,177.59351147246366,4.2,2016-11-14 18:27:34.904888,957
-40.10256441614876,174.4417032934606,4.2,2016-12-06 00:00:32.107222567,957
-42.17398662166576,173.8327581529281,4.7,2016-11-25 20:59:23.112696424,957
-42.11979855010424,173.5563712082605,4.5,2016-11-24 06:29:27.286932430,957
-42.02465020202328,173.64703538393076,4.1,2016-11-14 01:20:33.220715874,957
-41.67067780312126,174.32169602851198,4.4,2016-12-06 08:52:23.817669024,957
-41.704210903559925,174.20186218893534,4.1,2016-12-02 06:40:18.366171003,957
-42.45643984141833,173.1741904051688,4.1,2016-11-14 14:56:44.682788465,957
-42.21124129602607,173.91295551532718,4.5,2016-11-25 04:22:55.866420463,957
-41.85071284104466,174.08878625237546,4.2,2016-11-14 12:58:27.516929807,957
-41.81826932709949,174.25324054921552,4.4,2016-11-19 18:47:04.275217470,957
-42.41207225140264,174.21813692489786,4.3,2016-11-18 19:18:20.834285437,957
-41.655482308132655,174.31398357316397,4.2,2016-12-06 06:49:33.162167744,957
-42.15532159710197,173.6384460906371,4.5,2016-11-24 06:44:57.944779862,957
-37.548652667541454,176.52858907275365,4.3,2016-12-07 20:34:02.240467,958
-36.83969658100556,179.207391513161,4.6,2016-12-01 06:27:32.772771768,958
-42.99905261628105,173.04793103418348,4.1,2016-12-09 15:41:29.355918,958
-42.528365287409855,173.03336214126003,4.2,2016-12-12 11:20:28.701380826,958
-42.60435767802968,173.16076995484602,4.1,2016-11-22 01:38:43.531089446,958
-42.03296865041326,173.68536301899957,4.1,2016-12-02 03:24:09.186883830,958
-41.87968671752871,173.89421425401753,4.9,2016-12-09 15:42:17.340823961,958
-42.25060636603712,173.85406462547328,4.1,2016-11-14 22:59:37.944421864,958
-41.97201719522534,174.14276764016802,4.4,2016-11-16 22:38:24.656176624,958
-42.18116942612767,173.78438082065657,4.6,2016-11-15 00:55:31.069603433,958
-41.58738108558149,173.06060346100696,4.6,2016-11-20 16:05:19.809213627,958
-42.152612611784726,172.71112628576404,4.8,2016-11-14 08:15:12.703893926,958
-39.63990091357844,176.52524290853117,4.7,2016-11-17 03:43:12.874131,959
-37.72066093279316,179.30401511408033,4.5,2016-11-25 09:56:18.095353,959
-37.48349353183312,179.89283122828678,4.2,2016-12-05 13:18:33.544366,959
-42.32409856059551,173.56986524259676,4.5,2016-11-23 00:17:04.370189940,959
-41.9328267361266,173.92580450392555,4.2,2016-11-14 06:57:35.911297223,959
-41.8119862700266,174.07685779184774,4.3,2016-11-19 17:24:58.176803300,959
-41.746515009318216,174.21760265539731,4.1,2016-11-15 14:52:24.714176589,959
-42.30786470986887,173.86431202257626,4.1,2016-11-14 04:05:44.922451541,959
-43.61131215222365,172.99693141678085,4.1,2016-12-01 06:02:42.516294938,960
-42.60738054549366,173.13743147676686,4.9,2016-11-23 21:29:18.155903110,960
-42.406595119996034,173.71086510000362,5.0,2016-11-14 20:00:33.035464735,960
-41.68097105413669,174.2045297089392,4.5,2016-12-03 08:08:50.496673998,960
-41.576195021783526,174.4432570184168,4.1,2016-12-04 06:54:00.148111654,960
-41.7917818108804,174.3333706625699,4.2,2016-11-20 07:23:22.364889163,960
-42.69936099248321,172.81073813810494,4.3,2016-11-14 04:19:47.114206600,960
-42.27049705238007,173.6031781110278,6.0,2016-11-14 15:43:24.307586439,960
-42.26106871494421,173.66660512937528,4.4,2016-11-30 23:10:54.675970857,960
-41.92109479053935,174.38754709380578,4.6,2016-11-17 01:01:34.533997,961
-36.86573641892616,177.56699853395145,5.3,2016-11-26 16:16:35.331609,961
-43.51324744522619,172.72214229723454,4.1,2016-12-11 05:47:35.060999207,961
-42.32145700756128,173.34593821763474,4.1,2016-11-14 11:31:49.832202884,961
-41.82894065700441,174.2245489018745,4.3,2016-11-23 03:52:41.664836022,961
-41.66996602595395,174.27422569043588,4.9,2016-11-14 11:57:35.123139308,961
-41.82533677878583,174.27963546431695,4.6,2016-11-18 00:25:52.758835078,961
-42.5021979733316,172.8092691524149,4.1,2016-11-15 05:54:15.303672808,961
-42.06560992848225,173.6936062099013,4.2,2016-11-30 06:24:18.098795129,961
-42.0659353201434,172.858339799228,5.8,2016-12-11 14:18:17.166965,962
-37.25666563598866,179.05871438983124,4.4,2016-12-07 05:04:28.048495674,962
-42.60086251408973,172.9200213915358,4.3,2016-11-16 02:57:13.593634200,962
-42.699577420820106,172.82769891630792,4.4,2016-11-14 04:16:46.561331284,962
-42.19002823381157,173.82290872955477,4.2,2016-11-14 00:58:37.250378683,962
-41.90861834526019,173.95469917351463,4.5,2016-12-10 09:47:03.163297774,962
-41.78022011591764,174.2825904663319,5.3,2016-11-14 00:56:29.427768247,962
-41.690798356344295,174.2491292603871,4.6,2016-11-15 10:32:11.920499828,962
-42.373577264192605,173.56392762049964,4.7,2016-12-11 01:03:37.402539857,962
-41.72699670694296,174.3633471371609,4.1,2016-11-17 18:17:49.910694196,962
-43.85855769056733,174.22046884947824,4.3,2016-11-14 11:25:43.552730496,962
-42.38835441132245,173.1011651845032,4.2,2016-12-09 23:50:22.606079289,962
-42.40170361506462,173.0904157432518,4.4,2016-12-09 23:51:05.264594859,962
-45.26575752542574,167.5505065675083,4.2,2016-11-17 03:09:27.777533,963
-45.25893395082539,167.5138798029597,4.2,2016-11-17 03:14:39.954057633,963
-37.92595946762657,176.13358202300006,4.7,2016-12-04 14:25:50.583030608,963
-36.98448063729168,179.0949664282816,4.1,2016-11-30 20:52:14.788125977,963
-42.28328189931574,173.7687490131146,4.3,2016-12-01 11:51:40.143774890,963
-41.61786432695583,174.0974841669855,4.3,2016-11-24 18:43:47.023950252,963
-42.4527505916841,173.1969089696924,4.5,2016-11-29 22:35:55.819508394,963
-42.03282648162588,173.6604751762183,4.8,2016-11-14 13:08:16.278041617,963
-38.07789920840156,176.3831243308742,4.9,2016-11-14 19:51:11.060178407,964
-37.33591910052051,176.17411577292003,4.1,2016-11-26 06:36:41.802293885,964
-42.50920951329229,173.03899509121777,4.1,2016-12-01 14:51:16.355569815,964
-42.4815866452947,173.76139431087827,4.4,2016-11-19 04:43:52.693711650,964
-41.62312610723049,174.31327629484662,4.4,2016-11-15 02:57:17.287617122,964
-41.83068287983016,174.03201939992857,4.4,2016-11-15 11:07:20.555145732,964
-42.464904861674704,173.3899582829687,4.5,2016-11-15 07:53:28.261234283,964
-41.89558620795978,174.44844006172886,5.2,2016-11-15 10:34:52.464791183,964
-42.54526376087994,172.7452735401051,4.9,2016-11-24 10:15:04.326975721,964
-37.31184417139988,176.2291224913532,4.5,2016-11-30 18:19:34.127964787,964
-37.83345887834217,177.3402539179121,4.1,2016-11-25 02:06:30.221523,965
-41.74303054376359,174.58718100160962,4.2,2016-12-07 19:54:16.252022,965
-42.77951860596166,171.53942988306105,4.9,2016-12-08 02:27:50.044536,965
-40.6233511636877,175.7763652953821,4.1,2016-12-07 23:55:42.886264066,965
-42.36243512266732,173.5007258158403,4.2,2016-11-14 09:42:08.322095799,965
-42.668397655750766,173.06704790500112,4.1,2016-12-13 12:24:28.332234928,965
-42.52754378072767,173.0826249609929,4.7,2016-11-14 10:45:41.557981580,965
-42.2471503571024,173.62499746140963,4.5,2016-11-16 19:05:35.432027832,965
-36.96279422763829,177.34805358818053,4.3,2016-11-19 21:46:18.444106886,966
-39.08405741857373,174.84007449035934,5.6,2016-12-11 08:26:07.519470475,966
-37.2689251048753,179.0997835783395,4.1,2016-12-04 22:54:31.942219980,966
-42.70358960442381,172.74621601288067,4.4,2016-11-14 14:29:29.518940233,966
-42.54641586756526,172.68960770768936,4.4,2016-11-15 03:34:14.203802669,966
-42.04016027568067,173.7207739430389,4.3,2016-11-23 12:06:22.312971626,966
-42.01507215948535,173.43687189295218,4.5,2016-11-14 15:01:33.475498062,966
-42.33966509815741,173.82829420401129,4.8,2016-11-14 03:45:41.531773462,966
-41.83634967686924,174.3325489777084,4.5,2016-11-16 02:10:05.103465457,966
-42.236777300013344,173.56574581490193,4.6,2016-11-20 20:52:21.399284004,966
-42.57922615901719,172.94528399577746,4.8,2016-12-10 06:01:42.689069713,966
-42.00839320406858,173.65570783144102,4.2,2016-11-14 02:50:09.623447872,966
-42.78634188124926,172.75497705208332,4.3,2016-11-15 04:17:10.861532291,966
-37.92072663916629,176.46896790849195,4.8,2016-12-07 11:47:03.569942,967
-43.56532213864336,172.7025678113708,4.3,2016-11-14 10:50:48.022492544,967
-37.03351061738034,178.782788276753,4.4,2016-12-11 17:07:24.749284592,967
-42.4075571510206,172.64063161537254,4.4,2016-11-21 06:14:59.708156024,967
-42.05441902636661,172.13480354413346,4.2,2016-11-19 17:44:31.096549470,967
-41.93933455101164,174.08409634213805,4.4,2016-11-14 00:57:09.433352163,967
-42.40084168299975,173.57122469993146,4.6,2016-11-15 04:37:08.674396833,967
-42.135548862696425,173.11146337967048,4.2,2016-11-14 03:45:06.480190300,967
-42.068543312968025,172.14751851373543,4.2,2016-12-06 05:25:19.502846319,967
-36.140794594075786,178.1331036898854,4.3,2016-12-05 06:57:23.696847,968
-38.76228752572705,175.8490581503412,4.4,2016-12-12 12:08:23.229526808,968
-42.979875326793696,172.72872211390373,4.4,2016-11-20 21:02:52.764629522,968
-42.8172733861886,172.75548517298142,4.3,2016-11-15 20:29:12.548187554,968
-42.16644899428444,173.5495810635179,4.5,2016-11-20 08:48:01.785833714,968
-42.31166017172461,173.7280306141492,4.2,2016-11-14 13:50:34.895802089,968
-42.43690952793696,173.3136412598677,4.7,2016-12-04 08:55:19.967388144,968
-42.51250586949588,173.253797402871,5.1,2016-11-21 15:19:05.412202572,968
-42.37839411786733,173.40603374020284,4.2,2016-11-24 00:40:37.003371846,968
-40.18152028081515,175.0790641002483,4.3,2016-11-14 17:34:45.101902,969
-37.85740192225887,179.4863932632104,4.2,2016-12-06 11:40:03.521870,969
-41.72111069865639,174.26166499212172,4.1,2016-11-16 06:01:52.554123835,969
-41.78809350099464,174.18692313134525,4.1,2016-11-16 04:40:53.922703927,969
-41.79907229210911,174.0760956420908,5.1,2016-12-12 03:58:50.910767416,969
-41.85575404976869,173.97898893925463,4.1,2016-11-27 05:39:50.251446465,969
-42.089902935921685,173.84187484936513,4.3,2016-11-27 02:01:37.803620717,969
-42.80115103392178,171.36625214232956,4.1,2016-11-17 03:59:25.910818,970
-38.47999426796336,176.2242493785247,4.4,2016-11-20 17:39:43.667847,970
-42.64806278845138,172.88568564464885,4.3,2016-11-14 03:01:12.544410723,970
-42.27687460560296,173.7338414712064,4.1,2016-12-05 12:32:49.268556672,970
-42.27301700401377,173.66172498775936,4.4,2016-11-19 02:47:53.783917800,970
-42.28878105165983,173.5764781186592,4.6,2016-11-23 18:24:56.066153778,970
-42.40421344313815,173.86084874085554,4.1,2016-11-16 07:35:31.471518854,970
-41.843427266146726,174.31271579565748,4.4,2016-11-25 06:42:00.682213665,970
-41.34464599885207,173.77364134462798,4.3,2016-11-28 07:39:21.580250782,970
-41.65976541966308,174.39571080899526,4.2,2016-11-14 19:29:50.785729471,970
-42.13448845199559,172.9040109445967,4.7,2016-11-19 22:35:47.411364433,970
-41.69222923162852,174.3735493967023,4.8,2016-11-14 03:13:03.455215483,970
-42.69801001312311,171.774614505669,4.3,2016-11-15 17:40:02.751774,971
-37.991626576817886,176.85781736210888,4.3,2016-12-05 15:39:08.129693,971
-36.55291105523908,177.03667650013344,4.2,2016-12-05 21:35:23.843057,971
-42.46061567049025,173.95773892855112,5.2,2016-11-14 02:36:45.435499061,971
-42.41382474270162,173.44748132015988,4.1,2016-11-14 05:55:51.962996654,971
-41.877926485505846,173.86909712885114,4.2,2016-11-18 08:25:41.035215832,971
-42.16917908530144,173.6486009539023,4.8,2016-11-14 11:55:02.930125011,971
-42.27687877544759,174.24000990810174,4.1,2016-11-14 02:25:13.153131666,971
-42.65014870186622,172.77255381238697,4.1,2016-11-22 02:13:09.826797120,971
-41.73986207039784,174.25647084077423,4.1,2016-11-18 14:08:27.746634249,971
-42.65244656419901,172.84238854327955,4.5,2016-11-14 08:10:51.164589273,971
-42.30462923262128,174.19675188991448,4.3,2016-11-14 08:51:55.461456384,971
-37.73089772385602,176.25736916005027,4.2,2016-11-27 05:22:49.541409,972
-36.04091582230552,177.9052779689704,4.5,2016-12-10 00:40:52.983876465,972
-38.03228316395445,176.1641934707193,4.1,2016-11-20 15:33:48.213723822,972
-42.30791551009674,173.5733054663419,4.1,2016-11-14 05:29:34.190085319,972
-42.01074450972794,174.05407589418593,4.4,2016-11-14 19:40:55.922434816,972
-42.68838518920872,172.7893074251742,4.1,2016-11-14 04:22:29.097974858,972
-41.974355699209255,173.86495115270185,4.4,2016-11-14 02:07:58.826636586,972
-42.1408054252796,174.00711627600853,4.3,2016-11-18 16:30:03.934311622,972
-42.08092491635091,173.82307404900754,5.1,2016-11-18 23:38:15.144072017,972
-39.09527970697359,178.27120455668765,5.0,2016-11-20 06:59:31.461681,973
-36.772584156979896,179.85112704336086,4.2,2016-11-24 22:11:42.868408,973
-40.60809782040585,175.27778062296227,4.8,2016-11-25 17:17:31.525372,973
-45.564565214705766,167.02470653899917,4.1,2016-12-12 06:22:11.934649,973
-41.95112083673432,173.8226844918265,4.6,2016-11-14 20:09:11.083596881,973
-41.70674710186452,174.32468722610176,4.1,2016-11-24 17:39:46.042075540,973
-41.69245210238975,174.28679463120866,4.5,2016-12-10 11:48:17.092843072,973
-42.24752256856021,173.6349924995221,4.3,2016-11-22 05:01:44.831362951,973
-36.32491609353917,177.8231032436592,4.1,2016-11-16 02:32:10.975541,974
-36.355669994661945,177.8041628750067,4.1,2016-11-16 02:32:17.258495483,974
-42.64981026240348,173.14581614233563,4.2,2016-11-19 22:04:36.812785532,974
-41.67125645956318,174.25269016185106,4.3,2016-11-20 15:08:53.858029459,974
-41.83903354252597,173.98573400098414,4.8,2016-11-16 17:55:28.770205901,974
-42.6232094693583,172.8312819256544,4.8,2016-11-29 17:35:24.979803120,974
-41.677974329576,174.2171367388761,4.1,2016-11-19 02:30:37.193219924,974
-41.78359803018554,173.94487470005626,4.6,2016-11-15 11:05:02.370647756,974
-42.40635176358943,173.59213671413102,4.1,2016-11-21 05:57:27.251333827,974
-37.171037960086856,176.71583639687398,4.5,2016-11-18 14:57:40.749725,975
-37.39414868275378,179.27194721658657,4.2,2016-12-01 22:57:26.584331,975
-42.23261888368552,173.4918058249099,5.2,2016-11-20 13:31:31.827107064,975
-41.808302263738014,173.90562510112207,4.3,2016-11-14 03:00:04.115015475,975
-42.470495503164734,173.14287129299944,4.4,2016-11-16 14:47:44.372033438,975
-42.39119286592933,173.7455674332673,4.1,2016-11-14 00:25:21.711247176,975
-42.45745476752173,173.74561435169554,4.2,2016-11-16 09:17:47.360327470,975
-41.70420145425257,174.2436726191902,4.1,2016-11-15 15:02:54.152742518,975
-42.08353182990563,173.87562358590793,4.1,2016-11-14 07:40:23.907866056,975
-37.71387760886242,176.43343030047149,4.1,2016-11-23 12:49:27.632638,976
-37.88271570095396,178.12695523298464,4.2,2016-12-10 17:14:56.073824,976
-42.17681933670232,173.78397175812677,5.2,2016-11-26 13:51:28.521424560,976
-41.87955637290421,174.1817121122866,5.4,2016-11-21 04:52:42.331874771,976
-42.62211321812007,172.94581544879978,4.8,2016-11-15 17:00:29.160180188,976
-41.73945701667024,174.17309905247913,4.8,2016-11-16 21:26:22.808415922,976
-41.76905735575185,174.327882929881,4.4,2016-11-15 02:43:53.652429243,976
-41.73516751137921,174.28227926420044,4.3,2016-11-14 11:05:24.902161474,976
-41.79073644473035,173.99858696194136,4.1,2016-11-15 19:55:57.411836047,976
-41.688401803792495,174.26213050271866,5.2,2016-11-20 03:02:21.317798269,976
-42.07662912937617,173.70508714978774,4.1,2016-11-27 08:24:34.440725668,976
-42.44152214454864,172.57160875851787,4.5,2016-11-14 22:40:29.801581192,976
-42.36764684795353,173.5286512234241,4.5,2016-11-14 02:13:38.948719974,976
-42.43638733228509,172.5711062735653,4.1,2016-11-14 22:46:24.472112487,976
-43.58295257774202,172.4248955577863,4.4,2016-11-26 00:57:33.576881501,977
-42.6893433268091,172.89139420446185,4.9,2016-11-23 15:39:26.799275557,977
-43.08616372707264,172.8889195241869,4.2,2016-11-15 22:12:41.350930476,977
-42.20389066116365,173.6248814745466,4.2,2016-11-14 11:26:10.309137504,977
-42.286385070377,173.6438937395116,4.2,2016-11-14 16:39:22.450002236,977
-41.92188272292199,174.1886977382859,4.3,2016-11-28 05:05:37.763703829,977
-41.92172373530186,173.94791705201183,4.2,2016-11-14 10:23:16.789983421,977
-41.760121147009926,174.24838642838145,5.3,2016-11-14 07:57:58.604663783,977
-42.29047627331585,173.773367048415,4.2,2016-11-20 01:37:04.694644219,977
-42.538852393677935,173.81988473141723,4.4,2016-11-17 05:58:21.377912762,977
-42.49265795913173,173.88753912538593,4.8,2016-11-29 05:10:29.035914683,977
-41.68316274771696,174.2749577780176,4.3,2016-11-18 21:14:18.706145098,977
-42.51973693231532,173.9800009157601,4.5,2016-12-07 19:26:08.443301847,977
-36.61384241850108,177.77907409563215,5.1,2016-11-19 06:45:50.523865,978
-44.857088740895584,166.64330973342342,4.3,2016-11-19 21:15:44.836144,978
-36.560687802839965,176.84656357451485,4.5,2016-11-25 06:51:47.599679,978
-36.56564102825959,176.57561207965765,4.5,2016-11-17 20:29:07.693106488,978
-43.52685190311708,172.8072293126975,4.2,2016-11-14 23:02:48.581901144,978
-42.79625252584407,173.31741286856294,4.1,2016-11-14 17:59:04.414462770,978
-41.94364949363431,173.52437818777264,4.3,2016-11-16 09:29:51.712028335,978
-41.84118546213536,174.38269611045268,4.2,2016-12-10 09:30:36.423690724,978
-41.959241674136464,174.12422308205683,5.9,2016-11-15 23:19:20.272719989,978
-42.18260565970818,173.74569650048883,4.1,2016-12-03 12:56:49.464156509,978
-42.49046749078094,173.1463735266916,5.1,2016-11-14 12:57:44.658078470,978
-41.70367243293928,174.32275589684954,4.3,2016-11-14 09:23:13.614942399,978
-41.97274927071698,173.544779808807,4.2,2016-11-16 16:27:21.252181014,978
-34.58869068961271,178.60900619592354,4.9,2016-11-24 11:14:34.535323,979
-37.80568216446689,176.32474427408616,5.9,2016-11-30 22:59:48.283448,979
-45.54061212805088,166.9288070670478,4.2,2016-11-22 20:40:50.560945581,979
-42.73395231831039,171.9911805374389,4.1,2016-11-22 22:05:20.372424348,979
-42.76889489862451,172.94786078037993,4.4,2016-11-14 11:44:30.385886120,979
-42.14688247603274,173.42193707277957,4.1,2016-11-15 08:45:31.252093986,979
-42.12346138098629,173.64393461568605,4.1,2016-11-14 18:31:55.930535191,979
-41.7221132141084,174.22244812947022,4.3,2016-11-14 06:34:41.655293998,979
-42.1992554061807,173.43451376908058,4.8,2016-11-15 07:13:46.071847208,979
-41.71830641790327,174.1958890014216,4.1,2016-11-21 00:29:52.637186184,979
-42.02348790913725,173.6648705281109,4.2,2016-12-12 17:20:16.375445486,979
-41.7024329213591,174.13899673342615,5.2,2016-11-14 01:14:48.047893805,979
-41.73918828974031,174.32853112848568,4.5,2016-12-11 20:41:37.894954208,979
-42.29532589944604,173.79389477277593,4.2,2016-11-14 03:58:56.272950211,979
-42.44961936490296,173.24444400085596,4.1,2016-11-19 04:30:10.290847626,979
-42.52592968027344,173.14812255354886,4.3,2016-11-16 20:35:45.406029341,979
-39.56772272212317,174.4380201863411,5.2,2016-11-27 20:37:57.108918,980
-46.72791198388053,165.12913299277923,4.1,2016-11-30 17:42:27.861060,980
-37.57886826444023,177.12552618152026,5.3,2016-12-01 02:29:01.755260,980
-44.27353228857495,169.9482446552585,4.3,2016-12-03 05:28:09.781919,980
-38.820506147968985,175.66818020803362,4.8,2016-12-13 05:35:08.349388,980
-38.49484866012041,175.81087219495032,4.2,2016-11-21 05:05:42.412833913,980
-42.49002758957381,172.82044489419175,4.2,2016-11-14 19:55:47.309768250,980
-41.68390603665085,174.31479812858387,4.1,2016-11-29 19:12:10.441283532,980
-41.7392137788644,173.95366578009586,4.4,2016-11-14 12:41:11.358056785,980
-41.68424953289739,174.1205263052552,4.5,2016-11-26 09:27:47.651869357,980
-36.864736082795005,176.93724962226304,4.2,2016-11-18 18:46:19.447670,981
-42.11945084429392,172.82025787801044,4.3,2016-12-04 15:46:25.878272,981
-45.34517221421916,166.92593667081016,4.2,2016-12-11 03:58:45.874688,981
-38.491260374882366,175.61834524516505,4.3,2016-12-12 04:08:55.687839,981
-42.58129166479579,173.72320416675365,4.6,2016-12-04 10:32:14.274921976,981
-42.04950628721972,173.82481972744245,4.5,2016-11-25 00:38:30.833479060,981
-41.83015903886463,174.12936637778725,5.3,2016-11-20 00:45:43.739310483,981
-42.70301698303805,173.00907885568262,5.6,2016-12-10 18:35:21.218658003,981
-41.85341385947936,174.30183037723097,4.8,2016-12-05 03:37:04.126557499,981
-42.52259308782481,173.13774268486492,4.2,2016-11-14 00:06:44.548141426,981
-38.02956407118187,176.11928194022343,4.6,2016-12-07 16:07:03.927314,982
-43.28814276582428,171.22634312688982,4.7,2016-12-12 14:24:46.869995,982
-41.67282147320602,174.28996977540285,5.8,2016-11-22 08:46:55.210018633,982
-41.84238243816123,174.43263885298094,4.4,2016-11-14 02:17:20.412359637,982
-41.737336083018256,174.2507030315115,4.6,2016-12-01 03:13:27.024556857,982
-42.35166743531349,174.18147876114747,4.1,2016-11-14 18:51:18.426421545,982
-42.09688498432463,173.7203051605982,4.9,2016-12-05 08:34:35.117674842,982
-41.86189270255401,174.4236597925228,4.1,2016-11-14 02:26:48.120164844,982
-44.98941480706468,166.59609379336408,4.6,2016-11-16 11:29:49.812011,983
-42.55389837536765,173.1380771314368,4.4,2016-11-16 18:43:05.077535559,983
-41.87229716217744,174.19781980078506,4.5,2016-11-16 14:38:47.062028453,983
-41.66518523531225,174.22200629299516,4.9,2016-11-14 02:43:29.054901964,983
-41.98585190064416,174.0232063888291,4.2,2016-11-28 16:26:21.258920169,983
-41.66905324922033,174.21377662611468,5.3,2016-11-23 11:03:42.045778730,983
-41.81072058768257,174.1899565480777,4.2,2016-11-19 11:28:12.493454591,983
-37.64394324448436,176.99651269773975,4.1,2016-11-15 16:17:20.722417,984
-42.43011678202934,173.23658893632367,4.5,2016-11-15 19:15:04.960741182,984
-42.09716996025456,173.8494059485712,4.4,2016-12-02 16:35:53.873979537,984
-42.22955101823293,173.82581983616987,4.2,2016-11-14 00:02:11.089571480,984
-42.21727100784559,173.41582866999045,5.1,2016-11-17 03:02:01.726908015,984
-41.80524723754568,173.9577503040583,4.5,2016-11-26 11:09:12.765395384,984
-36.98894581131167,178.64704923329882,4.2,2016-11-15 21:12:11.857632199,984
-41.76375949552324,174.4092156447717,4.1,2016-11-15 09:21:06.932760505,984
-45.040580528589096,167.8447461453599,6.6,2016-11-30 07:56:54.704876,985
-38.04984220103083,176.31888144294155,4.5,2016-12-10 04:38:22.459288,985
-37.36389159887339,179.07937305858988,4.1,2016-12-13 13:05:28.681005475,985
-36.94610352049804,179.29381636104137,4.4,2016-12-11 20:34:43.636597811,985
-42.69769674418984,173.50559969942552,5.0,2016-11-15 05:38:22.381133021,985
-42.29588125047946,173.79775660750764,4.1,2016-11-17 13:36:29.510477972,985
-41.881061312328015,173.85659424220108,4.1,2016-11-17 03:10:05.445038730,985
-42.63392960320297,172.86637012436077,4.3,2016-12-08 14:38:21.631390217,985
-41.7913267108961,174.109498289781,4.2,2016-11-16 12:35:46.525904894,985
-42.794974472837815,174.03791391066187,4.2,2016-11-14 14:46:53.428389407,985
-41.85070846949066,174.14785831155592,4.1,2016-11-16 18:45:56.246715145,985
-42.3452235280765,173.66248035479305,4.4,2016-11-14 00:54:14.911954739,985
-38.10945556955724,176.09750807389307,4.7,2016-11-14 11:27:39.635041,986
-37.65667667849544,177.0231201058146,4.3,2016-11-16 01:16:00.718082,986
-45.62131560420439,166.5734219394548,4.6,2016-11-22 17:34:17.124146,986
-38.8119243790176,175.14942394415925,4.5,2016-12-01 08:05:58.199471795,986
-39.02361229988599,174.30533674263236,4.8,2016-11-15 12:03:55.321415676,986
-42.23998082106231,173.80980558203606,4.2,2016-11-20 08:03:40.609745362,986
-41.72231967763698,174.1977857669627,4.1,2016-11-20 03:42:09.129200523,986
-42.17136492555724,174.04031419104257,5.3,2016-11-14 00:54:11.718534362,986
-37.58855492067766,179.40629007403493,4.1,2016-11-14 15:15:35.930587,987
-38.277818547542594,178.42384994002603,4.3,2016-11-19 05:29:18.968705,987
-44.630204026590434,168.2127897315441,4.6,2016-12-12 03:45:28.051283250,987
-42.49849287114947,173.42487063122618,4.2,2016-11-28 19:42:36.176877274,987
-42.13765468164133,173.48932950358574,4.2,2016-11-23 07:39:02.628001489,987
-42.20564977311276,173.60785508267028,4.3,2016-11-28 04:29:44.212368175,987
-42.43063623256139,173.7466895054794,4.2,2016-11-18 16:15:53.896335669,987
-42.293182085205366,173.67345274824197,4.4,2016-12-01 20:07:06.787218779,987
-42.12090218034622,173.57649183933637,4.2,2016-12-09 04:50:16.996257688,987
-42.51899406905788,173.34319227205933,4.7,2016-11-14 00:46:13.200041321,987
-42.53732014221616,173.31924478660383,5.1,2016-11-14 23:42:46.861208465,987
-38.29456646491721,175.91346548995355,4.2,2016-12-08 23:51:35.359177,988
-36.047252285760045,179.31444939044837,4.1,2016-12-05 22:02:11.761054005,988
-42.542352768569074,172.71173546253982,4.2,2016-11-17 08:21:10.256693418,988
-41.60736886389657,174.20704197048028,4.2,2016-11-15 17:17:26.709531608,988
-42.299405827266646,173.68664601130658,4.4,2016-11-15 11:26:58.536340999,988
-41.69662544629459,173.6133166734074,4.1,2016-11-20 11:20:31.941774166,988
-41.78050569179394,174.4045990887257,4.2,2016-12-12 04:35:00.570281841,988
-42.70213598554287,172.89844701613367,4.1,2016-11-23 00:56:47.354122001,988
-42.262662024507335,173.8378570319159,5.1,2016-11-16 01:45:39.065637973,988
-42.37133369656586,173.99172300549506,4.4,2016-11-14 16:30:44.819398467,988
-38.12869529114217,178.94400861653168,4.9,2016-11-22 21:13:57.524739445,989
-41.86143596475159,173.94593719408758,4.2,2016-11-27 13:39:55.369511298,989
-42.37391711453197,173.4928993590194,4.3,2016-11-22 13:50:22.625781311,989
-42.11723686703353,173.5421546401969,4.1,2016-11-14 06:37:33.427587895,989
-41.817253176171576,174.07043086199678,4.1,2016-11-16 02:08:06.479919360,989
-36.90161252350067,179.10892130594925,4.3,2016-11-24 06:49:01.715573638,989
-42.304890075245446,174.2391159718838,4.3,2016-11-16 17:55:00.557116382,989
-38.92827017394114,174.926602654502,4.2,2016-12-06 09:43:31.363329,990
-42.592078993772105,173.05835094602566,4.3,2016-11-19 22:54:06.910564874,990
-42.21559325345119,173.89875130689342,4.7,2016-11-19 05:05:52.675452698,990
-42.71848643633207,172.8904595317964,4.7,2016-11-14 14:32:18.634991668,990
-41.85036512920886,174.05115935207056,6.4,2016-11-14 06:59:53.935984108,990
-38.765150248294056,177.2821435660824,4.6,2016-11-27 07:10:29.028797,991
-38.80378136004955,175.89993285473025,4.2,2016-12-03 14:51:07.869091726,991
-37.149004168509485,179.06785918654123,4.4,2016-12-04 15:29:43.705594656,991
-41.42130131595079,174.6457954460266,4.1,2016-11-15 01:39:15.295690578,991
-42.55817741120949,173.11543145321818,4.2,2016-11-18 10:49:59.611684163,991
-42.33305744666305,173.65010746577758,4.4,2016-11-14 11:48:15.292729653,991
-41.64536268307246,174.08668014320511,4.1,2016-11-16 06:49:37.147905843,991
-42.457788603345456,173.29044139537552,4.7,2016-11-26 17:09:42.896901719,991
-41.70978237785318,174.18927507908313,4.4,2016-11-25 02:11:45.236972005,991
-41.74795909965459,174.23274852965176,4.2,2016-11-14 07:14:55.117567890,991
-42.40873456028385,173.59602039461362,4.9,2016-12-10 19:55:44.212292423,991
-42.34914387843433,173.09158772383586,4.6,2016-11-24 21:38:20.267291144,991
-41.72492718264672,174.2615146387122,4.2,2016-11-14 00:17:06.991373809,991
-42.35507221055469,173.5179589625073,4.1,2016-11-15 15:38:52.970918613,991
-39.50862097965973,174.3657507375395,4.2,2016-11-17 12:35:22.681840,992
-42.72000178321923,173.25188537671391,4.2,2016-12-02 11:34:14.664531680,992
-41.99955519991106,173.7068072758443,4.3,2016-11-21 03:25:35.522457670,992
-41.683738144180005,174.22767313541507,4.2,2016-11-14 12:07:55.403807605,992
-41.72851535455676,174.22946810387722,5.0,2016-11-14 12:57:21.733508448,992
-42.59441305445933,172.89689427939643,4.1,2016-11-14 06:33:17.830118980,992
-41.844214630182265,174.25470325959716,4.4,2016-11-15 12:47:03.257709695,992
-42.247058963089614,173.87597655542004,4.1,2016-11-27 11:04:11.460083409,992
-41.76673299036808,174.2878793241494,4.2,2016-11-14 23:14:00.921611890,992
-42.26850911736583,173.67430934933753,4.7,2016-11-16 08:19:13.072340791,992
-42.09173233519188,172.89610332578624,4.8,2016-11-21 08:06:53.038653917,992
-42.14345851737602,172.8599266263572,4.2,2016-11-30 07:35:43.246634590,992
-37.223831721921385,176.3957623491536,4.9,2016-12-06 22:01:46.620964,993
-37.20518765455018,178.80490237246576,4.1,2016-11-30 06:29:24.117860381,993
-42.18690224597309,173.49280774705628,4.5,2016-11-27 14:43:46.131589114,993
-42.075225012062525,173.7863438798103,4.4,2016-11-21 22:57:20.412021711,993
-41.59821885704645,174.3134657195001,4.5,2016-11-20 07:23:13.032336863,993
-41.75280375481645,174.34224653882228,5.0,2016-11-16 13:30:55.722514989,993
-42.26088132987587,173.81079937293296,4.1,2016-12-06 22:06:02.490646952,993
-42.13557952533174,173.92229188870274,4.4,2016-11-14 03:04:15.819283200,993
-41.72150969107814,174.30981773651672,4.1,2016-12-09 13:39:24.466995673,993
-40.27469800914363,176.3754622528326,5.0,2016-11-24 00:38:04.113698,994
-37.13316475819762,179.13640192034177,4.1,2016-11-30 14:58:04.963117099,994
-42.54590967813495,172.82677666751323,4.7,2016-11-16 23:19:05.989058789,994
-41.81452431848566,174.18096400879736,5.2,2016-12-04 22:41:25.625100154,994
-41.84548148741219,174.46523873101546,4.4,2016-11-20 08:07:30.112247410,994
-42.321324850187175,173.73327177199897,4.2,2016-11-28 16:24:17.567183276,994
-41.854787466974685,173.93641535187197,4.1,2016-11-15 06:31:28.429339524,994
-42.10809932253123,173.8853134878835,4.1,2016-11-17 12:44:01.383411085,994
-36.85756080590203,177.10002335848705,4.1,2016-11-20 23:33:44.173713,995
-38.40345307525078,175.7756675922772,4.1,2016-11-25 03:41:11.181341,995
-40.70979586737883,178.46711984296442,4.3,2016-12-05 02:40:09.853487,995
-42.59232970633272,172.71013204923466,4.2,2016-11-17 10:48:32.606135873,995
-42.61227785211084,172.95265951544047,4.3,2016-11-19 16:35:51.671808656,995
-42.45791338746536,172.96080840289804,4.2,2016-11-20 04:32:37.095499434,995
-41.70530883483623,174.19105332281455,4.3,2016-11-14 23:53:48.500638155,995
-42.670153734075264,172.65489480970976,5.8,2016-12-08 12:14:22.791178503,995
-42.22188504433581,173.66155822733825,4.1,2016-11-15 18:21:21.609105660,995
-41.70947246499433,174.27577125379506,4.1,2016-11-18 07:40:53.188198123,995
-42.661770754295766,172.8034954577368,4.6,2016-11-15 01:57:07.796635334,995
-41.79428614122487,174.39505668981892,4.1,2016-12-09 05:59:11.468794,996
-34.37076928280908,179.2287697343189,4.2,2016-11-26 08:25:34.542486268,996
-37.28463195320095,179.273846530333,4.5,2016-12-09 12:48:33.958388243,996
-42.41642183721523,173.4479574262605,5.2,2016-12-10 18:58:27.517695183,996
-42.468815798939175,173.23244621133955,4.1,2016-11-25 06:32:59.563898286,996
-41.83039202326164,174.0595150001885,5.3,2016-11-14 16:37:56.642279766,996
-41.81805049663094,174.01729507142124,4.3,2016-11-14 02:12:11.497447236,996
-41.71028532958424,174.22069312924805,4.7,2016-11-14 14:13:53.220202423,996
-42.259948942319824,173.58961892508862,4.5,2016-11-14 10:32:51.772198440,996
-42.371003192274095,173.55722608985397,4.5,2016-11-16 06:51:32.524803126,996
-47.911206607264575,165.44686132537788,4.3,2016-11-16 01:15:52.159105,997
-46.86462358870639,165.52233059758075,4.2,2016-11-30 17:35:12.892813,997
-40.582608222813896,174.88814364786714,4.3,2016-12-05 08:05:06.273744,997
-42.54786061210585,172.99745432846055,4.1,2016-11-28 06:46:00.760512421,997
-42.21950677022879,173.80760508003516,4.1,2016-11-19 10:10:43.475190294,997
-41.83688713930762,174.262255462549,4.2,2016-11-19 19:42:12.297401535,997
-41.96091524923697,174.04372387086798,4.1,2016-11-28 15:49:09.188175705,997
-42.31378255287324,173.4915163801304,5.7,2016-11-18 14:04:06.492071313,997
-41.88410627673324,174.00148658342093,4.4,2016-11-14 01:10:53.799612225,997
-44.86942571639212,167.44938770004887,5.2,2016-11-30 01:17:31.072084,998
-36.97324774358568,178.98389463286367,5.0,2016-12-01 07:17:38.756534170,998
-42.35292145956466,173.75295252111275,4.7,2016-11-16 23:25:29.068545936,998
-42.320706958224505,173.54133132874702,4.4,2016-11-14 10:15:22.390742304,998
-42.29100394826703,173.63898398401176,4.4,2016-11-18 23:12:44.287870379,998
-41.79399958569533,174.02157222905262,4.6,2016-11-14 17:50:17.577842641,998
-42.49577345286988,173.90768648099063,4.5,2016-11-25 16:13:23.692299477,998
-41.67318076755117,174.30219225672892,4.5,2016-11-23 21:31:55.409946254,998
-38.66351249674837,175.91792783848243,4.7,2016-11-27 03:11:49.256229,999
-35.61946814217756,179.25130490327922,4.2,2016-12-07 01:30:12.655486,999
-36.84817493634874,177.69958883602175,4.6,2016-12-04 07:46:50.496489782,999
-37.18177925065683,179.0651967660812,5.2,2016-12-04 03:32:57.638684001,999
-36.8925367387504,179.3599231884002,4.4,2016-11-29 21:35:12.353935327,999
-42.83194759839764,171.46359531143707,4.2,2016-11-14 14:45:39.284566197,999
-41.81822789236188,174.2641704481248,5.4,2016-11-20 21:04:17.238023246,999
-41.749871371279326,174.21988062821924,4.5,2016-11-15 01:41:31.550456088,999
-41.81918818743552,173.90981903957106,5.0,2016-12-11 21:12:32.775500975,999
-42.6891150599592,172.76205016961998,5.1,2016-11-14 00:06:45.780217695,999
-41.86124323298182,173.98042292522064,4.9,2016-12-11 22:03:11.481862201,999
